/*
 * SPDX-FileCopyrightText: 2014-2021 Adobe Systems Incorporated
 * SPDX-FileCopyrightText: 2026 Emotivate Lyra contributors
 * SPDX-License-Identifier: OFL-1.1
 *
 * Generated from Source Han Sans CJK SC by
 * tools/generate_lyra_cjk_font.py.  The source font is not shipped.
 * The glyph set is derived from tools/i18n/lyra_i18n_catalog.inc.
 */

#ifdef LV_LVGL_H_INCLUDE_SIMPLE
#include "lvgl.h"
#else
#include "lvgl.h"
#endif

#ifndef LYRA_CJK_16
#define LYRA_CJK_16 1
#endif

#if LYRA_CJK_16

/*-----------------
 *    BITMAPS
 *----------------*/

/*Store the image of the glyphs*/
static LV_ATTRIBUTE_LARGE_CONST const uint8_t glyph_bitmap[] = {
    /* U+4E00 "一" */
    0x3f, 0xff, 0x85, 0x1f, 0xff, 0xc2, 0x80,

    /* U+4E0A "上" */
    0xf, 0xb0, 0xff, 0xff, 0x87, 0x7f, 0x83, 0xfd,
    0xfe, 0xf, 0xff, 0xf8, 0x7e, 0xff, 0x1f, 0xf0,
    0x2b, 0xff, 0x84, 0x0,

    /* U+4E0B "下" */
    0xf, 0xfe, 0x2f, 0xff, 0xf0, 0x81, 0xfe, 0x3f,
    0xe0, 0xff, 0xe6, 0xa1, 0xff, 0xc3, 0xb4, 0x3f,
    0xf8, 0x35, 0x68, 0x7f, 0xca, 0xea, 0xf, 0xfe,
    0xb, 0x87, 0xff, 0x12, 0xf, 0xff, 0xb0,

    /* U+4E0D "不" */
    0xf, 0xfe, 0x2f, 0xff, 0xf0, 0x81, 0xff, 0x17,
    0xf0, 0x7e, 0xd4, 0x1f, 0xfc, 0x8, 0x3f, 0xf8,
    0x52, 0x8b, 0xf, 0xe9, 0xc1, 0x4d, 0xf, 0x6e,
    0x19, 0xe8, 0x15, 0xd8, 0x7d, 0x98, 0x5a, 0x1f,
    0xd4, 0x4, 0x1f, 0xfc, 0x4, 0x3f, 0xfc, 0xa0,

    /* U+4E13 "专" */
    0xf, 0xa0, 0xff, 0xe0, 0xa1, 0xfe, 0xbe, 0x9f,
    0xe8, 0x2b, 0xd1, 0x7f, 0x41, 0xf2, 0x83, 0xf7,
    0xe9, 0xff, 0xa2, 0xb1, 0x5f, 0xc2, 0xc2, 0xff,
    0x7, 0x4f, 0xfc, 0x87, 0x7f, 0xc2, 0x83, 0xfe,
    0xd8, 0x3c, 0xa0, 0xb6, 0xf, 0x9f, 0xcc, 0x1f,
    0xd7, 0x2a, 0xf, 0xf9, 0xb2, 0xf, 0xfe, 0xd,
    0x2,

    /* U+4E26 "並" */
    0xf, 0xfe, 0x3b, 0x87, 0xb4, 0x3c, 0xa8, 0x32,
    0x21, 0xf4, 0x1d, 0x40, 0xeb, 0xe7, 0xf1, 0x7a,
    0x5, 0xf4, 0x78, 0xfd, 0x4, 0x87, 0xf9, 0xd,
    0xa1, 0xf9, 0xc3, 0x50, 0x3f, 0x58, 0x7f, 0xf0,
    0xd0, 0xe5, 0x7, 0xa4, 0x3d, 0x87, 0xe8, 0x3c,
    0xa0, 0xf4, 0x1d, 0xfa, 0x3c, 0x7f, 0x2, 0xbf,
    0xf8, 0x40,

    /* U+4E2A "个" */
    0xf, 0xc8, 0x7f, 0xf0, 0xbc, 0x1f, 0xfc, 0x19,
    0x60, 0xff, 0xa2, 0xe4, 0x3f, 0xb2, 0x7, 0x40,
    0xf3, 0xb1, 0xa6, 0xe8, 0x5d, 0xc1, 0xee, 0xa0,
    0x58, 0x7f, 0x3e, 0x2, 0x1f, 0xfc, 0x4, 0x3f,
    0xff, 0xe1, 0xff, 0xca,

    /* U+4E2D "中" */
    0xf, 0xb0, 0xff, 0xe4, 0xff, 0x8f, 0xe8, 0x15,
    0xc5, 0x72, 0x5, 0xe1, 0x78, 0x3f, 0xfa, 0xe8,
    0x72, 0x17, 0xe8, 0xfd, 0x1, 0xfe, 0x3f, 0x92,
    0xf, 0xfa, 0xf, 0xfe, 0xf0,

    /* U+4E3A "为" */
    0x2, 0x16, 0x1f, 0xec, 0x3f, 0xf8, 0xa, 0xf,
    0xf3, 0x42, 0xca, 0xf2, 0xbf, 0x27, 0xf2, 0x5,
    0xc2, 0xfc, 0x1e, 0x74, 0x32, 0x1f, 0x26, 0x1f,
    0xd2, 0x2a, 0x9, 0x9, 0x50, 0x24, 0x3e, 0xa0,
    0x6c, 0x3d, 0xa8, 0x3f, 0x9d, 0x83, 0xe9, 0x3a,
    0x7, 0x5e, 0x62, 0x43, 0xd7, 0xc0,

    /* U+4E49 "义" */
    0xf, 0x90, 0xff, 0xe1, 0xc1, 0xff, 0x21, 0x30,
    0x54, 0xe, 0x82, 0x90, 0x98, 0x39, 0x41, 0x20,
    0x50, 0x7a, 0x81, 0x40, 0xb0, 0xf9, 0x41, 0x91,
    0xf, 0xa8, 0x85, 0x61, 0xfd, 0x40, 0x68, 0x7f,
    0x95, 0xcc, 0x1f, 0xf4, 0x30, 0x7f, 0xf0, 0x35,
    0x68, 0x7f, 0x3d, 0x78, 0x3d, 0x7c, 0x81, 0xde,
    0xb, 0x38, 0x3d, 0xc6, 0xe, 0xf, 0xe6, 0xc0,

    /* U+4E50 "乐" */
    0xf, 0xf2, 0xa8, 0x1d, 0xff, 0xe8, 0x32, 0x7f,
    0xa8, 0x87, 0x90, 0xd0, 0x7f, 0xf0, 0xd0, 0xfe,
    0xf0, 0x7f, 0xf0, 0x90, 0xff, 0xe2, 0x5f, 0x8f,
    0xf0, 0x5f, 0xe3, 0xfc, 0x1c, 0x87, 0xff, 0xb,
    0xf, 0x9c, 0x3a, 0x50, 0x79, 0xb0, 0x95, 0x7,
    0xe5, 0x40, 0xb0, 0xc8, 0x74, 0x16, 0x15, 0xc8,
    0x74, 0x0,

    /* U+4E86 "了" */
    0xf, 0xfe, 0x1f, 0xff, 0xf0, 0x1, 0xff, 0xd1,
    0x7, 0xfa, 0x9a, 0x1f, 0x9c, 0xc3, 0xf9, 0xb8,
    0x3f, 0xff, 0xe1, 0xff, 0xd2, 0x7d, 0x40, 0xf0,

    /* U+4E8E "于" */
    0xf, 0xfe, 0x37, 0xff, 0xf0, 0x3, 0x7f, 0x4f,
    0xf0, 0x7f, 0xf9, 0xff, 0xd3, 0xfe, 0x7, 0xfa,
    0x7f, 0xc1, 0xff, 0xfc, 0xc3, 0xff, 0x81, 0x79,
    0xc3, 0xe0,

    /* U+4EA4 "交" */
    0xf, 0x90, 0xff, 0xe1, 0xc8, 0x7f, 0xf0, 0xac,
    0x3f, 0x7f, 0xa7, 0xfc, 0xf, 0xd7, 0xeb, 0xf0,
    0x77, 0x83, 0x78, 0x3e, 0xd8, 0x35, 0x34, 0x27,
    0xa2, 0x1a, 0x79, 0x3, 0x24, 0x19, 0x6, 0x19,
    0x5, 0x82, 0x42, 0x43, 0xca, 0xa3, 0x7, 0xfd,
    0x2b, 0xf, 0xf9, 0xd5, 0xa1, 0xf9, 0xeb, 0x77,
    0x21, 0x7d, 0x68, 0x5c, 0x58, 0x3d, 0x21, 0xe6,
    0xf0,

    /* U+4EA7 "产" */
    0xf, 0xfe, 0x54, 0x87, 0xff, 0x7, 0x90, 0xfb,
    0xfa, 0x2f, 0xc8, 0x3d, 0x3f, 0xc7, 0x90, 0xcb,
    0x4, 0xa0, 0xfd, 0x6, 0xb0, 0xef, 0xa9, 0xf1,
    0x7a, 0xa, 0xff, 0xf4, 0x12, 0x1f, 0xfd, 0xe4,
    0x3f, 0xf8, 0x5a, 0x1f, 0xfc, 0x16, 0xf, 0xfe,
    0xc, 0x1f, 0xfc, 0x10,

    /* U+4EAE "亮" */
    0xf, 0x90, 0xff, 0xe1, 0x70, 0x7d, 0xfe, 0x57,
    0xf8, 0xff, 0xfe, 0x10, 0x5f, 0xfe, 0xf, 0x5f,
    0xe8, 0x3e, 0xbf, 0xd0, 0x7b, 0xff, 0xc1, 0x5f,
    0xff, 0xc0, 0x81, 0x7f, 0xfa, 0x9, 0x7, 0xf8,
    0x2c, 0x80, 0x9f, 0x82, 0x50, 0x6d, 0xf, 0xd0,
    0x53, 0x7, 0xe4, 0xb3, 0xf, 0x7d, 0x17, 0x7,
    0xbf, 0x20,

    /* U+4EBA "人" */
    0xf, 0xa4, 0x3f, 0xf8, 0x48, 0x7f, 0xf5, 0x30,
    0xff, 0xe8, 0xa2, 0x1f, 0xfc, 0x1d, 0x10, 0xff,
    0xe0, 0x34, 0xc3, 0xfe, 0x40, 0xa0, 0xff, 0xa8,
    0x6, 0xf, 0xe8, 0x41, 0x28, 0x3e, 0x9c, 0x37,
    0x21, 0xd3, 0x87, 0xa8, 0x85, 0xb8, 0x7c, 0xf6,
    0xb, 0xf, 0xf7, 0x0,

    /* U+4ECB "介" */
    0xf, 0xd0, 0x7f, 0xf0, 0xa4, 0x3f, 0xf8, 0x33,
    0x61, 0xff, 0x4e, 0xda, 0x1f, 0xb3, 0x3, 0x50,
    0x75, 0xb0, 0x67, 0x38, 0x19, 0xc8, 0x73, 0x42,
    0x38, 0x60, 0xe8, 0x68, 0x1f, 0xfd, 0x8d, 0xf,
    0xfe, 0x13, 0x87, 0xff, 0x6, 0x10, 0xff, 0xe0,
    0x4e, 0x1f, 0xfc, 0x5, 0x61, 0xff, 0xc0,

    /* U+4ECD "仍" */
    0xf, 0xfe, 0x36, 0x87, 0xff, 0x9, 0xff, 0x90,
    0xd2, 0x78, 0xf8, 0x43, 0x30, 0x7f, 0xf0, 0x30,
    0xfc, 0xa0, 0xa0, 0xe4, 0x2d, 0xf3, 0xe0, 0xe4,
    0x17, 0x91, 0xe, 0xc3, 0xff, 0x87, 0x87, 0x21,
    0xf2, 0x83, 0xc8, 0x72, 0x83, 0xff, 0x83, 0x61,
    0xff, 0xc0, 0x94, 0x1c, 0xa0, 0xca, 0x82, 0x7d,
    0x61, 0x6e, 0x19, 0xf9, 0x0,

    /* U+4ECE "从" */
    0xf, 0xfe, 0x46, 0x86, 0x90, 0xff, 0xe6, 0xa1,
    0x90, 0xff, 0xe2, 0x21, 0xff, 0xcd, 0x43, 0xff,
    0x82, 0x90, 0x48, 0x87, 0xdb, 0x60, 0xcc, 0x3e,
    0x74, 0x47, 0x43, 0xf2, 0x72, 0x5, 0x7, 0x21,
    0xba, 0x14, 0xe, 0xa0, 0x48, 0x81, 0x82, 0x84,
    0xd, 0x2, 0x98, 0xe, 0x14, 0xa0, 0xda, 0xc,
    0x37, 0x7, 0xb0,

    /* U+4ED8 "付" */
    0xf, 0xfe, 0x44, 0x87, 0xb0, 0xf9, 0x41, 0xff,
    0xc1, 0x90, 0xff, 0xe1, 0x34, 0xff, 0x1e, 0xb,
    0x5, 0xfe, 0x3c, 0x9, 0xf, 0xfe, 0x13, 0x4,
    0xc1, 0xfd, 0x86, 0x58, 0x3f, 0xf8, 0x5c, 0x1f,
    0xfc, 0x36, 0xf, 0xfe, 0x15, 0x3, 0xff, 0xc4,
    0xfc, 0x84,

    /* U+4EE3 "代" */
    0xf, 0xfe, 0x43, 0x1, 0xc5, 0x7, 0xd6, 0x4,
    0xf, 0x7, 0x4a, 0xf, 0x42, 0x19, 0x83, 0xf4,
    0x85, 0x87, 0x25, 0x3e, 0x6, 0x83, 0xf0, 0x3f,
    0x13, 0x3, 0xe9, 0xd0, 0xd4, 0xf, 0xd8, 0x7f,
    0xf0, 0xb0, 0xff, 0xe1, 0xa8, 0x3f, 0xf8, 0x88,
    0x10, 0xff, 0xa8, 0xd, 0xf, 0xf2, 0xb5, 0x83,
    0xfe, 0x99, 0xd, 0x87, 0xeb, 0x80,

    /* U+4EE5 "以" */
    0xf, 0xfe, 0x2a, 0x1f, 0xa8, 0x1a, 0x5, 0x3,
    0xb0, 0xfa, 0x50, 0x48, 0x7f, 0x50, 0x32, 0x1f,
    0x96, 0xf, 0xfe, 0xc, 0x87, 0xff, 0x11, 0x41,
    0xff, 0xc1, 0xb0, 0xfe, 0x43, 0x21, 0xf3, 0xe0,
    0x41, 0xe4, 0xfa, 0x15, 0x61, 0xa7, 0x80, 0xdb,
    0x61, 0x70, 0x54, 0xc0, 0xd8, 0x7b, 0x30, 0xcb,
    0x7, 0x70, 0x7a, 0x40,

    /* U+4EEE "仮" */
    0xf, 0xfe, 0x46, 0x1e, 0x6d, 0xc, 0x82, 0xfa,
    0xf9, 0xd, 0x41, 0xfa, 0x88, 0x72, 0x21, 0xff,
    0xc1, 0x83, 0x21, 0xfd, 0x87, 0x5f, 0xe4, 0x4c,
    0x36, 0x7e, 0x11, 0xc3, 0xca, 0x2, 0x1f, 0xf5,
    0x1, 0x40, 0xff, 0x9a, 0x28, 0x3e, 0x50, 0x25,
    0x41, 0xfa, 0xc0, 0x82, 0xf, 0x91, 0x5d, 0xe7,
    0x43, 0xb8, 0xa6, 0xe, 0x81, 0xb9, 0x34, 0x33,
    0x80,

    /* U+4EF6 "件" */
    0xf, 0xfe, 0x46, 0x4, 0x70, 0xfc, 0x81, 0x83,
    0xfe, 0xa1, 0xa1, 0xfe, 0x44, 0x57, 0x1f, 0x21,
    0x40, 0x4f, 0x47, 0xc8, 0x20, 0xb8, 0x3f, 0xce,
    0xd, 0xf, 0xf6, 0x12, 0x1f, 0xfc, 0x3f, 0xd1,
    0xf8, 0x3d, 0xfa, 0x3f, 0x7, 0xff, 0xd4,

    /* U+4EFB "任" */
    0xe, 0x43, 0xff, 0x85, 0x87, 0x37, 0x90, 0xc8,
    0x2f, 0xa2, 0xd0, 0xd4, 0x7e, 0x99, 0xe, 0x84,
    0x43, 0xfc, 0xa0, 0xff, 0xe1, 0x50, 0x3f, 0xf8,
    0x2c, 0x82, 0xb9, 0xac, 0xb0, 0x5f, 0x93, 0xf2,
    0x1c, 0xbb, 0x5e, 0xf, 0xff, 0x7a, 0x1f, 0xe7,
    0xe8, 0xfc, 0x0,

    /* U+4EFD "份" */
    0xf, 0xfe, 0x46, 0x82, 0x45, 0x7, 0x91, 0x2,
    0x81, 0x7, 0xa8, 0x9, 0x2, 0x1e, 0x44, 0xc,
    0x15, 0x3, 0x41, 0x48, 0x65, 0x81, 0x5, 0x30,
    0x75, 0x11, 0xc2, 0xbf, 0xd4, 0x6, 0x14, 0xf3,
    0xf0, 0xa0, 0xfd, 0x84, 0x87, 0xfc, 0xe1, 0x21,
    0xff, 0x21, 0xff, 0xc1, 0xe0, 0xbc, 0x1f, 0xa5,
    0x4, 0x87, 0xe8, 0x81, 0xe5, 0x7, 0x65, 0x2,
    0xf4, 0x10,

    /* U+4F1A "会" */
    0xf, 0xfe, 0x5b, 0x87, 0xff, 0xa, 0x20, 0xff,
    0x9e, 0xd8, 0x3f, 0xaa, 0x4c, 0xd0, 0xe7, 0x64,
    0x29, 0xb4, 0x1d, 0x6f, 0xe7, 0xa2, 0x79, 0x5f,
    0xf0, 0xe8, 0x7f, 0xf1, 0x5f, 0xff, 0xe0, 0x81,
    0xfc, 0x5f, 0xf0, 0x7b, 0x50, 0x28, 0x1f, 0xb6,
    0xa, 0x20, 0xf6, 0x6a, 0xa9, 0x50, 0x64, 0x1f,
    0xf9, 0x41, 0x3e, 0xa9, 0x60, 0x68,

    /* U+4F47 "佇" */
    0xf, 0xfe, 0x46, 0x1a, 0x43, 0xf2, 0x83, 0x58,
    0x7e, 0xbb, 0xf3, 0xf8, 0x24, 0x4b, 0xfe, 0xd,
    0x7, 0xff, 0xa, 0xa, 0x43, 0xec, 0xe, 0xf,
    0xff, 0x26, 0x17, 0xe8, 0xfc, 0x87, 0xff, 0xfc,
    0x3f, 0xf8, 0x1e, 0xa0, 0x7e, 0xc2, 0xf9, 0xe,

    /* U+4F4D "位" */
    0xf, 0xfe, 0x44, 0x85, 0xa1, 0xfc, 0xa0, 0xac,
    0x3f, 0x48, 0x7f, 0xf0, 0x98, 0xfa, 0x7e, 0x42,
    0xc2, 0xff, 0xc8, 0x20, 0xec, 0x36, 0x84, 0xe1,
    0xfe, 0x42, 0xc3, 0x94, 0x1f, 0xfc, 0x3c, 0xa,
    0xf, 0xf6, 0x16, 0x1f, 0xf2, 0x82, 0xc3, 0xff,
    0x84, 0xa0, 0xff, 0xb1, 0xf, 0xf5, 0xfa, 0x3e,
    0x0,

    /* U+4F4E "低" */
    0xf, 0xfe, 0x46, 0x1c, 0xde, 0xe, 0x41, 0x7d,
    0x3e, 0xe, 0xa0, 0xde, 0x83, 0xe4, 0x40, 0x81,
    0xf, 0xa0, 0xff, 0xe1, 0x41, 0xff, 0xc2, 0x56,
    0x1b, 0xf1, 0xf0, 0xe1, 0xdf, 0x8f, 0x83, 0xff,
    0x80, 0xa0, 0xff, 0xe9, 0x78, 0x3f, 0xf8, 0x3a,
    0x85, 0x7, 0xd4, 0x5d, 0xc8, 0x72, 0x73, 0x12,
    0x83, 0x63, 0xa1, 0x25, 0x0,

    /* U+4F53 "体" */
    0xf, 0xfe, 0x46, 0x19, 0x83, 0xf2, 0x1f, 0xfc,
    0x3a, 0x7, 0xff, 0x5, 0x1f, 0xd3, 0xf9, 0x4,
    0xf, 0xa0, 0x3f, 0x26, 0x87, 0x4b, 0x7, 0x30,
    0x65, 0x65, 0x3, 0x41, 0xd4, 0x2, 0x83, 0xfa,
    0x43, 0x58, 0x7c, 0xa8, 0x32, 0x41, 0xcd, 0x3d,
    0x3e, 0x94, 0x19, 0xdf, 0x4f, 0x9d, 0xf, 0xfe,
    0xa0,

    /* U+4F59 "余" */
    0xf, 0xd0, 0x7f, 0xf0, 0xb5, 0x7, 0xff, 0x3,
    0xba, 0x7, 0xf3, 0xc9, 0x90, 0x7d, 0x4d, 0xa,
    0x38, 0x2b, 0x5, 0x78, 0x8d, 0x7, 0x4f, 0x9f,
    0x9a, 0x24, 0x5, 0x80, 0xb0, 0x10, 0xff, 0xe3,
    0xff, 0x47, 0xf4, 0x17, 0xf4, 0x7f, 0x41, 0xda,
    0x1d, 0xa1, 0xee, 0x43, 0xba, 0x4, 0xf2, 0x1f,
    0x64, 0x7, 0x4b, 0x90, 0xd4, 0xf, 0x5e, 0x83,
    0xe0,

    /* U+4F5C "作" */
    0xc, 0x84, 0x87, 0xfd, 0x20, 0x83, 0xfc, 0x88,
    0xa0, 0xff, 0x50, 0x13, 0xfe, 0x9, 0x11, 0x59,
    0xfc, 0x14, 0x15, 0x3, 0xfb, 0x41, 0x21, 0xff,
    0x41, 0x41, 0x7f, 0x3, 0xa, 0xd, 0xfc, 0x1f,
    0xfc, 0xff, 0xe0, 0xff, 0xbf, 0x83, 0xff, 0xca,

    /* U+4F7F "使" */
    0xf, 0xfe, 0x46, 0x84, 0xc1, 0xf9, 0x2f, 0xa7,
    0xf2, 0x15, 0x3f, 0x2b, 0xf2, 0x8, 0x43, 0x61,
    0xf2, 0x80, 0xfd, 0x3f, 0x81, 0x40, 0x9f, 0x4f,
    0xc1, 0x48, 0x7f, 0xf0, 0x90, 0xcd, 0x4d, 0x30,
    0xf9, 0xa9, 0x54, 0xf0, 0x7d, 0x1, 0xc3, 0xfe,
    0xf4, 0x21, 0xff, 0xc0, 0x91, 0xf, 0xfa, 0xb7,
    0xa4, 0x3e, 0xf9, 0x57, 0xe0,

    /* U+4FC4 "俄" */
    0xf, 0xfe, 0x46, 0x13, 0x38, 0x87, 0x4a, 0xbe,
    0xa, 0xe, 0x7e, 0x25, 0x2, 0xc2, 0x86, 0x43,
    0xca, 0x9, 0x41, 0x91, 0xa, 0x6, 0x7, 0xc5,
    0xc7, 0xc2, 0x43, 0xe3, 0xe3, 0xd0, 0xe1, 0xff,
    0x41, 0xf9, 0x3c, 0x8b, 0x7, 0x5e, 0x3c, 0xab,
    0xf, 0x5c, 0x1c, 0x87, 0xff, 0x7, 0x11, 0x83,
    0xfb, 0x66, 0x30, 0xef, 0x27, 0x13, 0x20, 0x63,
    0xd0, 0x77, 0x80,

    /* U+4FDD "保" */
    0xc, 0x87, 0xff, 0xe, 0x3f, 0xf0, 0x74, 0x83,
    0xfc, 0x1e, 0x60, 0xff, 0xe0, 0xc1, 0xff, 0xc2,
    0x50, 0x6f, 0xf0, 0x4d, 0x2, 0xfa, 0x3e, 0x3,
    0x21, 0xe4, 0x3e, 0x42, 0xad, 0x95, 0x83, 0xd5,
    0x60, 0x6a, 0xf, 0xea, 0xa, 0xf, 0xf7, 0x25,
    0x3, 0xfb, 0x50, 0x5e, 0x43, 0xdd, 0x3, 0xb8,
    0x3d, 0xa1, 0xf6, 0x0,

    /* U+4FE1 "信" */
    0xc, 0x86, 0x43, 0xfd, 0x6, 0x90, 0xfd, 0x21,
    0xac, 0x3f, 0x37, 0xe9, 0xfc, 0x12, 0xf, 0xff,
    0x5, 0x5, 0x5f, 0x82, 0x90, 0xab, 0xf0, 0x4c,
    0x1f, 0xfc, 0x2c, 0x35, 0xff, 0x7, 0xeb, 0xfe,
    0xf, 0xdf, 0xf8, 0x3f, 0xbf, 0xc1, 0xff, 0xde,
    0xff, 0x7, 0xb0, 0x7f, 0xe0, 0x0,

    /* U+4FEE "修" */
    0xc, 0x86, 0x43, 0xf9, 0xc2, 0x60, 0xfe, 0xb0,
    0xa3, 0xf4, 0x1c, 0x82, 0x2f, 0x9c, 0x28, 0x25,
    0x70, 0x16, 0x9, 0x46, 0x65, 0xd3, 0xb, 0x42,
    0x43, 0x28, 0x25, 0x61, 0x3e, 0x3f, 0x95, 0x6,
    0x7c, 0xd1, 0xf2, 0x1f, 0xaf, 0x42, 0x1f, 0xef,
    0x36, 0x87, 0xfd, 0x7c, 0x41, 0xe4, 0x1d, 0xab,
    0xc1, 0xe8, 0x13, 0x66, 0x87, 0xee, 0xed, 0x8,

    /* U+500B "個" */
    0xd, 0x87, 0xff, 0x5, 0x7, 0xff, 0x5, 0x40,
    0x7f, 0xc1, 0xc8, 0x74, 0x1e, 0x83, 0xe4, 0x39,
    0x41, 0x9f, 0x1e, 0x41, 0x21, 0x9f, 0x1e, 0x45,
    0x61, 0xff, 0xc0, 0x64, 0x3a, 0x8d, 0x3, 0xfe,
    0xa8, 0x3f, 0xf9, 0xff, 0x7, 0xfd, 0x7d, 0x7,
    0xf7, 0xfc, 0x1f, 0xbf, 0xe0, 0xd8, 0x30, 0xfb,

    /* U+503C "值" */
    0xf, 0xfe, 0x46, 0x84, 0xe1, 0xf9, 0x3f, 0x47,
    0xe0, 0xdd, 0x3e, 0x6f, 0xc1, 0x2c, 0x19, 0x41,
    0xf4, 0x15, 0xe3, 0xf0, 0x58, 0x75, 0xfc, 0x19,
    0xc3, 0x5f, 0xc1, 0xa0, 0xeb, 0xf8, 0x3f, 0xd7,
    0xf0, 0x7f, 0xaf, 0xe0, 0xff, 0xe7, 0x57, 0x83,
    0xfd, 0x5e, 0xf, 0xdb, 0x7f, 0x1a,

    /* U+505C "停" */
    0xf, 0xfe, 0x46, 0x19, 0xc3, 0xf2, 0x5f, 0x47,
    0xe4, 0x2a, 0xbf, 0xf9, 0x2, 0x23, 0xff, 0x6,
    0x83, 0x3f, 0xc1, 0xa0, 0xe7, 0xf8, 0x3b, 0x9,
    0xff, 0x82, 0x82, 0xff, 0xf2, 0x1e, 0xff, 0xc8,
    0x7a, 0x7f, 0xf2, 0x1c, 0xaf, 0x8f, 0x90, 0xff,
    0xee, 0x3e, 0x43, 0xf6, 0x13, 0xe8, 0x38,

    /* U+5075 "偵" */
    0xf, 0xfe, 0x44, 0x84, 0xe1, 0xfc, 0xa0, 0xef,
    0xc8, 0x5c, 0x1e, 0xfc, 0x81, 0x13, 0xe8, 0xf8,
    0x34, 0x1b, 0xfc, 0x1b, 0x83, 0xff, 0x82, 0xb0,
    0x6e, 0xb8, 0x26, 0xe, 0xeb, 0x83, 0xfd, 0xfe,
    0xf, 0xf7, 0xf8, 0x3f, 0xdf, 0xe0, 0xfe, 0xf3,
    0xf5, 0x87, 0xe7, 0xc1, 0x79, 0xf, 0x7c, 0x85,
    0x50, 0x6c, 0xe0, 0xf3, 0x80,

    /* U+5099 "備" */
    0xf, 0xfe, 0x46, 0x16, 0x6, 0xf, 0x55, 0xe3,
    0xd3, 0xe0, 0xca, 0xbc, 0x7a, 0x7c, 0x12, 0x1f,
    0xfc, 0x39, 0x3e, 0x3d, 0x3e, 0x4c, 0x2f, 0x1f,
    0xf2, 0x30, 0x1c, 0xff, 0x40, 0x81, 0x43, 0xe3,
    0xd0, 0x7b, 0xc2, 0x1d, 0x87, 0x90, 0x54, 0x51,
    0xf, 0xee, 0x85, 0x41, 0xfd, 0xf1, 0xe8, 0x3f,
    0xbe, 0x3d, 0x7, 0xff, 0x9, 0xb0,

    /* U+50A8 "储" */
    0xf, 0xfe, 0x3e, 0x1e, 0xc2, 0x42, 0x5b, 0x7,
    0x8e, 0x81, 0xbc, 0xd0, 0xf1, 0x8a, 0x9, 0x43,
    0x7, 0x30, 0x58, 0x79, 0x44, 0x4, 0x40, 0xf8,
    0x7c, 0x2b, 0xc0, 0xc7, 0x3, 0xf, 0x50, 0x87,
    0xda, 0xbe, 0x43, 0xf6, 0x9f, 0x21, 0xfd, 0xc1,
    0xff, 0xc5, 0xf9, 0xf, 0xd6, 0xf, 0x90, 0xfe,
    0xc1, 0xf2, 0x1f, 0x70, 0x5f, 0x21, 0xb0, 0xf6,
    0x14, 0x80,

    /* U+50BE "傾" */
    0x9, 0xf, 0xfe, 0x1c, 0x15, 0xff, 0x4, 0x83,
    0x2f, 0x8f, 0x82, 0xa0, 0x79, 0x41, 0xf2, 0x1a,
    0xe7, 0xd0, 0x20, 0xd2, 0x5f, 0x40, 0x50, 0x69,
    0x2f, 0xa0, 0x58, 0x7d, 0x7d, 0x3, 0xf, 0xfe,
    0x65, 0xf4, 0x1f, 0xa4, 0xbe, 0x83, 0xc9, 0xa5,
    0xf4, 0x1e, 0x74, 0xa7, 0xae, 0xf, 0xea, 0x5,
    0xa1, 0xfb, 0xe0, 0x3c, 0x16, 0x1b, 0x43, 0xb0,

    /* U+50CF "像" */
    0xf, 0xfe, 0x46, 0x8e, 0x1f, 0xe4, 0x48, 0xf9,
    0xf, 0x50, 0xef, 0x2c, 0x1c, 0x83, 0x2f, 0x2b,
    0xe0, 0xa1, 0x8f, 0x8f, 0x82, 0xd0, 0x25, 0x32,
    0x98, 0x4c, 0x17, 0x95, 0xd3, 0xc0, 0x83, 0x54,
    0xa0, 0x50, 0x3d, 0x78, 0x14, 0xf4, 0x1e, 0x8b,
    0xc0, 0x70, 0xfb, 0xd5, 0x2, 0x43, 0xee, 0x7a,
    0x2, 0xc3, 0xd6, 0x66, 0x6, 0x81, 0xde, 0x56,
    0xc0, 0x60,

    /* U+5132 "儲" */
    0xf, 0xfe, 0x3e, 0x28, 0x26, 0x4, 0x12, 0x87,
    0x5, 0xb2, 0x82, 0xf5, 0x9, 0xb6, 0xe0, 0x95,
    0x59, 0xc, 0xa0, 0x41, 0xfe, 0xe0, 0x28, 0xd,
    0x4f, 0x25, 0xbc, 0x7, 0xe7, 0x57, 0xcc, 0x87,
    0xda, 0xbe, 0xf, 0x2d, 0x27, 0xc1, 0xeb, 0xf4,
    0x1f, 0xf5, 0xa1, 0x7c, 0x1f, 0xfc, 0x1f, 0x83,
    0xee, 0x43, 0x90, 0xfb, 0xc8, 0x54, 0xc0,

    /* U+5141 "允" */
    0xf, 0xfe, 0x56, 0x87, 0xff, 0x6, 0x10, 0xff,
    0xe0, 0xb8, 0x1c, 0x3f, 0xb8, 0x25, 0x41, 0xf4,
    0xa0, 0xd3, 0x7, 0x49, 0x4f, 0xc2, 0x83, 0x91,
    0x3c, 0x7a, 0x81, 0xaa, 0x30, 0xe7, 0xf, 0xc8,
    0x7f, 0xf4, 0x64, 0x3f, 0x41, 0x95, 0x7, 0xe4,
    0x26, 0x81, 0xff, 0x3d, 0xa1, 0x9f, 0xd0, 0xf8,
    0x3d, 0x7e, 0x40,

    /* U+5143 "元" */
    0xf, 0xfe, 0x35, 0xff, 0xe8, 0x35, 0xff, 0xe8,
    0x3f, 0xfa, 0xff, 0xff, 0xc2, 0x7, 0xe2, 0xf2,
    0xbf, 0x7, 0xc8, 0x58, 0x7f, 0xf3, 0x64, 0x3f,
    0xf8, 0x4e, 0x1f, 0xa0, 0xd0, 0x87, 0xe4, 0x29,
    0xc3, 0xb0, 0xf6, 0x61, 0xdb, 0xf2, 0xe, 0xf,
    0x3f, 0xa0,

    /* U+5148 "先" */
    0xd, 0x2, 0x81, 0xfe, 0x43, 0xff, 0x87, 0xbe,
    0x57, 0xf0, 0x73, 0xf2, 0xbf, 0x83, 0x70, 0x7f,
    0xf0, 0x94, 0x1f, 0xfc, 0x17, 0x5c, 0x5, 0xf0,
    0x2b, 0xca, 0xaf, 0x3, 0xf1, 0xf4, 0xfe, 0xf,
    0xfe, 0x4a, 0x83, 0xff, 0x85, 0x61, 0xfb, 0x9,
    0xe4, 0x3f, 0xee, 0x88, 0x65, 0x7c, 0x83, 0xc8,
    0x7b, 0xf4, 0x0,

    /* U+5165 "入" */
    0xf, 0xfe, 0x4e, 0x1f, 0xfc, 0x37, 0xf, 0xfe,
    0x15, 0x30, 0xff, 0xe1, 0x24, 0x1f, 0xfc, 0x34,
    0x3f, 0xf8, 0x6c, 0x1f, 0xfc, 0x9, 0x94, 0x1f,
    0xf3, 0x94, 0xf, 0xf4, 0x22, 0x21, 0xfc, 0xc1,
    0x50, 0x3f, 0x6a, 0x9, 0x20, 0xf6, 0x41, 0xdb,
    0x4, 0xe6, 0x1f, 0x6e, 0x9, 0xc3, 0xfb, 0xb,
    0x83, 0xfe, 0xc0,

    /* U+5167 "內" */
    0xf, 0xfe, 0x35, 0x3, 0xff, 0x81, 0x28, 0x3f,
    0xf8, 0x1c, 0x1f, 0xbf, 0x8f, 0xf0, 0x5f, 0x81,
    0xf8, 0x3f, 0x94, 0x1f, 0xea, 0x70, 0x7f, 0x2e,
    0x10, 0xf9, 0xb0, 0x72, 0x1d, 0x4c, 0x35, 0x41,
    0xac, 0x39, 0xe0, 0xff, 0xed, 0xbe, 0x40,

    /* U+5168 "全" */
    0xf, 0x94, 0x1f, 0xfc, 0x2a, 0x7, 0xff, 0x7,
    0xa6, 0x87, 0xfb, 0x95, 0x44, 0x3e, 0x79, 0x3,
    0xd0, 0x3a, 0xa4, 0x3b, 0x70, 0xb1, 0xeb, 0xe6,
    0xd3, 0xa7, 0xc0, 0xfc, 0xe8, 0x65, 0xb1, 0x70,
    0x7f, 0xf2, 0xaf, 0xa7, 0xf0, 0x7a, 0xf9, 0x5f,
    0x83, 0xfd, 0x87, 0xff, 0x36, 0xfe, 0x9f, 0xf0,

    /* U+516C "公" */
    0xe, 0x83, 0x41, 0xfc, 0xa0, 0xca, 0xf, 0xd4,
    0xd, 0x40, 0xfa, 0x10, 0xca, 0x83, 0x95, 0x87,
    0xa6, 0xd, 0x40, 0xb4, 0x2d, 0x81, 0xa8, 0x10,
    0x86, 0x90, 0x70, 0x4c, 0x1c, 0xe1, 0xe9, 0x40,
    0x43, 0xf9, 0x50, 0x5c, 0x1f, 0xa8, 0x1a, 0x50,
    0x7b, 0x50, 0x4b, 0x41, 0xd0, 0xfe, 0xb1, 0xc3,
    0x5f, 0xf5, 0x42, 0x1f, 0xfc, 0x2d, 0x0,

    /* U+5173 "关" */
    0xf, 0xfe, 0x46, 0x1e, 0xd0, 0xf9, 0x83, 0x2c,
    0x1f, 0x48, 0x6a, 0x7, 0xbe, 0x3f, 0x1f, 0x6,
    0xfe, 0x57, 0xf0, 0x7f, 0xf5, 0xff, 0xca, 0xff,
    0x3, 0xfc, 0xb, 0xf8, 0x3e, 0x4a, 0x7, 0xfc,
    0xd1, 0x50, 0x7f, 0x54, 0x93, 0x87, 0x9d, 0xd0,
    0xb7, 0x82, 0xe9, 0x87, 0xac, 0xc1, 0xe4, 0x3f,
    0xac,

    /* U+5176 "其" */
    0xd, 0x87, 0xb0, 0xf2, 0x85, 0xf0, 0xa0, 0x9e,
    0x3f, 0xc5, 0xc0, 0x6c, 0xaf, 0x1d, 0x3, 0xdf,
    0xe0, 0xff, 0x7f, 0x83, 0xff, 0x9d, 0xfe, 0xf,
    0xf7, 0xf8, 0x3f, 0xf9, 0x5f, 0x1f, 0xe3, 0xe0,
    0x7e, 0x6f, 0x53, 0xf0, 0x6b, 0x10, 0x3e, 0x83,
    0x59, 0xc1, 0xaf, 0xa0, 0x5c, 0x1f, 0x9e, 0x0,

    /* U+5178 "典" */
    0xf, 0x60, 0x90, 0xff, 0x21, 0xb0, 0xfa, 0xe8,
    0x51, 0x54, 0xc3, 0x9b, 0x28, 0xd4, 0x1f, 0xfc,
    0xa7, 0xc7, 0x9b, 0xc1, 0xe7, 0xc7, 0x95, 0xe0,
    0xff, 0xe0, 0xe1, 0xff, 0xca, 0x95, 0x65, 0x1a,
    0x8d, 0x2f, 0x57, 0x77, 0x79, 0xc, 0xc1, 0xb9,
    0xe, 0x7e, 0x42, 0xbb, 0xa, 0xf4, 0x1f, 0x76,
    0xa, 0x7, 0xf9, 0xc0,

    /* U+5185 "内" */
    0xf, 0x38, 0x7f, 0xf2, 0x7f, 0xa3, 0xfc, 0xf,
    0xd1, 0xfa, 0xf, 0xc8, 0x64, 0x3e, 0xc3, 0xff,
    0x82, 0x90, 0x7f, 0xb6, 0x30, 0xfd, 0x11, 0x38,
    0x7b, 0x70, 0xa7, 0x43, 0x58, 0x75, 0x10, 0xc8,
    0x7c, 0x87, 0xff, 0x9, 0xf, 0xfb, 0xd4,

    /* U+518D "再" */
    0x2f, 0xff, 0xe0, 0x82, 0xfe, 0x9f, 0xf0, 0x7f,
    0xf2, 0x3f, 0x4f, 0xe8, 0x3d, 0xf4, 0xfd, 0x7,
    0xff, 0x2f, 0xe9, 0xfa, 0xf, 0xbe, 0x9f, 0xa0,
    0xff, 0xe4, 0x78, 0xfa, 0x7e, 0x9e, 0x38, 0xff,
    0xca, 0xe0, 0x21, 0xfd, 0x87, 0xff, 0xf, 0xf,
    0xfe, 0xf, 0x9c, 0x0,

    /* U+5199 "写" */
    0xff, 0xfe, 0xa, 0x7a, 0x9f, 0xf0, 0x77, 0x83,
    0xfb, 0x3, 0x87, 0xda, 0x1a, 0xff, 0x21, 0xef,
    0xf9, 0xc, 0xa0, 0xff, 0xe0, 0x6f, 0xfe, 0xd,
    0x7f, 0xd2, 0x1f, 0xfc, 0xc, 0x2b, 0xff, 0x3,
    0x5, 0xff, 0x85, 0x7, 0xfc, 0x87, 0xfa, 0xf5,
    0x3, 0xfa, 0xf9, 0x8,

    /* U+51C6 "准" */
    0xf, 0x90, 0x21, 0xe8, 0x33, 0x2, 0xf, 0xa0,
    0xb8, 0xc, 0x1d, 0x28, 0xd, 0x4a, 0xa8, 0x2a,
    0x11, 0xd0, 0xac, 0x13, 0x88, 0x72, 0x1f, 0xb8,
    0x39, 0xf, 0x96, 0x3e, 0x2f, 0x21, 0x98, 0x1f,
    0x1f, 0x21, 0xb0, 0xff, 0xe1, 0x28, 0x2f, 0x8f,
    0xa0, 0xac, 0x2f, 0x8f, 0xa0, 0x22, 0x1f, 0xfc,
    0x1a, 0x6, 0xf8, 0xfc, 0xd, 0xd, 0xff, 0x80,

    /* U+51FA "出" */
    0xf, 0x38, 0x7c, 0xa0, 0xfe, 0x81, 0xe0, 0xfe,
    0x43, 0xff, 0xa8, 0xb6, 0x2e, 0xb, 0x3e, 0x4f,
    0xc8, 0x3a, 0xe2, 0xb6, 0x88, 0x7f, 0xbc, 0x1f,
    0xfe, 0xf, 0xd1, 0xf9, 0x7, 0xff, 0xc8,

    /* U+51FB "击" */
    0xf, 0x50, 0x3f, 0xf9, 0x37, 0xe5, 0x7f, 0x2,
    0xfc, 0xaf, 0xe0, 0xff, 0xe8, 0xff, 0x95, 0xff,
    0xfc, 0x5, 0x7f, 0x8a, 0x7, 0xea, 0x7, 0xff,
    0x85, 0xf9, 0x5f, 0x21, 0x5f, 0xfc, 0x80,

    /* U+5206 "分" */
    0xe, 0x83, 0x41, 0xfd, 0x21, 0xc8, 0x7e, 0x70,
    0xd4, 0xf, 0xa4, 0x3d, 0x61, 0xca, 0x83, 0xca,
    0x82, 0x68, 0x1f, 0xa6, 0x5, 0x5f, 0xfe, 0xb,
    0x7e, 0x3f, 0x81, 0x7, 0xff, 0x1, 0xf, 0xe9,
    0xe, 0x43, 0xf3, 0x7, 0xff, 0x7, 0x43, 0xb0,
    0xf3, 0xb0, 0x73, 0x86, 0xac, 0x17, 0xca, 0xd,
    0x68, 0x6f, 0xa0, 0xc0,

    /* U+5207 "切" */
    0xb, 0xf, 0xfe, 0x3f, 0xfe, 0xf, 0xde, 0x8f,
    0x83, 0xe6, 0x9, 0xf, 0x59, 0xf0, 0x7f, 0xb8,
    0xe4, 0x3f, 0xca, 0xf, 0x78, 0x3f, 0xf8, 0x48,
    0x7f, 0xf1, 0x10, 0xfe, 0x6c, 0x43, 0xfa, 0x2f,
    0x14, 0x9, 0xd, 0xda, 0x42, 0x19, 0x9, 0x40,
    0x9c, 0x35, 0x87, 0xa7, 0x3, 0xe1, 0xf, 0x58,
    0x4f, 0xc0,

    /* U+5217 "列" */
    0x3f, 0xf0, 0x76, 0x7a, 0x7f, 0x10, 0x7d, 0x61,
    0xc8, 0x7f, 0x2c, 0x1f, 0xc9, 0xf4, 0x87, 0xea,
    0xe1, 0xf, 0x91, 0xf, 0xfe, 0x5, 0x48, 0xa0,
    0xfd, 0xbd, 0x60, 0xff, 0x3a, 0x1f, 0xfc, 0x3c,
    0x2c, 0x3f, 0x70, 0x7f, 0xcf, 0x21, 0xf2, 0x6,
    0xd0, 0xf5, 0xc8, 0xe1, 0xfa, 0xf4,

    /* U+521B "创" */
    0xf, 0xfe, 0x3d, 0x3, 0xec, 0x39, 0x60, 0x90,
    0xfb, 0xb9, 0x4, 0x1e, 0xd4, 0x70, 0x7e, 0xd8,
    0x2b, 0xf, 0x28, 0xff, 0x7, 0x99, 0xbd, 0x21,
    0xfe, 0x42, 0x43, 0xff, 0xa1, 0xe0, 0xff, 0x98,
    0x41, 0x7, 0xe6, 0x86, 0x21, 0xf2, 0x12, 0x83,
    0xf5, 0x3e, 0xa0, 0xf9, 0x0,

    /* U+5220 "删" */
    0x7, 0xca, 0xf8, 0x36, 0x16, 0x82, 0xc0, 0xa0,
    0xff, 0xf2, 0x22, 0x7c, 0x88, 0x76, 0x6b, 0xb3,
    0xe, 0x89, 0xac, 0x41, 0xff, 0xc9, 0x42, 0xc3,
    0xff, 0x8e, 0xa0, 0x90, 0xca, 0xf, 0xde, 0xf,
    0xfe, 0x13, 0x1, 0x34, 0x1e, 0x48, 0xa3, 0x1c,
    0xf, 0x40,

    /* U+5225 "別" */
    0x7, 0xf8, 0x3d, 0x85, 0xf8, 0x28, 0x3f, 0xf8,
    0x48, 0x7f, 0xf2, 0xab, 0x7, 0xfa, 0x7, 0xa0,
    0xfe, 0x4d, 0x60, 0xff, 0xaf, 0x83, 0xfc, 0xfc,
    0x1f, 0xfc, 0xd5, 0x7, 0xb0, 0xf5, 0x87, 0xff,
    0x2, 0x10, 0x28, 0x39, 0x3, 0x97, 0x61, 0x7a,
    0x4c, 0x17, 0x90, 0xbe, 0x80,

    /* U+5229 "利" */
    0xf, 0xfe, 0x32, 0xae, 0xf, 0x67, 0x17, 0xa0,
    0x41, 0xdc, 0xa0, 0xe4, 0x3f, 0xf9, 0x1f, 0x37,
    0x90, 0xfb, 0xd0, 0xf9, 0xf, 0xec, 0x3f, 0xf8,
    0x4b, 0x41, 0xfe, 0xa1, 0x18, 0x7e, 0x58, 0x12,
    0x1f, 0xac, 0x34, 0xc, 0x3a, 0xf, 0xfe, 0x12,
    0x1f, 0xf2, 0x1f, 0xfc, 0xf, 0x48, 0x69, 0xe,
    0xfa,

    /* U+522A "刪" */
    0x1f, 0xf8, 0x36, 0x15, 0xbb, 0x81, 0x41, 0xff,
    0xc1, 0xc3, 0xff, 0xaf, 0xe4, 0x8, 0x7e, 0x5a,
    0x73, 0x30, 0xe6, 0x9b, 0xb9, 0x87, 0xff, 0x86,
    0x43, 0xff, 0xb3, 0x16, 0x17, 0x82, 0x50, 0x6f,
    0x3, 0xe0,

    /* U+5230 "到" */
    0x3f, 0xf2, 0x16, 0xf, 0x2b, 0xf3, 0x87, 0xcc,
    0x48, 0x7f, 0x50, 0x14, 0xf, 0xca, 0xbe, 0x30,
    0xf9, 0xbf, 0x90, 0xfc, 0x8c, 0x8, 0x3f, 0xe4,
    0x3f, 0xcf, 0xa3, 0xe0, 0xf9, 0xf4, 0xfc, 0x1f,
    0xfc, 0x44, 0x3f, 0x9b, 0xc4, 0x1d, 0x7a, 0x7b,
    0xf, 0xbb, 0xd2, 0x82, 0xf0, 0x4a, 0xf, 0xdf,
    0x0,

    /* U+5236 "制" */
    0xf, 0xfe, 0x2a, 0x8c, 0x3f, 0x60, 0x83, 0xf6,
    0x1e, 0xb3, 0xe0, 0xfa, 0x9e, 0x3e, 0xf, 0x91,
    0x42, 0xe0, 0xf3, 0xf1, 0xf8, 0x3d, 0x58, 0xac,
    0x1f, 0x54, 0x54, 0x1f, 0x2b, 0xc7, 0x94, 0x1f,
    0x2c, 0x2c, 0x1f, 0xfc, 0x5c, 0x3f, 0xf9, 0xba,
    0x83, 0xcc, 0x1b, 0xc0, 0x7c, 0x87, 0x61, 0xcf,
    0xa0,

    /* U+523B "刻" */
    0xf, 0xfe, 0x3b, 0x87, 0xec, 0xab, 0x2a, 0x48,
    0x37, 0xcd, 0xf2, 0x21, 0x95, 0xac, 0x21, 0xf9,
    0x20, 0x41, 0xf9, 0x9f, 0xa0, 0xfc, 0xde, 0x14,
    0x1f, 0xc9, 0xb1, 0x87, 0xe7, 0x63, 0x83, 0xea,
    0xc4, 0xa0, 0xfa, 0xd2, 0x43, 0x61, 0xe7, 0x32,
    0xf, 0xd5, 0x88, 0x83, 0xd1, 0xa1, 0x50, 0xbc,
    0x94, 0xf, 0xd7, 0xa0,

    /* U+524A "削" */
    0x10, 0x60, 0x50, 0x6c, 0x10, 0x74, 0x88, 0x75,
    0x2, 0x50, 0x20, 0xe7, 0xd, 0x7, 0xee, 0xce,
    0xc3, 0xfa, 0xfc, 0x1f, 0xfc, 0xdb, 0xf0, 0x7f,
    0xbf, 0x83, 0xfd, 0xfc, 0x1f, 0xeb, 0xf0, 0x58,
    0x79, 0xf, 0xfe, 0x32, 0x1f, 0xc8, 0x5d, 0x2,
    0xf0, 0x50, 0x5e, 0x42, 0xf8,

    /* U+524D "前" */
    0xc, 0x87, 0x94, 0x1f, 0x41, 0xe8, 0x3f, 0x58,
    0x69, 0x41, 0xbe, 0x8f, 0xca, 0xf8, 0x1f, 0xff,
    0xc2, 0xf, 0xfe, 0x14, 0x1b, 0xab, 0x86, 0x2,
    0x1d, 0x58, 0x3f, 0xf8, 0x15, 0x61, 0xff, 0xc0,
    0xf8, 0x3f, 0xf8, 0x2b, 0x61, 0xff, 0xc0, 0xfa,
    0xf, 0xfe, 0x7, 0xd0, 0x1c, 0x3f, 0xf8, 0x68,
    0x7f, 0x3d, 0x81, 0xf2, 0x1b, 0x1f, 0x20, 0x7d,
    0x0,

    /* U+5269 "剩" */
    0xf, 0x2a, 0xf, 0x9f, 0x5e, 0x20, 0xec, 0x7d,
    0x12, 0x14, 0x19, 0x71, 0x2c, 0x21, 0xec, 0x2c,
    0x3f, 0x2e, 0x25, 0x83, 0xd6, 0x1d, 0x40, 0xf5,
    0x87, 0x50, 0x3c, 0xc1, 0xe4, 0x3e, 0x83, 0x3c,
    0x1e, 0x4f, 0x1f, 0x83, 0xf4, 0x9e, 0x81, 0x87,
    0x44, 0x8, 0xc3, 0xd9, 0x6, 0xb0, 0x90, 0x50,
    0x3f, 0x5c, 0x88, 0x58, 0x75, 0xe8,

    /* U+5272 "割" */
    0xf, 0xfe, 0x2b, 0x87, 0xef, 0xd1, 0xf4, 0x1e,
    0xf9, 0xf9, 0x30, 0x9f, 0x9f, 0x50, 0x3a, 0xf8,
    0xf4, 0x87, 0xaf, 0x1e, 0x43, 0xeb, 0xc7, 0x90,
    0xf5, 0xf1, 0xf4, 0x1d, 0x7c, 0x7d, 0x7, 0xaa,
    0x2a, 0xf, 0x9a, 0x76, 0x83, 0xf, 0xe4, 0x3f,
    0xab, 0x83, 0xfa, 0xb8, 0x27, 0xc9, 0x87, 0x60,
    0x7d, 0x0,

    /* U+529B "力" */
    0xf, 0xb0, 0xff, 0xed, 0x5f, 0xc7, 0xfa, 0x2f,
    0xd1, 0xfc, 0xe1, 0xf2, 0x1f, 0xfc, 0x1c, 0x3c,
    0x87, 0xcc, 0x1f, 0xfc, 0x4, 0x3f, 0x21, 0xd4,
    0xf, 0xfe, 0x4, 0x21, 0xff, 0x4e, 0x1e, 0x43,
    0x4e, 0x1f, 0x68, 0x33, 0xe, 0xf9, 0x81, 0xc1,
    0xef, 0xc0,

    /* U+52A0 "加" */
    0xb, 0xf, 0xfe, 0x92, 0x1b, 0xfc, 0x78, 0xbe,
    0x7, 0xd0, 0x3c, 0x7c, 0x1f, 0xfe, 0x4, 0x3f,
    0xca, 0xf, 0xfe, 0x32, 0x1f, 0xd6, 0x1f, 0xfc,
    0x24, 0x18, 0x7f, 0x48, 0x4e, 0xf, 0xa0, 0x31,
    0xe1, 0x7, 0xe4, 0xc1, 0xf0, 0x30, 0xd0,

    /* U+52A1 "务" */
    0xf, 0x41, 0xff, 0xc2, 0x83, 0xff, 0x85, 0x2b,
    0xfc, 0x87, 0x4d, 0xfc, 0xb0, 0x6c, 0xe8, 0x16,
    0x41, 0xdc, 0x67, 0xe8, 0x3e, 0x6d, 0x63, 0x94,
    0x17, 0xfa, 0x9f, 0xe0, 0x7a, 0x41, 0x84, 0xd3,
    0xa, 0xb8, 0xaf, 0x6, 0xfc, 0x3f, 0x83, 0xcb,
    0xd2, 0xec, 0x3f, 0x70, 0x77, 0x83, 0xae, 0x43,
    0x94, 0x17, 0xe4, 0x2f, 0xa0, 0xde, 0x43, 0xbe,
    0x42,

    /* U+52A8 "动" */
    0xf, 0xf4, 0x87, 0x5f, 0xd0, 0x7f, 0x5f, 0xd0,
    0x7f, 0xf1, 0x19, 0xea, 0xf, 0xfe, 0x1a, 0xf,
    0xf9, 0x8e, 0x81, 0x78, 0xfc, 0x12, 0x1e, 0x42,
    0x43, 0xfe, 0xe0, 0x41, 0xff, 0x28, 0xa, 0x14,
    0x1e, 0x46, 0x8e, 0x58, 0x10, 0xa3, 0xd6, 0xa1,
    0x9, 0x7, 0xa4, 0x1d, 0x2, 0xb0, 0xfc, 0xb5,
    0xe1, 0xf, 0xcc, 0x5f, 0x0,

    /* U+52B9 "効" */
    0xf, 0xfe, 0x33, 0x87, 0xb0, 0xf2, 0xc1, 0xfe,
    0xa8, 0xe8, 0x87, 0xd4, 0x29, 0xc7, 0x8f, 0x40,
    0xb0, 0x6a, 0xe7, 0xc8, 0xb0, 0x28, 0x1f, 0xac,
    0xd, 0x10, 0x61, 0xb3, 0x3c, 0xa3, 0x9, 0xa,
    0xd4, 0x12, 0x84, 0x32, 0x83, 0xff, 0x82, 0xb4,
    0x9, 0xf, 0x37, 0x20, 0x60, 0x78, 0x6c, 0x19,
    0xc1, 0x20, 0xf0, 0x69, 0x47, 0x84, 0x83, 0xa8,
    0xf, 0x80,

    /* U+52D5 "動" */
    0xf, 0xfe, 0x2d, 0xf4, 0xa0, 0xb0, 0xeb, 0xce,
    0xa0, 0xfe, 0xf9, 0xbe, 0xf, 0xdf, 0x37, 0xf1,
    0xf0, 0x1a, 0x35, 0xc9, 0x40, 0xbd, 0x34, 0xc7,
    0x58, 0x35, 0x1a, 0x81, 0x87, 0xd4, 0x6a, 0xb,
    0xf, 0x5b, 0x70, 0x14, 0x1d, 0x79, 0xbd, 0x7,
    0xeb, 0xcd, 0xea, 0x21, 0xeb, 0xcd, 0xe9, 0x80,
    0x84, 0xd1, 0xbe, 0x82, 0xd0, 0xbb, 0xe5, 0x8f,
    0x30, 0x14, 0x1a, 0x80, 0xf8, 0x0,

    /* U+5305 "包" */
    0xf, 0xfe, 0x45, 0x3, 0xff, 0x84, 0xc1, 0xff,
    0xc1, 0xcf, 0xfe, 0xd, 0x1f, 0xfa, 0xd, 0x30,
    0x7f, 0xf0, 0x5e, 0xbb, 0xc1, 0x21, 0x60, 0xad,
    0x87, 0xff, 0x3e, 0xb8, 0x2c, 0x3e, 0xfe, 0x80,
    0xe1, 0xe5, 0xf5, 0xa8, 0x3f, 0xf8, 0x17, 0x10,
    0x72, 0x1f, 0x94, 0x1a, 0x9f, 0xfa, 0x80,

    /* U+5316 "化" */
    0xf, 0xfe, 0x45, 0x1, 0x87, 0xfc, 0xc1, 0xff,
    0xc1, 0x90, 0xfd, 0x21, 0x9c, 0x3e, 0x58, 0x2c,
    0x3f, 0x36, 0x16, 0x87, 0xcd, 0x3, 0x30, 0x7a,
    0x9a, 0x1a, 0xf, 0x9c, 0x3f, 0xe7, 0x30, 0xff,
    0xa9, 0x87, 0x90, 0xf5, 0x87, 0xd0, 0x7f, 0xf3,
    0x90, 0x90, 0xff, 0x53, 0xea, 0x0,

    /* U+5339 "匹" */
    0x3f, 0xff, 0x82, 0x17, 0xc7, 0xc7, 0xe0, 0xff,
    0xfa, 0xa8, 0x3e, 0x43, 0xbc, 0x1f, 0x41, 0xca,
    0xf, 0xfe, 0x7, 0x6, 0x7e, 0x83, 0x48, 0x6b,
    0xe4, 0x32, 0x1f, 0xfc, 0x1f, 0xff, 0xe0, 0x3,
    0xff, 0xf8, 0x20,

    /* U+533A "区" */
    0x3f, 0xff, 0x82, 0x17, 0xff, 0xf0, 0x3, 0xfe,
    0x60, 0xf3, 0x87, 0x50, 0x3c, 0xda, 0xe, 0xf,
    0xcd, 0x14, 0x21, 0xfc, 0xf4, 0xc3, 0xff, 0x84,
    0x87, 0xf9, 0xee, 0x43, 0xf3, 0x44, 0xa2, 0x1e,
    0xa9, 0x3, 0x40, 0xf7, 0x90, 0xcc, 0x1e, 0x43,
    0xe4, 0x3b, 0xff, 0xf8, 0x8,

    /* U+5340 "區" */
    0x7f, 0xff, 0x81, 0x5, 0xff, 0xf4, 0x1e, 0xff,
    0x7, 0xfb, 0xf0, 0x7f, 0xf3, 0xbf, 0x7, 0xfb,
    0xfc, 0x1f, 0x7e, 0x7, 0xe0, 0xf7, 0x90, 0x3e,
    0xf, 0xfe, 0x57, 0x90, 0x3e, 0xf, 0x7e, 0x7,
    0xe0, 0xd5, 0xff, 0xc0, 0x1e, 0xbf, 0xf8, 0x0,

    /* U+5347 "升" */
    0xf, 0xfe, 0x53, 0xa3, 0x7, 0xcd, 0xd1, 0xf,
    0xd7, 0x87, 0x43, 0xfa, 0xec, 0x3f, 0xfc, 0x1f,
    0x4f, 0xe9, 0xf8, 0x1f, 0x2b, 0xf4, 0xfc, 0x1e,
    0xc3, 0xff, 0x84, 0xa0, 0xff, 0xe0, 0xa1, 0xff,
    0xc3, 0xb0, 0xff, 0xe0, 0x3c, 0x1f, 0xfc, 0x1a,
    0x21, 0xff, 0xc1, 0xd0, 0xf9, 0x83, 0x0,

    /* U+5355 "单" */
    0xc, 0x87, 0x90, 0xfd, 0xc1, 0xd0, 0x7e, 0x90,
    0xdc, 0x1e, 0xbc, 0x7e, 0x2e, 0xe, 0xbe, 0x57,
    0xd0, 0x7f, 0xf2, 0xaf, 0x95, 0xf4, 0x1e, 0xbe,
    0x57, 0xd0, 0x7f, 0xf2, 0xaf, 0x95, 0xf4, 0x1d,
    0x7e, 0x57, 0xe8, 0x2f, 0xf2, 0xbf, 0xc0, 0xff,
    0x2b, 0xfc, 0x1f, 0xfd, 0x50,

    /* U+5361 "卡" */
    0xf, 0xb0, 0xff, 0xe2, 0x21, 0xff, 0xc3, 0xbf,
    0x21, 0xfe, 0xfe, 0x43, 0xff, 0x9c, 0x87, 0xef,
    0xf1, 0x7f, 0x81, 0xfe, 0x3f, 0xe0, 0xfe, 0x50,
    0x7f, 0xf0, 0xfd, 0x7, 0xff, 0x1, 0xbf, 0x7,
    0xff, 0x5, 0xe0, 0xff, 0xe1, 0xa1, 0xff, 0xc6,

    /* U+5370 "印" */
    0xd, 0x61, 0xfd, 0x78, 0xc1, 0xfe, 0x1f, 0x41,
    0xbf, 0x7, 0xff, 0x4f, 0xf2, 0x1f, 0xdf, 0x90,
    0xff, 0xf4, 0x36, 0x87, 0x24, 0x7e, 0x42, 0x7a,
    0xbd, 0x21, 0xcf, 0x90, 0xff, 0xe1, 0x0,

    /* U+5373 "即" */
    0x3f, 0xc5, 0xfc, 0xf, 0xc0, 0x6f, 0x41, 0xff,
    0xc1, 0x43, 0xc8, 0x7f, 0xbe, 0x83, 0xfd, 0xf8,
    0x3f, 0xf9, 0x9f, 0x83, 0xfd, 0xfc, 0x1f, 0xf4,
    0x87, 0xff, 0x2, 0x81, 0x9f, 0x21, 0x59, 0x4,
    0xfa, 0x87, 0xe4, 0x3e, 0xbc, 0x83, 0xf, 0x80,

    /* U+5378 "卸" */
    0xf, 0xfe, 0x36, 0x1f, 0xfc, 0x15, 0x7, 0x5f,
    0xc0, 0x9f, 0xc9, 0x7c, 0x4, 0xd5, 0xe4, 0x3e,
    0xa0, 0x30, 0xff, 0x48, 0x30, 0xff, 0x5e, 0x57,
    0xa0, 0xfb, 0xe6, 0xf4, 0x1f, 0xa0, 0x61, 0xff,
    0x20, 0x7c, 0x1f, 0xfc, 0xb, 0xc1, 0xff, 0xc8,
    0x43, 0xdb, 0x40, 0xba, 0x11, 0xa0, 0xe0, 0xbc,
    0x97, 0xd2, 0x83, 0xe0,

    /* U+5382 "厂" */
    0xf, 0xfe, 0x2f, 0xff, 0xf0, 0x20, 0xaf, 0xff,
    0x41, 0xff, 0xf3, 0x43, 0xff, 0xbc, 0x87, 0xff,
    0xb, 0x43, 0xff, 0x82, 0xe1, 0xff, 0xc0, 0x44,
    0x3f, 0xf8, 0xe, 0x1f, 0xfc, 0x10,

    /* U+539F "原" */
    0x7, 0xff, 0xf0, 0x43, 0x7f, 0x4f, 0xf0, 0x7f,
    0x61, 0xff, 0xc0, 0xf9, 0x5f, 0x83, 0xf7, 0xfc,
    0x1f, 0xfc, 0xda, 0xf6, 0x1f, 0xd5, 0xec, 0x3f,
    0xbf, 0xe0, 0xfd, 0xf8, 0xfc, 0x12, 0x81, 0x61,
    0x9c, 0x37, 0x85, 0x61, 0x9b, 0x9, 0x6b, 0xf,
    0x2a, 0x4, 0x38, 0xf9, 0xa, 0x80,

    /* U+53BB "去" */
    0xf, 0xa8, 0x1f, 0xfc, 0xdf, 0xe5, 0x7f, 0x6,
    0xfe, 0x57, 0xf0, 0x7f, 0xf5, 0xff, 0xca, 0xff,
    0x3, 0xf4, 0x5f, 0xf0, 0x7a, 0x50, 0x20, 0xfe,
    0x48, 0x34, 0x1f, 0xac, 0x34, 0xc1, 0xee, 0xc,
    0xbc, 0x1b, 0x2f, 0xf0, 0xc1, 0xaf, 0xf5, 0x64,
    0x0,

    /* U+53C2 "参" */
    0xf, 0xfe, 0x4b, 0xa3, 0x7, 0xf5, 0x34, 0x7c,
    0x87, 0xb5, 0x7e, 0x89, 0xe, 0xa9, 0x5f, 0xd0,
    0x72, 0x86, 0xe, 0xc2, 0xfe, 0x3f, 0xf0, 0x3e,
    0x4f, 0xca, 0xf8, 0x34, 0xe5, 0x91, 0x6, 0x72,
    0x9f, 0x2, 0x34, 0x15, 0x36, 0xad, 0x2f, 0x3,
    0x40, 0xdf, 0x22, 0x41, 0xd7, 0x70, 0xe1, 0xfa,
    0x83, 0x7c, 0x87, 0xa9, 0xfd, 0x7, 0xef, 0xd2,
    0x1f, 0x0,

    /* U+53C9 "叉" */
    0x1f, 0xff, 0xa0, 0x9c, 0xff, 0xc6, 0x1c, 0xa1,
    0x83, 0x90, 0xea, 0x9, 0x2, 0x43, 0xf2, 0x4a,
    0x18, 0x3e, 0xa0, 0x37, 0x43, 0xf2, 0xb0, 0x44,
    0x1f, 0xd1, 0x2b, 0xf, 0xfb, 0x6c, 0x3f, 0xf8,
    0x10, 0x30, 0xff, 0x39, 0xe7, 0x83, 0xd7, 0x70,
    0x2c, 0xf2, 0xc, 0xf0, 0x7a, 0xec, 0x1c, 0x1f,
    0xe6, 0x0,

    /* U+53D1 "发" */
    0xf, 0x90, 0xff, 0xa8, 0x9, 0x6, 0x87, 0x98,
    0x24, 0x1c, 0x86, 0x42, 0x43, 0xb4, 0x34, 0x7a,
    0x3f, 0xe0, 0xbf, 0x17, 0xfc, 0x1f, 0x90, 0xff,
    0xe0, 0xc7, 0xf8, 0x3f, 0x27, 0xe8, 0x3f, 0x6a,
    0x82, 0xa0, 0x7a, 0x28, 0xa2, 0x50, 0x72, 0xb0,
    0x74, 0x60, 0xea, 0x61, 0xca, 0xf, 0xb0, 0xae,
    0xce, 0xd, 0x3, 0xf2, 0x59, 0xe0, 0xef, 0x21,
    0xd7, 0x80,

    /* U+53D6 "取" */
    0x3f, 0xe0, 0xfe, 0xcf, 0x8e, 0xfe, 0x83, 0xfa,
    0x3e, 0x43, 0xe4, 0x3f, 0x61, 0xbd, 0x4, 0xa0,
    0x28, 0x37, 0xc1, 0x78, 0x3f, 0xf8, 0x4a, 0x14,
    0x1d, 0xf0, 0x7a, 0x81, 0xdf, 0x6, 0xb0, 0xff,
    0xe1, 0x24, 0x19, 0x29, 0x90, 0x23, 0xd, 0x3d,
    0x8, 0x56, 0xa0, 0xb9, 0x10, 0x36, 0x74, 0xf,
    0xeb, 0xb, 0xf, 0xd9, 0x87, 0x40,

    /* U+53E4 "古" */
    0xf, 0xa8, 0x1f, 0xfc, 0xc5, 0xf0, 0x17, 0xc0,
    0xaf, 0x2a, 0xbc, 0xf, 0xf2, 0xbf, 0xc1, 0xff,
    0xd7, 0x7f, 0x2b, 0xf2, 0x1c, 0xff, 0xe4, 0x3f,
    0xfd, 0x4f, 0xfe, 0x43, 0xef, 0xfc, 0x84,

    /* U+53EF "可" */
    0xf, 0xfe, 0x2f, 0xff, 0xf0, 0x81, 0xff, 0xf1,
    0xe0, 0xff, 0xe3, 0xbf, 0xe0, 0xff, 0x3f, 0x83,
    0xff, 0xde, 0xfe, 0xf, 0xf9, 0xfe, 0xf, 0xe6,
    0xf, 0xfe, 0xcf, 0xc8, 0x40,

    /* U+53F7 "号" */
    0x7, 0xff, 0x83, 0xbf, 0xf0, 0x7f, 0xf2, 0x2b,
    0xf0, 0x77, 0x5f, 0xb0, 0xff, 0xe2, 0x7f, 0xff,
    0x14, 0xbf, 0xf8, 0x32, 0x1f, 0xf2, 0x7f, 0xe0,
    0xcf, 0xfd, 0x21, 0xff, 0xc0, 0xc3, 0xff, 0x82,
    0xc1, 0xfa, 0xf9, 0xf, 0xeb, 0xe8, 0x20,

    /* U+5408 "合" */
    0xf, 0xfe, 0x5b, 0x87, 0xff, 0x5, 0x84, 0x3f,
    0xe6, 0xf5, 0x3, 0xfa, 0x98, 0x36, 0xf, 0x39,
    0x86, 0xce, 0xb, 0xa3, 0xfe, 0x73, 0x5, 0xbf,
    0xf8, 0xb0, 0x21, 0xff, 0xc5, 0xff, 0xf0, 0x7d,
    0xff, 0x83, 0xff, 0xb9, 0xff, 0x83, 0xf7, 0xfe,
    0xc,

    /* U+540C "同" */
    0xff, 0xfe, 0x8, 0x2f, 0xff, 0x7, 0xff, 0x1f,
    0xff, 0x7, 0xbf, 0xf0, 0x7f, 0xf2, 0x1f, 0xf0,
    0x7e, 0x7f, 0x7, 0xff, 0x65, 0xfc, 0x1f, 0xcf,
    0xf0, 0x7c, 0xc1, 0xff, 0xc7, 0xf2, 0x0,

    /* U+540D "名" */
    0xf, 0x28, 0x3f, 0xf8, 0x12, 0x1f, 0xf6, 0x7f,
    0x90, 0x9e, 0xfe, 0x84, 0x15, 0x21, 0xd4, 0x2,
    0x66, 0x1b, 0x90, 0x30, 0xda, 0xb9, 0xf, 0x9a,
    0xb4, 0x3e, 0x68, 0xe1, 0xe6, 0xe4, 0x7f, 0xc7,
    0xc7, 0xfd, 0x2, 0x43, 0xff, 0xa5, 0xff, 0x41,
    0xeb, 0xfd, 0x0,

    /* U+540E "后" */
    0xf, 0xfe, 0x52, 0xa9, 0xf2, 0x1b, 0xeb, 0xfe,
    0x43, 0xae, 0xa5, 0x7, 0xff, 0x36, 0xff, 0xf8,
    0x35, 0xff, 0xf0, 0x7f, 0xf2, 0x13, 0xff, 0x41,
    0xfb, 0xfd, 0x21, 0xff, 0xc2, 0x43, 0x28, 0x3f,
    0xf8, 0x5e, 0xf, 0xfe, 0x12, 0x82, 0xff, 0x82,
    0x60, 0xdf, 0xe8, 0x25, 0x5, 0x87, 0x9c, 0x0,

    /* U+5417 "吗" */
    0xf, 0xfe, 0x3b, 0xfe, 0x4f, 0xc3, 0xfc, 0x85,
    0xe0, 0x90, 0xff, 0xe0, 0xc1, 0x94, 0x1f, 0xfd,
    0xb4, 0x3f, 0xdf, 0x47, 0x7, 0xbf, 0xd0, 0x3c,
    0x1f, 0xec, 0xbc, 0x7f, 0x9c, 0x90, 0xbf, 0xcb,
    0x83, 0xff, 0x95, 0x7a, 0xf, 0xf5, 0xe4,

    /* U+542B "含" */
    0xf, 0xfe, 0x5d, 0x87, 0xff, 0x5, 0x42, 0x1f,
    0xf5, 0x3d, 0x40, 0xfc, 0xe7, 0x19, 0xa1, 0x9e,
    0xa0, 0x65, 0x5a, 0xe, 0xd0, 0x51, 0x1e, 0xc1,
    0x3f, 0xd4, 0xf2, 0xa0, 0xdf, 0xf2, 0xc1, 0xff,
    0xc0, 0x88, 0x3e, 0xff, 0x2b, 0xc1, 0xf7, 0xfe,
    0xf, 0xfe, 0x65, 0x7e, 0xf, 0xd5, 0xf8, 0x30,

    /* U+542F "启" */
    0xf, 0xfe, 0x56, 0x87, 0xff, 0x6, 0x81, 0xfa,
    0xfd, 0x1f, 0xc1, 0xaf, 0xfe, 0xf, 0xfe, 0x45,
    0xff, 0xc1, 0x9b, 0xff, 0xc1, 0x90, 0xff, 0xe1,
    0xff, 0xf8, 0x3d, 0xff, 0x82, 0x43, 0xff, 0x85,
    0xa1, 0xff, 0xc1, 0x60, 0x7f, 0xe0, 0x28, 0x2f,
    0xfc, 0x6, 0x6, 0x1f, 0xb0,

    /* U+548C "和" */
    0xf, 0xfe, 0x33, 0x79, 0xf, 0xd4, 0xdf, 0x2b,
    0xf8, 0x15, 0x7, 0x3f, 0x7, 0xfd, 0x87, 0xbe,
    0x3e, 0xf, 0xde, 0x4b, 0xc1, 0xfe, 0x48, 0x3f,
    0xe5, 0x16, 0x1f, 0xea, 0xa, 0x83, 0xf4, 0x85,
    0x40, 0xf9, 0x50, 0x7f, 0xf0, 0x1c, 0x3e, 0xbe,
    0xf, 0xf9, 0xf8, 0x3f, 0xec, 0x28,

    /* U+54C1 "品" */
    0x3, 0xff, 0x83, 0xef, 0xf0, 0x7f, 0xf6, 0x17,
    0xc1, 0xe5, 0x7f, 0x90, 0xf5, 0x7e, 0xb, 0xfc,
    0xf, 0xe8, 0xbe, 0xd, 0xf4, 0x88, 0x7f, 0xf7,
    0x7f, 0x6, 0xfa, 0x5, 0xe8, 0x37, 0xd2,

    /* U+5531 "唱" */
    0xe, 0x7f, 0xe3, 0xf0, 0x1f, 0xe0, 0xbc, 0x1f,
    0xfc, 0x57, 0xf8, 0x3f, 0x3f, 0xc1, 0xf9, 0xfe,
    0xf, 0x9f, 0xf8, 0x3d, 0xff, 0x90, 0xf7, 0xf9,
    0xcf, 0x7, 0xff, 0x3, 0xe0, 0x7f, 0x91, 0xe,
    0xff, 0x24, 0x1f, 0xfc, 0x7f, 0xf3, 0x80,

    /* U+555F "啟" */
    0xf, 0xfe, 0x46, 0x1c, 0xc1, 0xf9, 0x83, 0x78,
    0x3d, 0xe5, 0x78, 0x8, 0x7e, 0xfc, 0x1a, 0xf9,
    0xf, 0xe8, 0xf3, 0x21, 0x7e, 0x2, 0x12, 0x83,
    0x7f, 0x2e, 0xf, 0xfe, 0x3, 0x79, 0xf, 0x5f,
    0x80, 0xae, 0x9, 0x6f, 0x94, 0x5, 0x83, 0xff,
    0x8f, 0xe0, 0xf9, 0x68, 0x25, 0x1f, 0x20, 0xb9,
    0x40, 0x41, 0xf2, 0x78, 0x1c, 0x8, 0xc2, 0x9c,
    0x36, 0x0,

    /* U+55AE "單" */
    0x7, 0xa9, 0xab, 0xa7, 0x83, 0xba, 0x20, 0x69,
    0x87, 0xaa, 0x40, 0xd4, 0x1d, 0xd5, 0xab, 0xab,
    0xc, 0xff, 0xfa, 0xe, 0x7e, 0x57, 0xd0, 0x79,
    0xa9, 0x55, 0x83, 0xcd, 0x4a, 0xa9, 0xf, 0xfe,
    0x1e, 0x1e, 0x7e, 0x57, 0xd0, 0x73, 0xf9, 0x5f,
    0xa0, 0xbf, 0xca, 0xff, 0x3, 0xfc, 0xaf, 0xf0,
    0x7f, 0xf1, 0x40,

    /* U+55CE "嗎" */
    0xf, 0x7f, 0xd7, 0xe0, 0x3e, 0x3e, 0x8f, 0x7,
    0xff, 0x15, 0xf1, 0xf2, 0x1e, 0x7c, 0x7c, 0x87,
    0x9f, 0x1f, 0x21, 0xf7, 0x8f, 0x90, 0xff, 0xe4,
    0xf8, 0xfc, 0x78, 0x2f, 0xf8, 0x1f, 0x19, 0x11,
    0x3, 0xf, 0xf6, 0xa0, 0xdc, 0x64, 0x3e, 0xd,
    0xa2, 0xb, 0x50, 0x7f, 0xaf, 0x0,

    /* U+5668 "器" */
    0x7, 0xf0, 0x3f, 0x83, 0xbe, 0xd, 0xf0, 0x7f,
    0xf6, 0x5f, 0x83, 0x7c, 0x1d, 0x7c, 0xc6, 0xab,
    0xb, 0xf9, 0x5e, 0x55, 0xe0, 0x7c, 0xaf, 0xc5,
    0xf0, 0x4e, 0x41, 0xbb, 0x42, 0xe1, 0xf0, 0x3c,
    0xb, 0x4, 0x7c, 0x1b, 0xe3, 0x2, 0x1f, 0xfd,
    0x5f, 0x83, 0x7c, 0x10,

    /* U+56FA "固" */
    0xff, 0xfe, 0x8, 0x2f, 0xff, 0x7, 0xe8, 0x3f,
    0xf8, 0x28, 0x7f, 0x7e, 0x3f, 0x7, 0x7e, 0x3f,
    0x7, 0xff, 0x22, 0xf1, 0xf0, 0x7e, 0xfe, 0xf,
    0xfe, 0x5f, 0xf0, 0x7e, 0xbf, 0xc1, 0xe5, 0xff,
    0x5, 0x7f, 0xf8, 0x0,

    /* U+56FD "国" */
    0xff, 0xfe, 0x8, 0x2f, 0xff, 0x7, 0xff, 0x1a,
    0xff, 0xa0, 0xeb, 0xe3, 0xe8, 0x3f, 0xf9, 0x1f,
    0x1f, 0x21, 0xef, 0x8e, 0xd0, 0xff, 0xe0, 0x61,
    0xff, 0xc0, 0x60, 0xf7, 0xe3, 0xd6, 0x1d, 0xff,
    0xc1, 0xaf, 0xff, 0x5, 0x7f, 0xf8, 0x0,

    /* U+56FE "图" */
    0xff, 0xfe, 0x8, 0x3f, 0x5f, 0xe0, 0xf3, 0x7,
    0xff, 0x2, 0x3f, 0x7, 0x9c, 0xbc, 0xa0, 0xf7,
    0xeb, 0xd0, 0x7a, 0x11, 0xf, 0xcd, 0xdf, 0x1e,
    0x43, 0x7d, 0x45, 0x79, 0x9, 0x40, 0xee, 0xf,
    0xcf, 0x4e, 0xf, 0xcf, 0x7d, 0x7, 0x21, 0x9b,
    0xc1, 0xd7, 0xfd, 0x78, 0x0,

    /* U+5716 "圖" */
    0xff, 0xfe, 0x8, 0x3f, 0xfe, 0xe, 0xba, 0xda,
    0x1f, 0x57, 0x21, 0xf4, 0x3c, 0xe8, 0x75, 0x3c,
    0x3e, 0x90, 0xd7, 0xc3, 0xf2, 0x1d, 0x2, 0xc1,
    0x7, 0xcd, 0xf2, 0x1f, 0xef, 0x7, 0xfd, 0x2,
    0xf, 0xcd, 0xf5, 0x10, 0xc9, 0x5f, 0x83, 0x75,
    0xfe, 0x0,

    /* U+5727 "圧" */
    0xf, 0xfe, 0x37, 0xff, 0xf0, 0x43, 0x7f, 0xff,
    0x0, 0x3f, 0xa4, 0x3f, 0xfb, 0xdf, 0x9b, 0xf0,
    0x7b, 0xf2, 0xbf, 0x7, 0xfd, 0x87, 0xff, 0x2d,
    0xf, 0xfe, 0x22, 0x1f, 0xfc, 0x2b, 0xf, 0x61,
    0xe4, 0x7f, 0x95, 0xfc, 0x39, 0xff, 0xfc, 0x0,

    /* U+5728 "在" */
    0xf, 0x21, 0xff, 0xc2, 0x83, 0xff, 0x82, 0x87,
    0xfb, 0xf4, 0x7f, 0xe3, 0xe8, 0xff, 0xe0, 0xd4,
    0x9, 0x83, 0xe9, 0x41, 0xff, 0x2b, 0xf, 0xf9,
    0x84, 0xfa, 0x7e, 0x4a, 0x5, 0xf4, 0xfc, 0x9a,
    0x1f, 0xff, 0x2b, 0xe9, 0xfc,

    /* U+5730 "地" */
    0xb, 0xf, 0x61, 0xff, 0xc0, 0xc3, 0xff, 0x92,
    0xc0, 0xb2, 0x81, 0xdf, 0x20, 0xe3, 0x80, 0xe3,
    0xc1, 0x28, 0x44, 0xa1, 0x7, 0xf3, 0x9a, 0x1f,
    0xf3, 0x7, 0xff, 0x9, 0xf, 0x94, 0x1d, 0xc1,
    0xee, 0xc1, 0x65, 0x87, 0xbc, 0x85, 0x68, 0x76,
    0x12, 0x89, 0xf, 0xfb, 0xf, 0xd7, 0xf9, 0x40,

    /* U+5740 "址" */
    0xb, 0xf, 0xb0, 0xff, 0xec, 0xa8, 0x51, 0x7,
    0xfb, 0xc, 0x87, 0xf3, 0xa, 0xf, 0x7c, 0x87,
    0xff, 0x3, 0xe4, 0x3f, 0xf9, 0x28, 0x7f, 0xf0,
    0xbc, 0x1f, 0xf7, 0x9e, 0xf, 0xfa, 0xe0, 0xff,
    0xe0, 0xa1, 0xe4, 0x43, 0xfd, 0xe2, 0xe3, 0xe8,

    /* U+5747 "均" */
    0xf, 0xfe, 0x36, 0x1d, 0x87, 0xff, 0x6, 0x43,
    0xff, 0x82, 0xaf, 0xe2, 0xca, 0x1d, 0xfc, 0xe,
    0x3e, 0x50, 0x7c, 0xa1, 0x54, 0xe0, 0xff, 0x93,
    0x20, 0xff, 0xe0, 0xc1, 0xfe, 0x43, 0x53, 0x50,
    0x6f, 0x5, 0x7c, 0x13, 0x9c, 0x59, 0xa1, 0xbb,
    0xd, 0xc1, 0x78, 0x90, 0xd0, 0x72, 0x1f, 0xf7,
    0xca, 0xf, 0xf7, 0xd0,

    /* U+578B "型" */
    0x1f, 0xf8, 0xc1, 0x84, 0xe7, 0x9b, 0xf, 0xfe,
    0x65, 0xe, 0x68, 0x1f, 0xac, 0xa1, 0x40, 0xff,
    0x28, 0x42, 0x83, 0xef, 0x7, 0x90, 0xf4, 0x21,
    0xf7, 0x83, 0x50, 0x28, 0x81, 0xf0, 0x7f, 0x61,
    0xfe, 0x6b, 0x2a, 0xb2, 0x19, 0xae, 0x6b, 0x21,
    0xff, 0xc7, 0xff, 0x4f, 0xf8,

    /* U+5831 "報" */
    0xd, 0x84, 0xff, 0x81, 0x78, 0xf2, 0x3f, 0x82,
    0xbc, 0x79, 0xf, 0xfe, 0x4a, 0x17, 0xc7, 0xc1,
    0x37, 0x3, 0x7e, 0x70, 0x9a, 0x21, 0x69, 0xc0,
    0x7a, 0xb0, 0x55, 0x9c, 0x25, 0x41, 0x5e, 0x3d,
    0x1, 0x44, 0x87, 0xfd, 0x41, 0x81, 0xf1, 0xf0,
    0x56, 0x85, 0xf1, 0xf0, 0x7f, 0xf1, 0xa9, 0xb0,
    0x7f, 0x93, 0x31, 0xd, 0x84, 0xf0, 0x52,

    /* U+5834 "場" */
    0xb, 0xb, 0xfe, 0xf, 0xf7, 0xf0, 0x7f, 0xdf,
    0xc1, 0xbc, 0x70, 0x3f, 0x83, 0x78, 0xe0, 0x7f,
    0x7, 0xfb, 0xfe, 0xf, 0xaf, 0xfe, 0x43, 0xac,
    0xbf, 0xc8, 0x6a, 0x8b, 0xfc, 0x7, 0x30, 0x73,
    0xbc, 0x15, 0x30, 0x45, 0x3, 0x20, 0xd1, 0x8f,
    0x16, 0x61, 0xf3, 0xc4, 0x23, 0x87, 0x9d, 0x1a,
    0x62, 0x1f, 0xec, 0xbc, 0x0,

    /* U+589E "增" */
    0xf, 0xfe, 0x2b, 0x5, 0x40, 0xb4, 0x3f, 0x48,
    0x11, 0xf, 0xbc, 0x7a, 0x38, 0x71, 0x7, 0xc7,
    0x40, 0x6a, 0xc2, 0x82, 0x82, 0xa3, 0x5, 0x81,
    0xd0, 0xfd, 0x71, 0xd0, 0x3e, 0xea, 0xeb, 0x7,
    0xdf, 0xf0, 0x74, 0x83, 0xf8, 0x2a, 0x3a, 0xa,
    0xe0, 0xd6, 0x85, 0x5c, 0x14, 0x87, 0x57, 0x7,
    0xfa, 0xb6, 0x0,

    /* U+58EB "士" */
    0xf, 0xa8, 0x1f, 0xff, 0xcf, 0xf2, 0xbf, 0xc0,
    0xff, 0x2b, 0xfc, 0x1f, 0xff, 0xf0, 0xfd, 0xfc,
    0xaf, 0xe4, 0x2f, 0xff, 0xe0, 0x20,

    /* U+58F0 "声" */
    0xf, 0xa4, 0x3e, 0xff, 0x37, 0xf4, 0x7f, 0x9b,
    0xfa, 0xf, 0xd8, 0x7e, 0xae, 0x5, 0x70, 0x55,
    0xff, 0xc0, 0xa, 0xff, 0xf4, 0x1a, 0xf9, 0xbe,
    0x83, 0xff, 0x8e, 0xdf, 0x37, 0xd0, 0x77, 0xff,
    0x41, 0xff, 0xc2, 0x60, 0x50, 0x3f, 0xf8, 0xb,
    0x7, 0xff, 0x1, 0xc3, 0xff, 0x82,

    /* U+58F2 "売" */
    0xf, 0xa8, 0x1f, 0xbf, 0xca, 0xff, 0x3, 0xfc,
    0xaf, 0xf0, 0x7f, 0xf1, 0xdf, 0xca, 0xfd, 0x6,
    0x7f, 0xfd, 0x4, 0xff, 0xff, 0x1, 0x9, 0xff,
    0xf2, 0x1f, 0x48, 0x24, 0x3c, 0xc0, 0x50, 0x7a,
    0x43, 0xff, 0x93, 0x21, 0xfb, 0xd, 0xb0, 0x7f,
    0xde, 0x70, 0xdd, 0xf4, 0xf, 0x41, 0xcf, 0xe4,

    /* U+5907 "备" */
    0xf, 0x21, 0xff, 0xc3, 0xa0, 0x7f, 0xf0, 0xa4,
    0xff, 0x7, 0xd2, 0xbf, 0x44, 0x1c, 0xff, 0x25,
    0x34, 0x39, 0xd1, 0xa6, 0xe1, 0xfc, 0xdd, 0x4f,
    0x94, 0x1b, 0xe3, 0xca, 0xbb, 0xe8, 0x1e, 0x57,
    0xfa, 0x4e, 0xe, 0xfa, 0x3e, 0x83, 0xff, 0x9b,
    0xf4, 0x7d, 0x7, 0xef, 0xa3, 0xe8, 0x3f, 0xf9,
    0xbf, 0x47, 0xd0, 0x60,

    /* U+590D "复" */
    0xc, 0x87, 0xff, 0xa, 0xc3, 0xff, 0x84, 0xaf,
    0xfe, 0x9, 0xef, 0xff, 0x5, 0x4f, 0xff, 0x6,
    0xd5, 0x7f, 0xc1, 0xfa, 0xbe, 0xc3, 0xf5, 0x7d,
    0x87, 0xcd, 0xff, 0x7, 0xd2, 0xbf, 0xe0, 0xf4,
    0xaf, 0xf2, 0x1d, 0xa, 0xfc, 0xb0, 0x67, 0xa7,
    0x9b, 0xd0, 0x72, 0x87, 0x24, 0x3e, 0x7f, 0xfd,
    0x7a, 0x1f, 0xa4, 0x35, 0x3d, 0x0,

    /* U+591A "多" */
    0xf, 0x21, 0xff, 0xc1, 0x60, 0xff, 0xe0, 0x50,
    0xfc, 0x87, 0xb3, 0xf4, 0xa0, 0xd7, 0x6, 0x68,
    0x1d, 0x6f, 0x9b, 0xc1, 0xfc, 0xab, 0xd0, 0x7c,
    0xd9, 0xb0, 0x79, 0xfd, 0x38, 0xfe, 0x1e, 0x4a,
    0x7f, 0x10, 0x6b, 0xd2, 0x17, 0x21, 0x3e, 0x54,
    0xae, 0x43, 0x28, 0x2a, 0xb4, 0x3e, 0x6e, 0x98,
    0x73, 0x7a, 0x3c, 0x87, 0x9f, 0xd0, 0x7f, 0x0,

    /* U+591F "够" */
    0xf, 0xfe, 0x3e, 0x1f, 0x61, 0xe4, 0x3e, 0x8f,
    0x82, 0x8f, 0xc6, 0x79, 0x40, 0x9f, 0xc5, 0x5,
    0xa0, 0x9a, 0x81, 0x35, 0x61, 0x45, 0x86, 0x72,
    0xf, 0x91, 0x6a, 0xc1, 0xff, 0x39, 0x1e, 0x83,
    0xfa, 0x9f, 0x38, 0x5e, 0xa, 0x64, 0x58, 0x2f,
    0x40, 0xb7, 0xa8, 0x2c, 0x2c, 0x36, 0xb0, 0x7c,
    0xe0, 0xac, 0x1e, 0xf0, 0xd9, 0xa1, 0xf7, 0xc7,
    0xa0, 0xe0,

    /* U+5920 "夠" */
    0xc, 0x87, 0xff, 0x9, 0xc3, 0x30, 0x7e, 0x9f,
    0x25, 0x87, 0xdd, 0xe1, 0x5, 0xf8, 0x1c, 0xa,
    0x14, 0xfc, 0x16, 0xf8, 0x5c, 0x1f, 0xd9, 0x1d,
    0xf8, 0x33, 0xe5, 0x12, 0x78, 0x39, 0xc6, 0xf0,
    0x7f, 0xb3, 0xca, 0xf, 0xee, 0x11, 0x81, 0x40,
    0xed, 0xa7, 0x5, 0x4c, 0x3e, 0x58, 0x3f, 0xe7,
    0x20, 0xb0, 0x94, 0xf, 0xa0, 0xf5, 0xd8, 0x38,
    0x3f, 0x5e, 0x40,

    /* U+5927 "大" */
    0xf, 0xa8, 0x1f, 0xfd, 0x3c, 0x3f, 0xf9, 0x9f,
    0xe6, 0xff, 0x3, 0xfc, 0xf, 0xf0, 0x7c, 0x8a,
    0xf, 0xfe, 0x7, 0x70, 0x7f, 0xf0, 0x16, 0x10,
    0xff, 0x68, 0x28, 0x1f, 0xd1, 0x1, 0x58, 0x7d,
    0x38, 0x69, 0xc3, 0x3b, 0x87, 0xa7, 0x41, 0x4c,
    0x3f, 0x54, 0xd, 0xf, 0xf3, 0x80,

    /* U+592A "太" */
    0xf, 0xa8, 0x1f, 0xfd, 0x3c, 0x3f, 0xf8, 0x48,
    0x7f, 0x7f, 0x8b, 0xfc, 0xf, 0xf0, 0x3f, 0xc1,
    0xf2, 0x30, 0x7f, 0xf0, 0x36, 0x43, 0xff, 0x80,
    0xc0, 0x83, 0xfd, 0x20, 0xd0, 0xfe, 0x50, 0x67,
    0xf, 0x9a, 0x18, 0x23, 0xe, 0xa6, 0xce, 0xc,
    0xd0, 0x66, 0x14, 0xa0, 0x6c, 0xe, 0xe, 0x90,
    0xac,

    /* U+5931 "失" */
    0xd, 0x2, 0x43, 0xfd, 0x61, 0xff, 0xc2, 0x6f,
    0x37, 0xe8, 0x34, 0xd4, 0xaa, 0xe0, 0x95, 0x2c,
    0x6b, 0x83, 0x70, 0x7f, 0xf0, 0xa4, 0x32, 0x1f,
    0xdf, 0xe2, 0xff, 0x3, 0xfa, 0x5, 0xfc, 0x1f,
    0x4d, 0x3, 0xfe, 0x89, 0x20, 0xfe, 0x9c, 0x1b,
    0x7, 0x9d, 0xc3, 0x6e, 0x85, 0xd3, 0xf, 0x74,
    0xc1, 0xe4, 0x3f, 0x3e, 0x0,

    /* U+5939 "夹" */
    0xf, 0x98, 0x3f, 0xf9, 0x97, 0xf4, 0xff, 0x40,
    0xbb, 0xe5, 0x7d, 0x70, 0x6d, 0xb, 0x4, 0x1f,
    0x50, 0x8, 0x16, 0xf, 0x90, 0xef, 0x7, 0x7c,
    0xf8, 0xb7, 0xf0, 0x3f, 0xa0, 0x5f, 0xc1, 0xf5,
    0x60, 0xff, 0xa1, 0x68, 0x3f, 0xa7, 0x4, 0xc1,
    0xe7, 0x30, 0xd9, 0xc1, 0x7a, 0x81, 0xeb, 0x30,
    0x72, 0x1f, 0xd6, 0x0,

    /* U+593E "夾" */
    0xf, 0xa8, 0x1f, 0xfc, 0xcf, 0xf2, 0xbf, 0xc0,
    0xfa, 0xf2, 0xbd, 0x7c, 0x19, 0xc3, 0xd2, 0x1e,
    0xb0, 0xf9, 0xf, 0xa4, 0x34, 0x61, 0xdd, 0xcb,
    0xdd, 0x85, 0xa8, 0xc2, 0xf0, 0xd0, 0x14, 0xb,
    0xa0, 0x66, 0x2, 0x12, 0x2d, 0x7, 0xf5, 0x40,
    0xd8, 0x3c, 0xe6, 0x1b, 0x74, 0x2e, 0xa0, 0xf7,
    0x4c, 0x1e, 0x43, 0xf3, 0xe0,

    /* U+5957 "套" */
    0xf, 0xa0, 0xff, 0xe1, 0x28, 0x3f, 0xbf, 0xa3,
    0xfe, 0x7, 0xe2, 0xf8, 0xfc, 0x1d, 0xa8, 0x2b,
    0x43, 0x9c, 0x7f, 0x45, 0x2, 0xec, 0xff, 0xc6,
    0xb, 0x7, 0xfa, 0x2c, 0x8, 0x57, 0xf4, 0x1f,
    0xd7, 0xf4, 0x1f, 0xd7, 0xf4, 0x1d, 0xf1, 0x7f,
    0xf0, 0x3e, 0x57, 0xe9, 0xf8, 0x27, 0x4a, 0xb9,
    0xc3, 0xd4, 0xf5, 0x3e, 0xa0, 0x65, 0xe0, 0xe6,
    0x0,

    /* U+59CB "始" */
    0xf, 0xfe, 0x3e, 0x1c, 0xe1, 0xf2, 0x83, 0xa8,
    0x1f, 0x61, 0xc8, 0x90, 0x4e, 0xaf, 0x2, 0xc2,
    0x40, 0xe7, 0x81, 0x40, 0xa8, 0x1f, 0x95, 0x7e,
    0x20, 0x28, 0x35, 0x3f, 0x90, 0x78, 0x5e, 0xe,
    0xc2, 0xcf, 0x1f, 0xf0, 0x51, 0xa8, 0x1f, 0xc1,
    0xd2, 0x1f, 0xfc, 0x36, 0xc3, 0xff, 0x81, 0xe6,
    0x2, 0x1f, 0xac, 0x8, 0x2b, 0x82,

    /* U+5A92 "媒" */
    0xf, 0xfe, 0x33, 0x6, 0xc3, 0x61, 0xfa, 0xcf,
    0xc6, 0x83, 0xc0, 0xb3, 0xf1, 0xa6, 0xde, 0xf,
    0xfb, 0x38, 0x37, 0xe0, 0xfc, 0x85, 0xf8, 0x32,
    0x83, 0xdf, 0x83, 0x78, 0xf0, 0x3c, 0x7c, 0x12,
    0x5, 0x7, 0xfd, 0xd0, 0x17, 0xc7, 0xe4, 0x1a,
    0x8b, 0xc1, 0x3e, 0x40, 0x82, 0x7, 0x8c, 0x82,
    0x6e, 0xef, 0x5, 0x1a, 0x78, 0xf, 0x83, 0xad,

    /* U+5B57 "字" */
    0xf, 0x41, 0xff, 0xc2, 0x83, 0xd7, 0xf2, 0xbf,
    0xa2, 0xff, 0xf2, 0x1f, 0xfc, 0x1c, 0x95, 0xff,
    0x86, 0x3, 0xfd, 0x10, 0x7f, 0xa9, 0xa1, 0xfd,
    0x18, 0x77, 0xf9, 0x5f, 0xff, 0xc0, 0x57, 0xf8,
    0x3f, 0xfc, 0x5e, 0x60, 0xf0,

    /* U+5B58 "存" */
    0xf, 0xfe, 0x56, 0x1f, 0xfc, 0x24, 0x3f, 0xef,
    0xd1, 0xff, 0x81, 0xf4, 0x7f, 0xf0, 0x75, 0x3,
    0xff, 0x82, 0x89, 0xff, 0x6, 0x6c, 0x1f, 0x93,
    0x9, 0x83, 0xec, 0xc3, 0x50, 0x3f, 0x41, 0xd2,
    0xb, 0xf1, 0xf9, 0x10, 0xaf, 0xc7, 0xe4, 0x3f,
    0xfb, 0x77, 0x90, 0xe0,

    /* U+5B89 "安" */
    0xf, 0x41, 0xff, 0xc1, 0x50, 0x79, 0xfe, 0x2f,
    0xe4, 0x7e, 0xbf, 0xc8, 0x7d, 0x7, 0xce, 0x15,
    0x87, 0x68, 0x81, 0x10, 0xe4, 0xfd, 0x1f, 0xff,
    0x27, 0xe5, 0x7c, 0x13, 0x86, 0x60, 0xe4, 0x90,
    0x70, 0x79, 0xfe, 0x50, 0x7e, 0x71, 0x5a, 0x1e,
    0xbe, 0xba, 0x68, 0xf8, 0xe0, 0x9d, 0x87, 0xd0,
    0x7d, 0x60,

    /* U+5B8C "完" */
    0xf, 0xa0, 0xff, 0xe2, 0x41, 0xfa, 0xfe, 0x57,
    0xf2, 0x13, 0x5f, 0xe7, 0xb, 0x5f, 0xf6, 0x16,
    0x3f, 0xf9, 0x30, 0x2d, 0xff, 0x96, 0xf, 0xfe,
    0x37, 0xff, 0xf0, 0x81, 0xf8, 0xbc, 0xdf, 0x83,
    0xe4, 0x3f, 0xfa, 0x32, 0x1f, 0xa0, 0xdb, 0x7,
    0xe4, 0x1e, 0x70, 0xdd, 0xf2, 0xf, 0x41, 0xcf,
    0xe8,

    /* U+5B9A "定" */
    0xf, 0xa0, 0xff, 0xe1, 0x21, 0xfa, 0xfe, 0x3f,
    0xc0, 0x6f, 0xff, 0x6, 0x43, 0xff, 0x82, 0x81,
    0x7f, 0x8, 0x22, 0xbf, 0x98, 0x35, 0xf1, 0x7c,
    0x87, 0x48, 0x7f, 0xf0, 0x54, 0x15, 0xf9, 0xf,
    0xeb, 0xf2, 0x12, 0x61, 0xff, 0xc0, 0xb6, 0xf,
    0xf4, 0x91, 0x87, 0xe5, 0x40, 0xa3, 0x7f, 0x4e,
    0x19, 0xbf, 0xd0,

    /* U+5BB6 "家" */
    0xf, 0x90, 0xff, 0xe1, 0x41, 0xfb, 0xfc, 0x7f,
    0x90, 0x5f, 0xfe, 0xc, 0x87, 0xff, 0x6, 0x3f,
    0xf9, 0xd1, 0x3d, 0x17, 0xe0, 0xe6, 0xf5, 0x2,
    0xf0, 0x57, 0xd0, 0x15, 0xd0, 0x2a, 0x2b, 0x3b,
    0x10, 0xcf, 0x8d, 0x8a, 0x83, 0x3e, 0x57, 0x85,
    0xc1, 0xcf, 0xc8, 0x5c, 0x83, 0xc7, 0x8, 0x83,
    0xa1, 0xe4, 0xba, 0x6, 0xe0, 0xeb, 0xc8, 0x78,

    /* U+5BB9 "容" */
    0xf, 0x90, 0xff, 0xe1, 0x48, 0x7d, 0xfe, 0x2f,
    0xe0, 0xbf, 0xfe, 0x9, 0x5, 0x2, 0xa0, 0x74,
    0x44, 0x25, 0xe7, 0xb, 0x21, 0xa0, 0xd1, 0x3,
    0x41, 0xb2, 0x1c, 0x25, 0xd, 0x91, 0x81, 0xd,
    0xf0, 0x54, 0xe0, 0xac, 0x7f, 0xa1, 0xd0, 0x67,
    0xfc, 0x79, 0x20, 0xff, 0xea, 0x7f, 0xc1, 0x80,

    /* U+5BEB "寫" */
    0xf, 0x90, 0xff, 0xe1, 0x48, 0x7d, 0xfe, 0x2f,
    0xf0, 0x3f, 0x5f, 0xf0, 0x12, 0xa0, 0x3f, 0x42,
    0x43, 0x44, 0x7e, 0x48, 0x37, 0xc0, 0xf8, 0x3e,
    0xf8, 0x1f, 0x7, 0xdf, 0xf8, 0x3d, 0xab, 0xfe,
    0xe, 0x95, 0xff, 0x92, 0xf5, 0xdd, 0xde, 0xd,
    0x99, 0x1a, 0xb0, 0x24, 0x50, 0x2b, 0x30, 0xf4,
    0xc, 0x13, 0xe4, 0x32, 0x1e, 0x7d, 0x0,

    /* U+5BFC "导" */
    0x3f, 0xfe, 0xe, 0xbf, 0xf0, 0x7f, 0xf2, 0x6f,
    0xfc, 0x1e, 0xbf, 0xf8, 0x40, 0xe1, 0xfd, 0x60,
    0x8f, 0xfe, 0x20, 0xaf, 0xf5, 0x38, 0x1f, 0xfd,
    0x4f, 0x8f, 0x4f, 0xf2, 0xbe, 0x9, 0x50, 0x7f,
    0xf0, 0x75, 0x7, 0xff, 0x7, 0xf, 0xfe, 0x1a,
    0xbc, 0xe1, 0x80,

    /* U+5C01 "封" */
    0xf, 0xfe, 0x46, 0x1f, 0xb0, 0xff, 0xe3, 0xde,
    0x3d, 0x7, 0xf5, 0xe3, 0xd2, 0xe8, 0x43, 0xff,
    0x8a, 0xfc, 0x7c, 0xba, 0x11, 0xf9, 0xf8, 0xc3,
    0xfc, 0x86, 0xa0, 0x7b, 0xe3, 0xd0, 0xa0, 0xf7,
    0xc7, 0xa0, 0x48, 0x7f, 0xf0, 0x94, 0x1f, 0xcd,
    0x87, 0xe7, 0xe7, 0xe0, 0xfc, 0xfd, 0x44, 0x2b,
    0xc8, 0x7f, 0xf0, 0x2f, 0x40,

    /* U+5C06 "将" */
    0xf, 0xfe, 0x46, 0x19, 0x83, 0xff, 0x83, 0x47,
    0xe8, 0x1a, 0x13, 0xfd, 0x10, 0x39, 0x7, 0xd0,
    0xd8, 0x6b, 0x4, 0x47, 0x61, 0xcc, 0x13, 0xb7,
    0x7, 0xf4, 0x79, 0x10, 0xf4, 0x6, 0xfc, 0x78,
    0x28, 0x2e, 0xfc, 0x58, 0x32, 0xa, 0x43, 0x21,
    0x50, 0x37, 0x7, 0xe4, 0x3d, 0x40, 0xff, 0xe1,
    0x30, 0x7f, 0xf1, 0x3c, 0x18,

    /* U+5C07 "將" */
    0xf, 0xfe, 0x2e, 0xc, 0x35, 0x3, 0xff, 0x83,
    0x2b, 0xe4, 0x3e, 0x7d, 0x7a, 0x10, 0xf3, 0xca,
    0xab, 0xd, 0xe1, 0x9d, 0x1c, 0x37, 0xc1, 0xa8,
    0xf0, 0x7f, 0x5d, 0x31, 0xf, 0xf5, 0xa1, 0xe7,
    0xd0, 0xab, 0xf1, 0xe1, 0x54, 0x1e, 0xfc, 0x78,
    0xa, 0xe, 0xc3, 0xff, 0x84, 0xa8, 0x3f, 0xf8,
    0x54, 0xf, 0x50, 0x3e, 0x7c, 0x85, 0x20, 0xc3,
    0x3e, 0x82,

    /* U+5C08 "專" */
    0xf, 0x98, 0x3f, 0x5f, 0xd3, 0xfd, 0x2, 0xeb,
    0x25, 0x6e, 0x9, 0x83, 0xf7, 0x83, 0xdf, 0x27,
    0xc8, 0x79, 0xac, 0xd5, 0x87, 0x9f, 0xa7, 0xf0,
    0x73, 0xfa, 0x7c, 0x38, 0x4f, 0xf4, 0xd8, 0x34,
    0xf, 0xfd, 0x46, 0xd0, 0x7f, 0xf4, 0xfc, 0x9f,
    0x17, 0xe9, 0xf9, 0xd, 0xe8, 0x3f, 0xf8, 0x54,
    0x3d, 0x61, 0x80,

    /* U+5C0B "尋" */
    0x3, 0xff, 0xe0, 0xe7, 0xff, 0x83, 0xea, 0xfe,
    0xf, 0xab, 0xf8, 0x3e, 0x5f, 0xe8, 0x33, 0x7e,
    0x4f, 0xd2, 0x6, 0xda, 0x1e, 0xa8, 0x3c, 0x87,
    0xff, 0x6, 0xf1, 0xc9, 0x7c, 0x85, 0x7e, 0x9b,
    0xc7, 0x90, 0x7f, 0xf8, 0xf9, 0x3e, 0x2f, 0xe3,
    0xe4, 0x37, 0x90, 0xff, 0xe1, 0x49, 0x79, 0xc,

    /* U+5C0E "導" */
    0xf, 0x90, 0xc8, 0x66, 0xd, 0xa0, 0xb0, 0xc9,
    0x9e, 0x6f, 0x2b, 0x82, 0xa1, 0xf4, 0x5f, 0x40,
    0x50, 0x5a, 0x43, 0x40, 0xe8, 0x2f, 0xe4, 0x32,
    0x83, 0x7f, 0x21, 0xfe, 0x5e, 0xf, 0x44, 0x35,
    0xc6, 0x17, 0xd4, 0x43, 0xde, 0x6, 0x82, 0xea,
    0xda, 0x60, 0xff, 0xe8, 0xf8, 0x1f, 0x1f, 0xe3,
    0xe0, 0xeb, 0x42, 0x43, 0xf9, 0xd2, 0xe4, 0x30,

    /* U+5C0F "小" */
    0xf, 0x9c, 0x3f, 0xfc, 0xe8, 0x7a, 0x81, 0xf4,
    0x1e, 0x60, 0xf9, 0x83, 0x21, 0xfd, 0x21, 0xb4,
    0x3f, 0x98, 0x26, 0xf, 0xe9, 0x6, 0x87, 0xfc,
    0xc5, 0x3, 0xfe, 0xf0, 0x87, 0xff, 0x1, 0x41,
    0xff, 0xc9, 0xf5, 0x3, 0xff, 0x81, 0xf2, 0x1f,
    0x0,

    /* U+5C1A "尚" */
    0x10, 0xda, 0x19, 0xb, 0xf, 0xd8, 0x4a, 0x83,
    0xd2, 0x82, 0xb0, 0xf7, 0x5, 0xeb, 0xc5, 0xeb,
    0xc1, 0x7f, 0xf8, 0x3f, 0xf9, 0x1f, 0xe0, 0xfe,
    0xfc, 0x1f, 0xfc, 0xf4, 0x3f, 0xd5, 0x68, 0x7e,
    0x6b, 0x83, 0xf4, 0x19, 0xf2, 0x0,

    /* U+5C42 "层" */
    0x7, 0xff, 0xf0, 0x3, 0xbf, 0xfc, 0x1f, 0xfc,
    0xaf, 0xff, 0x7, 0xaf, 0xff, 0x7, 0x21, 0xff,
    0xc5, 0xff, 0xe0, 0xfb, 0xff, 0x83, 0xdf, 0xff,
    0x7, 0x7a, 0x2f, 0xf0, 0x14, 0x16, 0xa0, 0x68,
    0x6c, 0x25, 0x41, 0x50, 0x33, 0x2, 0x81, 0x20,
    0x80, 0x85, 0x17, 0x4f, 0x48, 0x1c, 0x17, 0xd5,
    0x98, 0x0,

    /* U+5C4F "屏" */
    0x7, 0xff, 0xf0, 0x3, 0xbf, 0xfc, 0x1f, 0xfc,
    0xaf, 0xff, 0x7, 0xbe, 0x7f, 0x4e, 0x1f, 0xc8,
    0x54, 0xf, 0xbc, 0xdf, 0x1e, 0x83, 0xbd, 0x1f,
    0x1e, 0x83, 0xf2, 0x1f, 0xf3, 0x53, 0x51, 0x50,
    0x16, 0xa2, 0xa9, 0x95, 0x3, 0xc1, 0x30, 0x10,
    0xf2, 0x87, 0x83, 0xf9, 0x43, 0x68, 0x7f, 0x30,
    0xe1, 0xec, 0x30,

    /* U+5C64 "層" */
    0x7, 0xff, 0xf0, 0x2, 0xff, 0xf0, 0x6a, 0xff,
    0x6, 0xed, 0xe9, 0xbe, 0x9, 0xb2, 0xac, 0xe0,
    0xcd, 0x3c, 0xd3, 0x43, 0xda, 0xc6, 0x87, 0xd0,
    0x4c, 0x1e, 0x69, 0xcf, 0x44, 0x35, 0xfa, 0xfa,
    0x14, 0x8, 0x3d, 0x3, 0xc1, 0x7f, 0x82, 0x50,
    0x55, 0xe0, 0x28, 0x35, 0x78, 0x0,

    /* U+5DE5 "工" */
    0x1f, 0xff, 0xe0, 0x20, 0x6b, 0x95, 0x5c, 0x84,
    0xbc, 0x5, 0xe0, 0xff, 0xff, 0x87, 0xff, 0xb3,
    0xfc, 0xaf, 0xf0,

    /* U+5DF2 "已" */
    0xbf, 0xfe, 0x5, 0xff, 0xe0, 0xff, 0xe3, 0x21,
    0xff, 0xc1, 0x83, 0xff, 0xa1, 0xff, 0xc1, 0xd7,
    0xfe, 0x83, 0x21, 0xf9, 0xf, 0xfe, 0x1a, 0x1f,
    0xfc, 0x6, 0x2, 0x1f, 0xe4, 0x70, 0xfe, 0xb2,
    0x7f, 0xf9, 0x40,

    /* U+5E55 "幕" */
    0x3f, 0xff, 0x84, 0xf, 0xcf, 0xe7, 0xf0, 0x6f,
    0x3f, 0x9f, 0x21, 0xef, 0xfc, 0x87, 0xd5, 0xf9,
    0xf, 0xab, 0xf2, 0x1f, 0x7f, 0xe4, 0x3d, 0xe5,
    0x7f, 0x90, 0xbf, 0x2b, 0xff, 0x3, 0xc9, 0xe6,
    0xf2, 0xbc, 0x7, 0x4f, 0x37, 0x95, 0xc0, 0xb6,
    0xf3, 0x7c, 0x61, 0x61, 0xff, 0xc0, 0x83, 0xfe,
    0xb4, 0x20,

    /* U+5E73 "平" */
    0xf, 0xfe, 0x2b, 0xff, 0xfc, 0x4, 0xf, 0xf2,
    0xbf, 0x90, 0xd8, 0x7e, 0xc3, 0xcc, 0x1e, 0x90,
    0xf4, 0x87, 0x98, 0x3e, 0x43, 0x98, 0x39, 0x6d,
    0x40, 0x40, 0xb0, 0x2b, 0xca, 0xaf, 0x3, 0xfc,
    0xaf, 0xf0, 0x7f, 0xfd, 0x40,

    /* U+5E74 "年" */
    0xf, 0xfe, 0x46, 0x87, 0xff, 0x5, 0xf, 0xfe,
    0x1c, 0x5f, 0xf9, 0xa, 0x7f, 0x37, 0xe4, 0x13,
    0x7, 0xff, 0x7, 0xd7, 0xe6, 0xfc, 0x12, 0x7,
    0xe2, 0xfc, 0x1f, 0xe4, 0x3f, 0xf9, 0x94, 0x55,
    0x4d, 0x78, 0x1e, 0xa7, 0xc3, 0xfc, 0x5, 0xfd,
    0xaf, 0x7, 0xff, 0x54,

    /* U+5E76 "并" */
    0xf, 0xf9, 0xf, 0xd8, 0x7a, 0xf, 0xd6, 0x1a,
    0x43, 0xf2, 0x1c, 0xe1, 0xd7, 0xc7, 0xe2, 0xf4,
    0xb, 0xd3, 0xf9, 0xbd, 0x7, 0xff, 0x67, 0x43,
    0xb0, 0xef, 0x93, 0xf2, 0xbe, 0x7, 0xca, 0xfc,
    0xdf, 0x7, 0x30, 0x7f, 0xf0, 0x64, 0x3f, 0xf8,
    0x33, 0x7, 0xff, 0x3, 0x30, 0xff, 0xe0, 0xf0,
    0x7d, 0x21, 0x80,

    /* U+5E8F "序" */
    0xf, 0xd0, 0x7f, 0xf0, 0xd4, 0x1f, 0xbf, 0xc5,
    0xfc, 0x1b, 0xff, 0xf8, 0x1, 0xff, 0xc9, 0x6b,
    0xde, 0x43, 0xcd, 0xd5, 0x92, 0x1f, 0xdd, 0x5a,
    0x1f, 0xcf, 0x94, 0x1f, 0x9f, 0xd0, 0xfe, 0x2,
    0x3f, 0xc7, 0xc6, 0x12, 0x1f, 0xde, 0xb, 0xc1,
    0xfd, 0x86, 0x50, 0x7f, 0xf0, 0x90, 0xdf, 0x21,
    0xf4, 0x1b, 0xe8, 0x3c,

    /* U+5E93 "库" */
    0xf, 0xc8, 0x7f, 0xf0, 0xe0, 0xfe, 0xff, 0x1f,
    0xe0, 0xdf, 0xd7, 0xf8, 0x3f, 0x58, 0x7f, 0xdf,
    0x2b, 0xf9, 0xe, 0xf2, 0xbf, 0xc8, 0x7c, 0xc3,
    0x7, 0xfa, 0x41, 0x87, 0xfc, 0xaf, 0x2b, 0xe0,
    0xfb, 0xf4, 0xfc, 0x12, 0x83, 0xd8, 0x7d, 0xe7,
    0xf9, 0x5f, 0x80, 0xb7, 0xf4, 0xfe, 0x2, 0x1f,
    0xfc, 0x38, 0x3e, 0x60, 0xe0,

    /* U+5E94 "应" */
    0xf, 0xfe, 0x66, 0x1f, 0xfc, 0x44, 0x3f, 0x7f,
    0x8b, 0xf8, 0x37, 0xff, 0xf0, 0x3, 0xfa, 0xd,
    0x87, 0xa4, 0x8, 0x48, 0x7d, 0xc0, 0x50, 0x34,
    0x3c, 0x85, 0xe0, 0x30, 0x7c, 0xa1, 0x42, 0x1f,
    0xdc, 0x4, 0xa0, 0x65, 0x1, 0x81, 0x22, 0x1b,
    0xc1, 0x21, 0x50, 0x39, 0x57, 0xf8, 0xbe, 0xd,
    0x5f, 0xfc, 0x0, 0x60, 0x5f, 0xf8,

    /* U+5E95 "底" */
    0xf, 0xc8, 0x7f, 0xf0, 0xe4, 0x3f, 0x7f, 0x8b,
    0xf8, 0x37, 0xff, 0xf0, 0x3, 0xfc, 0xab, 0x83,
    0xef, 0xd4, 0xe8, 0x1f, 0xbf, 0xa, 0xf, 0xfe,
    0x6f, 0xe3, 0xe8, 0x3e, 0xfc, 0xde, 0x83, 0xfe,
    0xf0, 0x72, 0x83, 0x97, 0x7, 0x78, 0x3d, 0xa,
    0x24, 0x50, 0x5e, 0x1a, 0x80, 0xb0, 0x27, 0xcc,
    0xb, 0x3, 0x2, 0x81, 0xa1, 0xe0,

    /* U+5EA6 "度" */
    0xf, 0xc8, 0x7f, 0xf0, 0xe0, 0xfe, 0xff, 0x1f,
    0xe0, 0xdf, 0xff, 0xc0, 0xf, 0xb0, 0xd8, 0x7d,
    0x78, 0xfc, 0x7a, 0xd, 0x78, 0xfc, 0x7a, 0xf,
    0xfe, 0x67, 0xe0, 0xff, 0xbf, 0xc1, 0xfb, 0xff,
    0x90, 0x90, 0x71, 0xf9, 0x60, 0xb4, 0xd, 0xa6,
    0x41, 0x9c, 0x25, 0x5b, 0x7, 0x9a, 0x78, 0xf1,
    0xea, 0x3, 0x29, 0xe8, 0x17, 0xe0,

    /* U+5EAB "庫" */
    0xf, 0xc8, 0x7f, 0xf0, 0xe4, 0x3f, 0x7f, 0x8b,
    0xf8, 0x37, 0xf8, 0xfe, 0xe, 0xfe, 0x3f, 0x41,
    0xdf, 0xc7, 0xe8, 0x3d, 0x56, 0x56, 0xf, 0xd4,
    0xca, 0x90, 0xf9, 0xa8, 0xa8, 0x3f, 0x35, 0x15,
    0x7, 0xe6, 0xa2, 0xa0, 0xca, 0x7, 0x51, 0x56,
    0x17, 0xaf, 0xe3, 0xf9, 0x15, 0x7f, 0x1f, 0xc8,
    0x87, 0xff, 0xe, 0xf, 0xb0, 0xf0,

    /* U+5EE0 "廠" */
    0xf, 0xd0, 0x7f, 0xf0, 0xd4, 0x1f, 0xbf, 0xc5,
    0xfc, 0x1b, 0xeb, 0xf5, 0xf0, 0x74, 0x44, 0x90,
    0x7f, 0xf0, 0x14, 0x1f, 0xe8, 0x2c, 0x8f, 0x83,
    0x3e, 0x3d, 0x2b, 0x60, 0xeb, 0xf2, 0x82, 0x43,
    0xd7, 0x86, 0x2, 0x19, 0xb, 0x42, 0xe4, 0x24,
    0x3f, 0x95, 0x5, 0xe0, 0xb0, 0xc8, 0x84, 0xa0,
    0x5c, 0x6, 0xe4, 0x8, 0x75, 0x96, 0x70, 0x21,
    0x40, 0xbb, 0xb, 0x0,

    /* U+5EFA "建" */
    0x3f, 0x6, 0x90, 0xf7, 0xa0, 0x5e, 0x6f, 0x83,
    0xa8, 0x5e, 0x6f, 0x7, 0x23, 0x7c, 0xde, 0x30,
    0xa8, 0x5f, 0x37, 0x8c, 0x11, 0x65, 0xe6, 0xf0,
    0x6b, 0xc0, 0xbc, 0xdf, 0x4, 0x86, 0xa9, 0xac,
    0x85, 0x28, 0xa9, 0xac, 0x81, 0x5e, 0xf, 0xfe,
    0xa, 0xef, 0x9b, 0xf0, 0x58, 0xaf, 0x9b, 0xf0,
    0x55, 0x6a, 0x30, 0xfb, 0x9e, 0xfa, 0x9f, 0x81,
    0xa0, 0x69, 0xff, 0x0,

    /* U+5F00 "开" */
    0x2f, 0xff, 0xe0, 0x40, 0xbd, 0x1f, 0x95, 0xe8,
    0x3f, 0xfe, 0xdf, 0x47, 0xe5, 0x7c, 0xf, 0x93,
    0xf2, 0xbe, 0xf, 0x21, 0xff, 0xc2, 0x70, 0xff,
    0xe0, 0xa2, 0x1f, 0xfc, 0x1a, 0x7, 0xff, 0x7,
    0x50, 0x7f, 0xf0, 0x2a, 0xf, 0xfe, 0xc, 0x87,
    0xd4, 0xc,

    /* U+5F0F "式" */
    0xf, 0xec, 0x60, 0xff, 0xe0, 0xa8, 0xc3, 0xff,
    0x85, 0x40, 0xbf, 0xf1, 0x7a, 0xc1, 0xff, 0x9b,
    0xf0, 0x7f, 0xd8, 0x7a, 0xff, 0x58, 0x7d, 0x79,
    0x5e, 0x84, 0x3f, 0xd8, 0x48, 0x7f, 0xf1, 0x50,
    0xff, 0xe1, 0x38, 0x24, 0x3a, 0x9e, 0x24, 0x3a,
    0xf2, 0xbe, 0x3, 0x8a, 0x3f, 0x48, 0x69, 0xd0,

    /* U+5F15 "引" */
    0x3f, 0xe0, 0xd9, 0xfe, 0xf, 0xfe, 0xad, 0xfc,
    0x1f, 0xaf, 0xe0, 0xf2, 0x83, 0xff, 0x9b, 0xfe,
    0xf, 0x7f, 0x41, 0xff, 0xc1, 0x43, 0xfe, 0xc3,
    0xff, 0x80, 0xe1, 0xfb, 0xe5, 0x7, 0xef, 0xa0,
    0xec,

    /* U+5F37 "強" */
    0xf, 0xe8, 0x3e, 0xfe, 0x2, 0x83, 0xef, 0xc1,
    0x50, 0x18, 0x7f, 0xa5, 0x1, 0xc3, 0xf2, 0xdf,
    0x1, 0x5, 0xf0, 0xfc, 0x77, 0x80, 0xdf, 0x7,
    0xe8, 0x24, 0x37, 0xc7, 0xc1, 0x97, 0xf, 0x8f,
    0x21, 0x3f, 0x41, 0xff, 0x56, 0x3, 0xe3, 0xc8,
    0x79, 0x7, 0xc7, 0xc1, 0xf2, 0x1e, 0x70, 0xf7,
    0x83, 0x90, 0x21, 0x79, 0x5f, 0x4e, 0x50, 0x2f,
    0x8f, 0xaa, 0x56, 0x0,

    /* U+5F3A "强" */
    0x3f, 0x8b, 0xfc, 0x17, 0xe0, 0xaf, 0xc1, 0xff,
    0xcf, 0xeb, 0x6, 0xbe, 0x7, 0xcf, 0xa0, 0x9b,
    0xe1, 0x61, 0x60, 0xc8, 0x6f, 0x8f, 0xa0, 0x97,
    0x3, 0xc7, 0xa0, 0x9f, 0xa0, 0xff, 0xab, 0x5,
    0xe3, 0xd0, 0x79, 0x47, 0xc7, 0xa8, 0x1f, 0xfc,
    0x28, 0x3d, 0x61, 0xca, 0x30, 0xbc, 0xab, 0xe4,
    0x18, 0x83, 0xd1, 0x7d, 0x28, 0xd0,

    /* U+5F53 "当" */
    0xf, 0x68, 0x64, 0x14, 0xf, 0xd6, 0x9, 0xf,
    0xcc, 0x15, 0x87, 0xb8, 0x33, 0x87, 0xb4, 0x2f,
    0xe2, 0xfe, 0x7, 0xff, 0xa0, 0xff, 0xe9, 0xbf,
    0xfd, 0x4, 0xff, 0xf4, 0x1f, 0xfc, 0x55, 0xff,
    0x61, 0x57, 0xf9, 0x0,

    /* U+5F55 "录" */
    0xf, 0xfe, 0x27, 0xff, 0xc1, 0xbf, 0xfc, 0x1f,
    0xfc, 0x87, 0xff, 0x83, 0x9f, 0xfe, 0xf, 0xfe,
    0x12, 0x1b, 0xff, 0xd1, 0xe3, 0xa7, 0xca, 0xfa,
    0x98, 0x1a, 0x4, 0xa2, 0x88, 0x6f, 0x40, 0x6c,
    0xc3, 0xc9, 0xa6, 0x61, 0xcf, 0xe4, 0x1d, 0x2,
    0x7e, 0x43, 0xbf, 0xc, 0xf, 0x38, 0x4f, 0x80,

    /* U+5F62 "形" */
    0xf, 0xfe, 0xa, 0x81, 0xff, 0x90, 0x32, 0xf,
    0x1f, 0x1a, 0x36, 0x1f, 0xfc, 0xe, 0xc3, 0xff,
    0x82, 0xe1, 0xff, 0xc2, 0x82, 0x83, 0xe4, 0x3d,
    0xe0, 0x78, 0xf4, 0x70, 0xf2, 0xf, 0x1f, 0x1d,
    0x5a, 0x1f, 0xfc, 0x1c, 0x3f, 0xf8, 0x50, 0x5a,
    0x5, 0x7, 0xf7, 0x20, 0xa0, 0x7c, 0xf2, 0x4,
    0x3f, 0x53, 0x42, 0xb0, 0xf7, 0xc1, 0xd8, 0x76,
    0x68, 0x70,

    /* U+5F69 "彩" */
    0xf, 0xfe, 0x2a, 0xa9, 0xf4, 0x13, 0xa0, 0xcf,
    0xe8, 0xd, 0x10, 0x63, 0xa3, 0x94, 0xd0, 0x98,
    0xa1, 0xc7, 0x83, 0xca, 0x11, 0x42, 0x6, 0xa,
    0x58, 0xc3, 0x34, 0xf, 0xfe, 0x5, 0x30, 0xbe,
    0x8f, 0x8c, 0xc3, 0x7c, 0x7, 0xc5, 0x3, 0xed,
    0x4, 0x4, 0x2c, 0x29, 0xc8, 0x83, 0x70, 0x32,
    0xa, 0x80, 0x79, 0x3, 0x7, 0x9e, 0xd0, 0xa0,
    0xfa, 0x98, 0x7e, 0x70, 0xb4, 0x38,

    /* U+5F84 "径" */
    0xd, 0x7, 0xff, 0xb, 0xc7, 0xfe, 0xd, 0xa8,
    0xff, 0x10, 0x5b, 0x7, 0xda, 0x82, 0xa1, 0x87,
    0x6c, 0x19, 0x24, 0x27, 0x14, 0x1c, 0xa8, 0x7a,
    0x74, 0xc3, 0x40, 0xab, 0x47, 0xb0, 0x68, 0x2d,
    0xe, 0x70, 0x50, 0x2f, 0xfc, 0x81, 0xd, 0xf4,
    0xfc, 0x87, 0xff, 0xab, 0xf4, 0xfe, 0x0,

    /* U+5F8C "後" */
    0xf, 0xfe, 0x3d, 0x2, 0x70, 0xfd, 0x10, 0x1b,
    0x4, 0x1a, 0x20, 0x36, 0xf, 0x6, 0xe3, 0x63,
    0xf2, 0x19, 0x39, 0xf3, 0x64, 0x86, 0x85, 0x59,
    0xd1, 0x82, 0x90, 0xd2, 0x53, 0xe0, 0x38, 0x18,
    0x10, 0x68, 0x18, 0x66, 0x3f, 0x48, 0x79, 0x95,
    0xf1, 0x7, 0xde, 0x89, 0xe0, 0xfd, 0x2, 0x65,
    0x7, 0xf3, 0x74, 0x34, 0x3e, 0xfc, 0xab, 0xe4,

    /* U+5F91 "徑" */
    0x9, 0x41, 0xff, 0xc2, 0x95, 0xff, 0xc1, 0x70,
    0xff, 0xf0, 0x39, 0x40, 0xc1, 0x83, 0xb, 0x54,
    0x50, 0xe3, 0x83, 0xa8, 0x8b, 0xf0, 0x68, 0x58,
    0x50, 0xa0, 0xd2, 0x13, 0xc, 0x50, 0xa, 0xc2,
    0x92, 0x45, 0x87, 0xe, 0xc1, 0x83, 0x43, 0xcf,
    0xfe, 0x43, 0xcf, 0xd3, 0xf2, 0x1f, 0xfd, 0x97,
    0xf4, 0xfe, 0x0,

    /* U+5F9E "從" */
    0xc, 0x84, 0x84, 0x87, 0xb0, 0x9c, 0x28, 0x3a,
    0x50, 0x2c, 0x8, 0x76, 0x41, 0xb0, 0x61, 0xd4,
    0x32, 0x48, 0x56, 0x12, 0x72, 0xa9, 0xea, 0xb0,
    0xa1, 0xa0, 0x4a, 0x14, 0x9, 0x6, 0x81, 0x41,
    0x42, 0xb0, 0x98, 0x3f, 0x38, 0x7f, 0xf2, 0x30,
    0xdf, 0x21, 0xf2, 0x82, 0xf9, 0xf, 0xcc, 0x1f,
    0xfc, 0xa, 0x98, 0x3f, 0xc8, 0x98, 0x3f, 0x0,

    /* U+5FA9 "復" */
    0xc, 0x81, 0x41, 0xfe, 0xc2, 0x83, 0xfd, 0x28,
    0x4b, 0xfc, 0xc, 0x81, 0x4f, 0xf8, 0x14, 0x3c,
    0x5f, 0xe0, 0x93, 0xbc, 0x7f, 0x7, 0x42, 0x15,
    0x70, 0x69, 0xe, 0xae, 0x9, 0x30, 0xef, 0xe0,
    0x98, 0x3b, 0x2f, 0xc1, 0xfd, 0x97, 0xe0, 0xf9,
    0xd3, 0xe3, 0xf, 0xdd, 0xeb, 0xc1, 0xf9, 0x18,
    0x29, 0xf, 0xa9, 0xf5, 0xf8,

    /* U+5FB7 "德" */
    0xf, 0xf2, 0x1f, 0xa8, 0x19, 0xc3, 0xe8, 0xa7,
    0xd3, 0xf8, 0x11, 0x17, 0xcd, 0xf8, 0x28, 0xcf,
    0x9b, 0xe8, 0x11, 0x20, 0xe9, 0x9c, 0x19, 0x50,
    0x7f, 0xf0, 0x60, 0xdd, 0x33, 0x82, 0xd0, 0xbf,
    0xf4, 0x6, 0x7, 0xff, 0x92, 0xb, 0xf3, 0xfc,
    0x87, 0x96, 0xf0, 0x30, 0xfa, 0x31, 0x81, 0x40,
    0xf2, 0x82, 0x4d, 0x41, 0xe8, 0xef, 0x93, 0x0,

    /* U+5FC3 "心" */
    0xf, 0x41, 0xff, 0xc4, 0xc3, 0xff, 0x85, 0x4d,
    0xf, 0xfe, 0xb, 0xc8, 0x7f, 0xb0, 0xb4, 0x3e,
    0x43, 0xfd, 0x86, 0x83, 0xff, 0x9c, 0xc0, 0x43,
    0xfe, 0x90, 0x68, 0x7f, 0xf0, 0x11, 0xc3, 0xf3,
    0x8e, 0x28, 0x3f, 0x92, 0x84, 0x1f, 0xde, 0xf,
    0xcf, 0xf2, 0x82,

    /* U+5FC5 "必" */
    0xf, 0xfe, 0x4d, 0x87, 0x90, 0xfa, 0x9c, 0x15,
    0x87, 0xe7, 0x61, 0x50, 0x7d, 0x3, 0x8a, 0x7,
    0x20, 0x43, 0x4a, 0xe, 0x83, 0xd3, 0x44, 0x3f,
    0xca, 0xca, 0x4, 0xa0, 0xcd, 0x84, 0xc0, 0xa0,
    0x54, 0xc3, 0x48, 0x87, 0x38, 0x7c, 0xac, 0x73,
    0xc, 0xc6, 0x8f, 0x40, 0xff, 0xe0, 0x53, 0x44,
    0x36, 0x1d, 0xa0, 0x6f, 0xcc, 0x10,

    /* U+5FD9 "忙" */
    0xb, 0xe, 0x60, 0xff, 0xe1, 0x2c, 0x1f, 0x90,
    0xec, 0x3d, 0x4, 0xff, 0x5f, 0x22, 0x6, 0xe7,
    0xfc, 0x87, 0x41, 0xfe, 0x50, 0x48, 0x7f, 0x98,
    0x3f, 0xff, 0xe1, 0xff, 0x3f, 0xe0, 0xfc, 0xff,
    0xc0,

    /* U+5FDC "応" */
    0xf, 0xfe, 0x5b, 0x87, 0xff, 0x9, 0x50, 0x7e,
    0xff, 0x2b, 0xf8, 0x37, 0xff, 0xf0, 0x3, 0xf3,
    0xc1, 0xff, 0xc1, 0x73, 0xf, 0xfe, 0x6, 0x50,
    0x3f, 0xc8, 0x64, 0x50, 0x7a, 0xf, 0x98, 0x3c,
    0x87, 0xe5, 0x1, 0x40, 0x43, 0xcd, 0x1, 0xe9,
    0xf, 0x38, 0x65, 0x70, 0x7f, 0x42, 0x4, 0x37,
    0xd4, 0x11, 0xc3, 0xbf, 0x83, 0x0,

    /* U+5FEB "快" */
    0xb, 0xe, 0x90, 0xff, 0xe5, 0x20, 0x8f, 0x9b,
    0xe0, 0xb4, 0xf, 0xcd, 0xe0, 0xca, 0x38, 0x3f,
    0xf8, 0x4e, 0x1f, 0xe5, 0x7, 0xc8, 0x79, 0x82,
    0xfc, 0x5e, 0x34, 0x3b, 0xf0, 0x3f, 0x21, 0xf9,
    0x70, 0x7f, 0xf0, 0x2b, 0x7, 0xfd, 0xa0, 0x70,
    0xfe, 0xd8, 0x13, 0xa1, 0xee, 0x81, 0xaa, 0xd,
    0x9a, 0x1e, 0x70,

    /* U+6001 "态" */
    0xf, 0xa8, 0x1f, 0xfc, 0x27, 0xf, 0xdf, 0xe2,
    0xff, 0x3, 0xfa, 0x1b, 0xf8, 0x3e, 0xac, 0x1f,
    0xf4, 0xa2, 0xc3, 0xfb, 0x6, 0x2b, 0x43, 0x37,
    0x5b, 0x2a, 0xe0, 0x7c, 0x85, 0x1, 0xe0, 0xa0,
    0x28, 0xf0, 0x53, 0x5, 0x18, 0x26, 0x7, 0x83,
    0xfd, 0xe1, 0x42, 0xa, 0x7, 0x92, 0x6c, 0x1a,
    0x77, 0xf0, 0xac,

    /* U+6027 "性" */
    0xb, 0xf, 0x61, 0xff, 0xc0, 0xc3, 0xff, 0x81,
    0x7, 0xff, 0x3, 0x9, 0x47, 0x8f, 0xc1, 0xd5,
    0xbc, 0x7e, 0xf, 0x42, 0x1f, 0x94, 0x13, 0x7,
    0xf3, 0x6, 0x5c, 0x2c, 0x1f, 0x9f, 0x8f, 0x90,
    0xf9, 0xa8, 0xa9, 0xf, 0xff, 0x55, 0xf8, 0xfc,
    0x0,

    /* U+603B "总" */
    0xf, 0xfe, 0x45, 0x3, 0x38, 0x7e, 0x94, 0x15,
    0x3, 0xfa, 0xc1, 0x28, 0x3e, 0xf4, 0xf9, 0x5e,
    0xf, 0xbf, 0xf0, 0x7f, 0xf7, 0x3f, 0xf0, 0x7d,
    0xf9, 0xfe, 0xe, 0x46, 0x3c, 0x14, 0x86, 0x83,
    0x36, 0xa, 0x5, 0x21, 0xce, 0x25, 0x0, 0xc1,
    0xfa, 0x58, 0x18, 0x15, 0xfc, 0x26, 0x0,

    /* U+6062 "恢" */
    0xf, 0xfe, 0x33, 0x6, 0xc3, 0xff, 0x9f, 0x3e,
    0x3f, 0xc0, 0xb0, 0x3c, 0xfa, 0xf8, 0xe, 0x69,
    0xe0, 0x41, 0xf9, 0x42, 0xc1, 0xa0, 0x21, 0xf4,
    0x13, 0x82, 0xc, 0xa1, 0xa, 0x43, 0xea, 0xb4,
    0x8, 0x7c, 0xa2, 0x71, 0x83, 0xea, 0x4, 0xd8,
    0x7e, 0x82, 0xe5, 0x83, 0xe4, 0x1a, 0x8e, 0x43,
    0xf7, 0x40, 0xbc, 0x13, 0x5, 0xa1, 0xd0,

    /* U+606F "息" */
    0xf, 0x94, 0x1f, 0xfc, 0x28, 0x3f, 0xef, 0xc5,
    0xf8, 0x3e, 0xff, 0xc1, 0xfb, 0xff, 0x7, 0xef,
    0xfc, 0x1f, 0xab, 0xf0, 0x7e, 0xaf, 0xb0, 0xff,
    0xe1, 0xa1, 0xfb, 0xff, 0x7, 0xdf, 0x8b, 0xf0,
    0x76, 0x60, 0xe4, 0xe, 0x12, 0x83, 0xa0, 0x2d,
    0x2, 0x80, 0x40, 0xa2, 0x24, 0x10, 0x29, 0xfc,
    0x83, 0x0,

    /* U+60C5 "情" */
    0x6, 0x1e, 0x90, 0xff, 0x5f, 0x37, 0xd0, 0x69,
    0xbe, 0x6f, 0xa0, 0x47, 0x9f, 0x9b, 0xe0, 0xe4,
    0x7e, 0x6f, 0x80, 0xe0, 0xfe, 0x6f, 0xc6, 0x13,
    0xff, 0xe2, 0x43, 0x75, 0xde, 0xf, 0xea, 0xf0,
    0x7f, 0xbf, 0xa0, 0xff, 0x7f, 0x83, 0xfd, 0xfe,
    0xf, 0xf7, 0xf4, 0x1f, 0xfc, 0x2e, 0x40,

    /* U+60F3 "想" */
    0xd, 0x85, 0xfe, 0xc, 0x87, 0x7e, 0xb, 0xd1,
    0xe8, 0x3f, 0x79, 0x3d, 0x1f, 0x83, 0x92, 0xb,
    0xf0, 0x6e, 0x3c, 0x9f, 0x82, 0x94, 0x3a, 0x7e,
    0xd, 0x7, 0xff, 0x6, 0xf, 0x3f, 0x83, 0xd0,
    0x3b, 0xf8, 0x2c, 0x11, 0xe0, 0xa8, 0x4, 0x3d,
    0x2, 0x8a, 0x28, 0x1c, 0x88, 0x28, 0x48, 0xaf,
    0xd6, 0x38,

    /* U+610F "意" */
    0xf, 0xfe, 0x45, 0x3, 0xef, 0xe5, 0x7f, 0x3,
    0xd3, 0xf9, 0x5e, 0x1a, 0x6d, 0x64, 0xa2, 0xbe,
    0xbf, 0x5f, 0x1, 0xaf, 0xf2, 0x82, 0xff, 0xc1,
    0xee, 0xbd, 0x87, 0xba, 0xf6, 0x1c, 0xff, 0xe0,
    0xef, 0x58, 0xfc, 0x85, 0x2, 0x3c, 0x83, 0xc2,
    0xc1, 0x95, 0x45, 0x46, 0x17, 0xe6, 0x28,

    /* U+611B "愛" */
    0xf, 0xe5, 0x50, 0x37, 0xfa, 0xcf, 0x6, 0xdb,
    0xc5, 0x18, 0x3d, 0xc1, 0xcb, 0x5, 0xe8, 0xf1,
    0xe9, 0xf2, 0xf, 0xd3, 0xfc, 0x1d, 0x1b, 0xc0,
    0xc3, 0x6a, 0x9, 0x9a, 0x79, 0x5, 0x8f, 0xd6,
    0xd0, 0x2c, 0x27, 0xe4, 0x60, 0xed, 0x5f, 0xa0,
    0xeb, 0x57, 0xd1, 0x6, 0xbd, 0x79, 0xf8, 0x3a,
    0x47, 0x20, 0x21, 0xd7, 0xff, 0xf0, 0x12, 0xf4,
    0x84, 0xdf, 0x20,

    /* U+614B "態" */
    0xf, 0xfe, 0x3d, 0x3, 0x61, 0x41, 0xae, 0x34,
    0x17, 0x61, 0x6d, 0xe6, 0x7, 0xa6, 0x7, 0xf5,
    0x87, 0x28, 0x2e, 0xaf, 0x17, 0x4e, 0xf, 0x90,
    0x56, 0xd0, 0xd5, 0x61, 0x37, 0x83, 0xab, 0x5,
    0xdc, 0x86, 0xab, 0xa, 0xa, 0xf, 0x79, 0x1f,
    0xc8, 0x48, 0xfd, 0x4f, 0x98, 0xa, 0x34, 0x42,
    0x40, 0x82, 0x81, 0xd0, 0xe7, 0x2, 0x4e, 0xfd,
    0x63, 0x0,

    /* U+61B6 "憶" */
    0xf, 0xfe, 0x32, 0x83, 0xa4, 0x3f, 0xef, 0x9b,
    0xe4, 0x36, 0x9b, 0x7c, 0x68, 0x30, 0x4a, 0x35,
    0x6b, 0x6, 0xc2, 0xf0, 0x2c, 0x32, 0x9, 0xff,
    0xc8, 0xe0, 0x46, 0xbc, 0x81, 0x41, 0xdd, 0x70,
    0x7f, 0xba, 0xe0, 0xfe, 0x69, 0xd4, 0x1f, 0xd7,
    0x3d, 0x10, 0xfa, 0x62, 0xd0, 0x41, 0xe5, 0x5,
    0x3c, 0x87, 0xa1, 0xfc, 0xc,

    /* U+6210 "成" */
    0xf, 0xec, 0x90, 0xff, 0xe1, 0x46, 0x1b, 0xfe,
    0x3d, 0x18, 0x6b, 0xf8, 0xfe, 0xc, 0x87, 0xff,
    0xd, 0xf, 0x20, 0xc3, 0xaf, 0x91, 0x4, 0x87,
    0x7c, 0x1b, 0x18, 0x3f, 0xed, 0x90, 0xff, 0x22,
    0x30, 0x7f, 0xf0, 0xa0, 0x20, 0x51, 0xe4, 0x76,
    0x6, 0xb, 0x3d, 0x57, 0x10, 0x84, 0x84, 0x98,
    0x33, 0x41, 0x86, 0x60, 0xd7, 0x0,

    /* U+6216 "或" */
    0xf, 0xd9, 0x40, 0xff, 0xe0, 0xd3, 0x7, 0xfe,
    0x3e, 0x33, 0xff, 0x17, 0xe0, 0xff, 0xe2, 0xff,
    0x42, 0x16, 0x1b, 0xe8, 0x3a, 0x43, 0xfd, 0xe1,
    0x83, 0xec, 0xa, 0x90, 0xcf, 0xce, 0x13, 0x6,
    0xbf, 0x21, 0x20, 0x40, 0xd3, 0xd3, 0xa8, 0x1b,
    0x7a, 0xf1, 0x73, 0xa, 0xa2, 0x4, 0xc1, 0x1a,
    0x0,

    /* U+622A "截" */
    0xc, 0xc1, 0x31, 0x6, 0x7d, 0x3e, 0x82, 0xf0,
    0x4f, 0xa7, 0xd0, 0x4c, 0x82, 0xb3, 0x59, 0xa7,
    0x81, 0x64, 0xf5, 0x15, 0x83, 0x90, 0xc8, 0x48,
    0x69, 0xdb, 0xc1, 0xa0, 0xa3, 0xd4, 0xf0, 0x4a,
    0xe, 0xeb, 0x22, 0xac, 0x28, 0xeb, 0x27, 0x8,
    0x77, 0x59, 0xb, 0xf, 0x75, 0x92, 0xa, 0xd,
    0xea, 0x7a, 0x6c, 0x43, 0x7f, 0x24, 0xad, 0xb,
    0xe, 0xa0, 0x2e, 0x0,

    /* U+6240 "所" */
    0xf, 0xfe, 0x42, 0xb8, 0x26, 0xf0, 0x5f, 0xa8,
    0x7c, 0x78, 0x37, 0x44, 0x2e, 0x81, 0xe5, 0xc1,
    0xff, 0xc0, 0xfa, 0xf, 0xfe, 0x5, 0x41, 0xbf,
    0xa0, 0xff, 0x7a, 0x38, 0x2f, 0x83, 0xfe, 0x4f,
    0xc2, 0x1f, 0xc8, 0x79, 0xf, 0xfe, 0x17, 0x83,
    0xef, 0x7, 0x28, 0x3e, 0x50, 0x69, 0xf, 0xc8,
    0x73, 0x7, 0xe8, 0x3b, 0xc, 0xe0,

    /* U+6253 "打" */
    0xa, 0x43, 0xff, 0x8d, 0xff, 0xa0, 0xfb, 0xf4,
    0x7a, 0x3c, 0xdc, 0x1f, 0xef, 0x37, 0x7, 0xff,
    0x4d, 0xf, 0xf9, 0x57, 0x83, 0xfd, 0xc3, 0xc1,
    0xfe, 0xf3, 0x87, 0xff, 0xc1, 0xd4, 0x13, 0xea,
    0x6, 0x7c, 0x19, 0xf9, 0x8,

    /* U+626B "扫" */
    0xa, 0x43, 0xff, 0x88, 0xd7, 0xc1, 0xf3, 0xfe,
    0x51, 0xe6, 0xd7, 0xf0, 0x3c, 0xda, 0x1f, 0xfd,
    0x5, 0x7f, 0x90, 0x33, 0x43, 0xfc, 0x14, 0xb,
    0x43, 0xc8, 0x39, 0xf, 0xfe, 0xda, 0x1f, 0x5f,
    0xe0, 0xad, 0x45, 0xfe, 0x41, 0x78, 0x3f, 0xa4,

    /* U+626C "扬" */
    0xb, 0x7, 0xfc, 0x87, 0xef, 0xe1, 0x41, 0xff,
    0xc0, 0xd8, 0x37, 0x8f, 0x1, 0xe8, 0x1d, 0xe3,
    0xc5, 0x48, 0x7f, 0xd2, 0x5f, 0xc1, 0xf5, 0xcf,
    0x38, 0x64, 0xe0, 0x50, 0xa0, 0x6f, 0x1c, 0x50,
    0x50, 0x77, 0x5, 0xe4, 0xa0, 0xa0, 0xfa, 0x49,
    0xf, 0xf9, 0x22, 0x7, 0x83, 0xf4, 0x41, 0x28,
    0x1e, 0x41, 0x70, 0x3c, 0x85, 0xe8, 0x12, 0x17,
    0xa0, 0x0,

    /* U+627E "找" */
    0xb, 0xc, 0xc2, 0x1f, 0xfc, 0x14, 0x18, 0x7f,
    0xc8, 0x1a, 0x5, 0xe3, 0xc1, 0xc8, 0x20, 0x78,
    0xf3, 0xe3, 0xf8, 0x3e, 0x7c, 0x74, 0x50, 0x7f,
    0x94, 0xc, 0x32, 0x78, 0x36, 0x50, 0xf, 0x8f,
    0x5, 0xae, 0x3, 0xc1, 0xe4, 0xb0, 0xff, 0xe0,
    0x22, 0x4, 0x3f, 0xaa, 0x41, 0xa1, 0xeb, 0x35,
    0x62, 0x8b, 0xb, 0xd0, 0x27, 0x41, 0x78, 0x8,
    0x75, 0xc0,

    /* U+629E "択" */
    0xa, 0x41, 0x7f, 0xc1, 0xfc, 0xff, 0x7, 0xff,
    0x1f, 0xcd, 0xc1, 0xfe, 0xf3, 0x70, 0x7f, 0xf5,
    0x5f, 0xe0, 0xca, 0xb8, 0xbc, 0x7c, 0xf, 0xf,
    0x7, 0xfb, 0x9c, 0xa, 0x3, 0x7, 0xff, 0xa,
    0x43, 0xfa, 0x43, 0x38, 0x7c, 0xa8, 0x34, 0x60,
    0xb5, 0x10, 0x7b, 0x51, 0x78, 0x50, 0x7d, 0x20,

    /* U+62DF "拟" */
    0xf, 0xfe, 0x33, 0x3, 0xe, 0x70, 0xff, 0x61,
    0x90, 0xff, 0x30, 0x7a, 0xe7, 0xa, 0x43, 0xd7,
    0x38, 0x65, 0x1e, 0xf, 0xfb, 0x84, 0x3f, 0xf8,
    0xe, 0x4, 0x27, 0x70, 0xff, 0xa8, 0xac, 0x32,
    0x22, 0xb, 0x83, 0xa8, 0x4c, 0x1f, 0xd9, 0xa4,
    0x21, 0xe4, 0xa1, 0x42, 0x81, 0x60, 0x74, 0xd4,
    0x21, 0x6e, 0x19, 0x50, 0x50, 0x3c, 0x86, 0x60,
    0xc8,

    /* U+62E9 "择" */
    0xf, 0xfe, 0x3e, 0xb, 0xfe, 0x43, 0xea, 0x1f,
    0x42, 0x1f, 0x96, 0x5, 0x2, 0xf1, 0xe0, 0x51,
    0xe4, 0x2f, 0x1e, 0x9, 0x84, 0x3f, 0x9b, 0xeb,
    0xc8, 0x73, 0x7c, 0xef, 0x61, 0x44, 0x48, 0x73,
    0x3, 0x7, 0x1f, 0x1f, 0x5, 0xc1, 0xbe, 0x3e,
    0xf, 0xfe, 0xa, 0x1f, 0xef, 0xc5, 0xf2, 0x1e,
    0xfc, 0x7e, 0x4b, 0x43, 0xff, 0x80,

    /* U+6302 "挂" */
    0xb, 0xf, 0x61, 0xff, 0xcf, 0x7e, 0x3e, 0x41,
    0xe3, 0xcf, 0xc7, 0xc8, 0x3c, 0x78, 0x3f, 0xf8,
    0x9f, 0x8f, 0xc1, 0xf7, 0xff, 0x7, 0x78, 0x36,
    0x1e, 0xf1, 0x61, 0xff, 0x78, 0x4b, 0xe3, 0xe8,
    0x3e, 0xbe, 0x3e, 0x83, 0xff, 0xad, 0xe4, 0xbf,
    0x1f, 0x93, 0xd1, 0x7f, 0xf2,

    /* U+6309 "按" */
    0xf, 0xfe, 0x3e, 0x1e, 0xc3, 0xff, 0x88, 0x87,
    0xfa, 0xf8, 0xbe, 0x7, 0x8f, 0x17, 0x4f, 0x82,
    0xf1, 0xf0, 0x20, 0xc8, 0x7c, 0xa0, 0x21, 0x41,
    0xf7, 0xc7, 0xf2, 0x1a, 0x9e, 0x3e, 0x6d, 0x2c,
    0x11, 0x21, 0x28, 0x2f, 0x10, 0x10, 0x94, 0x19,
    0xe, 0xfa, 0xa0, 0xff, 0x99, 0x20, 0xff, 0x3d,
    0xe3, 0x41, 0x61, 0x5d, 0x82, 0xa0, 0x5e, 0x5,
    0x10, 0xce, 0x0,

    /* U+633F "挿" */
    0xf, 0xfe, 0x3e, 0xb, 0xd7, 0x28, 0x3f, 0x5e,
    0x89, 0x41, 0xff, 0xc7, 0xf1, 0xdf, 0x8f, 0xc9,
    0xe3, 0xbf, 0x1f, 0x90, 0xf3, 0xf1, 0xf8, 0x3e,
    0xef, 0x1f, 0x7, 0xbc, 0x61, 0x22, 0x17, 0x8b,
    0x1a, 0x1d, 0x85, 0xe1, 0x5, 0x45, 0x41, 0xfd,
    0x78, 0xf8, 0x3f, 0x77, 0x8f, 0x90, 0xf9, 0x41,
    0xe8, 0x16, 0x1f, 0xfc, 0x10,

    /* U+6355 "捕" */
    0xb, 0xf, 0x64, 0x87, 0xff, 0xa, 0xe0, 0xfb,
    0xf1, 0xe5, 0x3, 0xc7, 0xf8, 0xfc, 0xf, 0x1e,
    0xf, 0xfe, 0x23, 0xf1, 0xf8, 0x3c, 0xf7, 0x8f,
    0x82, 0x63, 0xc5, 0xe3, 0xe0, 0x30, 0x3b, 0xbc,
    0x7c, 0x7, 0x83, 0xff, 0x91, 0x78, 0xf8, 0x3f,
    0xaf, 0x1f, 0x7, 0xff, 0x1e, 0xd0, 0xfd, 0x68,
    0x2e, 0x2, 0x81, 0x97, 0x0,

    /* U+635F "损" */
    0xb, 0xb, 0xfe, 0xf, 0xf7, 0xf0, 0x72, 0x21,
    0xff, 0xc0, 0xe2, 0x80, 0xfe, 0xd, 0xe3, 0x8f,
    0xf8, 0x3f, 0x3f, 0xf2, 0x1e, 0x47, 0xf9, 0xc,
    0x9e, 0xd, 0x87, 0xbc, 0x70, 0x7f, 0xdc, 0x1f,
    0xfc, 0xa5, 0x3, 0xf, 0xcc, 0xd6, 0x50, 0x7c,
    0xf6, 0x5e, 0x41, 0x68, 0xd3, 0x9, 0xe4, 0xb8,
    0x74, 0x3d, 0xa0,

    /* U+636E "据" */
    0xb, 0x3, 0xff, 0x83, 0xf3, 0xfe, 0x9, 0x42,
    0x83, 0xfe, 0xf1, 0xe1, 0xff, 0x5, 0x42, 0x83,
    0xf1, 0xf0, 0x7f, 0xf2, 0x9d, 0xf8, 0xf9, 0x4,
    0x60, 0x7e, 0x3e, 0x4c, 0x1a, 0x61, 0xfd, 0xc1,
    0xdf, 0x1f, 0x7, 0xca, 0x3f, 0x83, 0xff, 0x97,
    0x40, 0xff, 0x5a, 0x28, 0x1f, 0xc0,

    /* U+6383 "掃" */
    0xb, 0x3, 0xff, 0x7, 0xe7, 0xfc, 0x1f, 0xef,
    0xf0, 0x6f, 0x1c, 0x7f, 0x83, 0x78, 0xe7, 0xfc,
    0x1f, 0xcf, 0xfc, 0x1f, 0x3f, 0xfc, 0x6, 0x2d,
    0xf8, 0xf8, 0x2f, 0x14, 0x3e, 0x3e, 0xa, 0x42,
    0x8f, 0x1e, 0x30, 0xff, 0xf0, 0xe1, 0xad, 0xb,
    0xd, 0xe0, 0x0,

    /* U+6388 "授" */
    0xf, 0xf9, 0x50, 0x76, 0xb, 0xd4, 0x6, 0x1f,
    0xa9, 0xc2, 0xb4, 0x14, 0x24, 0x80, 0x81, 0x41,
    0xf9, 0x2, 0x50, 0x2a, 0x13, 0x14, 0x27, 0x83,
    0xe6, 0xbb, 0x90, 0xe5, 0x7, 0xfc, 0xc6, 0x7f,
    0xd6, 0xf, 0x12, 0x4f, 0xc8, 0x69, 0xc, 0xa0,
    0x98, 0x3f, 0xd6, 0xf8, 0x3f, 0xe5, 0x48, 0x7f,
    0x9b, 0x27, 0x42, 0xf2, 0x37, 0xa7, 0xbc, 0xf,
    0x43, 0xa1, 0x9b, 0x0,

    /* U+6392 "排" */
    0xb, 0xe, 0xc6, 0xf, 0xfe, 0x6a, 0xa0, 0x96,
    0x7, 0x8f, 0x26, 0x1f, 0xbc, 0x78, 0x50, 0x4b,
    0x7, 0xff, 0x5, 0xf, 0xe7, 0xc1, 0xbc, 0x1d,
    0xe7, 0xc1, 0x3e, 0x7, 0x1e, 0xf, 0xfb, 0x82,
    0xf8, 0x27, 0xd0, 0x7b, 0xe0, 0xde, 0x83, 0xff,
    0x80, 0x87, 0xff, 0x22, 0xd0, 0xff, 0xe0, 0xdc,
    0x1d, 0x8c, 0x10,

    /* U+639B "掛" */
    0xf, 0xfe, 0x33, 0x5, 0x5, 0x87, 0xff, 0x35,
    0xdf, 0x21, 0xcf, 0x3b, 0xbe, 0x43, 0x9e, 0x70,
    0xff, 0xe2, 0x79, 0xf4, 0x61, 0xf3, 0xeb, 0xd1,
    0x61, 0x33, 0x3, 0xc, 0xf8, 0xa0, 0xe0, 0x50,
    0x76, 0x5c, 0xb, 0x2d, 0xf, 0xf5, 0xbe, 0x43,
    0xff, 0x80, 0xb8, 0x3f, 0x9f, 0x38, 0x87, 0xbb,
    0x7d, 0x44, 0x3e, 0xf2, 0x1f, 0x61, 0x80,

    /* U+63A2 "探" */
    0xb, 0x7, 0xff, 0x7, 0xef, 0xf8, 0x3f, 0x21,
    0x90, 0x20, 0xf1, 0xb1, 0xa0, 0xc8, 0x1e, 0x34,
    0xd4, 0x36, 0x1f, 0xba, 0x8, 0xa8, 0x39, 0x5a,
    0x8, 0x14, 0x3, 0x19, 0xf8, 0xfc, 0x8, 0x13,
    0xe8, 0x2f, 0x81, 0xc1, 0xd4, 0x18, 0x3f, 0xd2,
    0x89, 0x41, 0xfa, 0x20, 0xba, 0x7, 0xae, 0xe,
    0xd4, 0x5a, 0x48, 0x7d, 0xa0,

    /* U+63A7 "控" */
    0xb, 0xf, 0x61, 0xff, 0xc4, 0x83, 0xfd, 0xea,
    0x25, 0x38, 0xf1, 0xc7, 0x5f, 0x3, 0xc7, 0x41,
    0xc7, 0x18, 0x3c, 0xab, 0x1b, 0xf, 0xd4, 0xc2,
    0x6c, 0x3a, 0xac, 0x39, 0xc1, 0x67, 0x1f, 0xf2,
    0xf, 0x8, 0x3e, 0x3e, 0x40, 0x87, 0xff, 0x75,
    0xe, 0xb4, 0x7f, 0x17, 0xd1, 0x70, 0xff, 0xf4,

    /* U+63A8 "推" */
    0xb, 0xd, 0x82, 0xf, 0xf9, 0x40, 0x43, 0xfe,
    0x85, 0xa5, 0x3, 0xc7, 0x90, 0x79, 0x3c, 0xf,
    0x1e, 0x8a, 0x8a, 0x83, 0xd2, 0x1f, 0xfc, 0x38,
    0xf8, 0xf4, 0x1d, 0xa0, 0xf8, 0xf4, 0xf, 0x16,
    0x1f, 0xf7, 0x84, 0x2f, 0x8f, 0x83, 0xfb, 0xe3,
    0xe0, 0xff, 0xe6, 0xfc, 0x7c, 0x96, 0x86, 0xff,
    0x92, 0xe0, 0xb0, 0xfc,

    /* U+63CF "描" */
    0xb, 0xd, 0x85, 0x87, 0xff, 0x37, 0xc7, 0xc7,
    0x81, 0xe3, 0xbc, 0x7c, 0x78, 0x1e, 0x38, 0x3f,
    0xf8, 0xd0, 0x50, 0x7f, 0x3d, 0xf5, 0xc1, 0x27,
    0xf, 0x8f, 0x41, 0x71, 0xc1, 0xff, 0x78, 0x33,
    0xe3, 0xd0, 0x7f, 0x3e, 0x3d, 0x7, 0xff, 0x35,
    0xf1, 0xe8, 0x2b, 0x42, 0x7f, 0xa0, 0x0,

    /* U+63D2 "插" */
    0xf, 0xfe, 0x33, 0x2, 0xf5, 0xc8, 0x7f, 0x5e,
    0x89, 0xc, 0xea, 0xf, 0xfe, 0x6, 0x9b, 0xf8,
    0xfc, 0x94, 0x67, 0xf1, 0xf9, 0xf, 0xc8, 0x7f,
    0xf0, 0x6f, 0x5, 0xf0, 0x5b, 0xab, 0x82, 0xf0,
    0x1d, 0x5a, 0x1f, 0xe7, 0x83, 0x78, 0x2f, 0x7,
    0xf7, 0x82, 0xf0, 0x7f, 0xf3, 0x7e, 0x3e, 0xa,
    0x98, 0x57, 0xf4, 0x15, 0xa0, 0xd0, 0xe7, 0x0,

    /* U+63DA "揚" */
    0xb, 0xb, 0xfe, 0xf, 0xf7, 0xf0, 0x7c, 0x85,
    0xfc, 0x1a, 0x85, 0x1, 0xfc, 0x1a, 0x87, 0x3,
    0xf8, 0x3f, 0xdf, 0xf0, 0x79, 0x5f, 0xfc, 0x8c,
    0x5e, 0x8f, 0xf2, 0x59, 0xc4, 0x7f, 0x40, 0xd0,
    0xbb, 0x36, 0x81, 0xf3, 0x3e, 0x14, 0x1f, 0x95,
    0x42, 0x81, 0xfe, 0xf2, 0x84, 0xf0, 0x2c, 0x29,
    0x2a, 0xd4, 0xb, 0xc0, 0x41, 0x97, 0x80,

    /* U+640D "損" */
    0xb, 0xb, 0xfe, 0xf, 0xf7, 0xf0, 0x65, 0xa,
    0x2, 0xf0, 0x6f, 0x1e, 0x20, 0xe8, 0x2a, 0x14,
    0x3f, 0xe4, 0x3e, 0x4a, 0xe3, 0xe, 0x61, 0xae,
    0x43, 0x44, 0x6, 0xb9, 0x3, 0xa7, 0x7, 0xf9,
    0xf0, 0x66, 0xb9, 0xf, 0xe6, 0xb9, 0xf, 0xc9,
    0xd5, 0x98, 0x7c, 0xa2, 0xa0, 0x20, 0xb0, 0x55,
    0x85, 0xf0, 0x2f, 0x16, 0x87, 0x38,

    /* U+6416 "搖" */
    0xf, 0xfe, 0x3e, 0x1e, 0xc3, 0xff, 0x82, 0xe7,
    0xe0, 0xfd, 0x77, 0xc6, 0xf, 0x1e, 0xb9, 0xde,
    0xb, 0xc7, 0xae, 0x1b, 0x43, 0xfb, 0x7e, 0xf,
    0xf7, 0x1a, 0x1f, 0x27, 0x60, 0xfe, 0x81, 0x3,
    0x95, 0xe3, 0xe8, 0x12, 0x6, 0x7c, 0x7e, 0x83,
    0x9e, 0xf1, 0xf5, 0x3, 0xec, 0x3d, 0x7, 0xe6,
    0x85, 0x41, 0x5a, 0x15, 0xeb, 0xe0, 0xae, 0x9,
    0x7e, 0xc0,

    /* U+641C "搜" */
    0xf, 0xfe, 0x3e, 0x19, 0x30, 0xff, 0x9c, 0x37,
    0xc0, 0x50, 0x9c, 0x85, 0xe0, 0xbc, 0x69, 0x61,
    0x78, 0x2a, 0x12, 0x58, 0x5e, 0xf, 0xfe, 0x6d,
    0xe3, 0xe0, 0xd1, 0x37, 0xc7, 0xe0, 0x78, 0x9b,
    0xe3, 0xe8, 0x1a, 0x14, 0x5f, 0x88, 0x3f, 0x72,
    0xe, 0xf, 0xf7, 0x4e, 0x43, 0xf9, 0x82, 0x90,
    0xad, 0x2f, 0xd7, 0x79, 0x2e, 0x2e, 0x42, 0x6d,

    /* U+6447 "摇" */
    0xb, 0xe, 0x55, 0x34, 0x3e, 0xf5, 0xfc, 0x87,
    0xd5, 0x79, 0x54, 0x7, 0x8d, 0x50, 0xc0, 0x60,
    0x78, 0xd1, 0x6, 0x30, 0x7f, 0x3f, 0xaa, 0xf,
    0xbb, 0xc7, 0xd0, 0x49, 0xb2, 0x1f, 0xde, 0x32,
    0xf8, 0xfc, 0xe, 0x3, 0x7c, 0x7d, 0x7, 0xd0,
    0x7d, 0x87, 0xff, 0x31, 0x10, 0x90, 0xbc, 0x81,
    0xed, 0xa8, 0x2f, 0x40, 0xaf, 0xb8,

    /* U+6458 "摘" */
    0xf, 0xfe, 0x33, 0x7, 0x30, 0x7f, 0x9f, 0xa7,
    0xf0, 0x79, 0xe7, 0xe3, 0xc3, 0xce, 0x5, 0x1,
    0x41, 0x3c, 0xe7, 0x8f, 0x4f, 0x7, 0xef, 0x9f,
    0x41, 0xfc, 0xf9, 0xf0, 0x76, 0xe8, 0xf9, 0xf0,
    0x4e, 0x9a, 0x19, 0xe, 0x79, 0xd, 0xce, 0x87,
    0xff, 0x2, 0xa0, 0xff, 0xe0, 0xfa, 0xf, 0xfe,
    0x3, 0xf2, 0x1b, 0xb0, 0xd0, 0x5d, 0x83, 0xc8,
    0x30, 0xef, 0x20,

    /* U+64AD "播" */
    0xf, 0xfe, 0x3e, 0xb, 0xa6, 0xb0, 0x7e, 0x9a,
    0xa, 0x83, 0x21, 0xc8, 0x54, 0xb, 0x8e, 0x2c,
    0x25, 0x5, 0xe3, 0xf3, 0x99, 0xe0, 0xf3, 0xe5,
    0xd, 0xe0, 0xe5, 0x11, 0x17, 0x6, 0x8f, 0x88,
    0x2b, 0xc9, 0xe2, 0xe7, 0xc7, 0xa8, 0x9a, 0x4,
    0x7c, 0x79, 0xf, 0xe7, 0xc7, 0x90, 0xfe, 0x7c,
    0x79, 0xf, 0xfe, 0x3d, 0xa1, 0x34, 0x68, 0x85,
    0x70, 0x1e, 0xbb, 0x40,

    /* U+64C7 "擇" */
    0xb, 0x5, 0xff, 0x83, 0xf5, 0x99, 0xe0, 0x94,
    0x20, 0xd1, 0x14, 0x17, 0x8d, 0xb2, 0xa0, 0x40,
    0xa1, 0x2b, 0xe3, 0xe0, 0xfc, 0xd4, 0x54, 0x87,
    0xff, 0x1d, 0x36, 0x9c, 0xde, 0x81, 0xe3, 0x68,
    0x54, 0x70, 0x38, 0x2b, 0x3e, 0x38, 0x3e, 0xbe,
    0x3e, 0x83, 0xcf, 0xe3, 0xf2, 0x1c, 0xfe, 0x3f,
    0x25, 0xa1, 0xff, 0xc0,

    /* U+64CD "操" */
    0x3, 0x5, 0xfe, 0xf, 0xfb, 0xf0, 0x73, 0xa8,
    0x25, 0xc1, 0xda, 0x60, 0x83, 0x41, 0xa8, 0xc7,
    0x4d, 0xa7, 0x7, 0x95, 0xe4, 0x7c, 0x1e, 0x4c,
    0x3f, 0xce, 0xe5, 0xe1, 0x5e, 0xb, 0x19, 0xfd,
    0x7d, 0x2, 0xc1, 0x7e, 0x3f, 0x7, 0xaf, 0x21,
    0x7c, 0x1f, 0xb3, 0x3c, 0x87, 0xd7, 0x40, 0xba,
    0x2, 0x99, 0xe4, 0x3b, 0xc0, 0xb4, 0x43, 0x61,
    0x20,

    /* U+64E6 "擦" */
    0xf, 0xfe, 0x33, 0x7, 0x48, 0x7f, 0x9f, 0x9b,
    0xe8, 0x2c, 0x2a, 0x7f, 0x90, 0x6a, 0xd2, 0xb7,
    0x70, 0x39, 0xca, 0x98, 0x84, 0x3d, 0x43, 0x87,
    0x83, 0xeb, 0xca, 0x21, 0xd, 0xb8, 0x13, 0xeb,
    0xb, 0x57, 0x1d, 0xf3, 0xc0, 0xe0, 0x4f, 0xfd,
    0x7, 0xdd, 0xcf, 0x61, 0xf9, 0xc3, 0x70, 0x7c,
    0xd0, 0x34, 0x20, 0xa6, 0x39, 0xd8, 0x24,

    /* U+64EC "擬" */
    0xf, 0xfe, 0x3c, 0x48, 0xaf, 0xe0, 0xfb, 0xe7,
    0xe2, 0x9, 0xd, 0xc3, 0x45, 0x3, 0x9c, 0xc1,
    0xbb, 0x5, 0xe7, 0xd7, 0xa1, 0xb0, 0xfc, 0xf8,
    0xa6, 0xc1, 0x2a, 0xdf, 0x14, 0x64, 0x14, 0x37,
    0x35, 0x4, 0x85, 0x2a, 0xd, 0x5, 0x2, 0x46,
    0xce, 0xb, 0xc1, 0xcf, 0x1c, 0x17, 0x83, 0xe9,
    0x91, 0xf, 0xe9, 0x8a, 0x83, 0xbe, 0x48, 0x95,
    0x9e, 0x4f, 0x2a, 0xa, 0x7, 0xc8,

    /* U+64F7 "擷" */
    0xf, 0xfe, 0x3c, 0x16, 0x3f, 0xc1, 0xfe, 0x79,
    0xf0, 0x48, 0x3c, 0x73, 0x88, 0x5c, 0xfc, 0x74,
    0x7, 0x3, 0xce, 0x1e, 0xa8, 0x3e, 0xb3, 0x7,
    0xc1, 0xcd, 0x3e, 0x7, 0xc1, 0x38, 0x7f, 0x90,
    0xa5, 0x53, 0xb0, 0x54, 0x17, 0x5, 0x44, 0x14,
    0xc3, 0xff, 0x83, 0xf0, 0x7e, 0xa2, 0x4e, 0xc1,
    0x21, 0x53, 0x28, 0x78, 0x1d, 0x9a, 0xb, 0x2,
    0xc0,

    /* U+6536 "收" */
    0xf, 0xfe, 0x3e, 0x83, 0xf, 0x90, 0xff, 0xe1,
    0x41, 0xc8, 0x7f, 0xf0, 0xa3, 0xf9, 0xf, 0xd7,
    0xc6, 0x87, 0xa3, 0x2, 0x83, 0xed, 0xd0, 0x78,
    0x3e, 0xf0, 0xa1, 0x41, 0xfe, 0xa9, 0x9, 0x2c,
    0x39, 0x50, 0x59, 0xe0, 0xe4, 0x42, 0xb4, 0x3a,
    0x68, 0x1f, 0xce, 0x4d, 0xa1, 0xf5, 0x40, 0x7c,
    0x0,

    /* U+6539 "改" */
    0xf, 0xfe, 0x5b, 0x7, 0x5f, 0xc0, 0xf0, 0x75,
    0xf8, 0x24, 0x3f, 0xf8, 0x29, 0x7e, 0x43, 0xe8,
    0xf8, 0xd5, 0xf8, 0x43, 0xfd, 0xfe, 0x91, 0x41,
    0xfa, 0x18, 0xb0, 0xff, 0xe0, 0x42, 0x1f, 0xf4,
    0xc1, 0xf5, 0x85, 0x98, 0x77, 0x8c, 0x13, 0xa8,
    0x1b, 0x70, 0xee, 0x74, 0x28, 0x85, 0x4c, 0x2c,
    0x43, 0xda, 0x1d, 0x20,

    /* U+653E "放" */
    0xf, 0xfe, 0x3b, 0x6, 0x70, 0xfc, 0xa0, 0xda,
    0x1e, 0xa9, 0xa8, 0x43, 0xec, 0x7f, 0x1, 0xfc,
    0x8c, 0x2e, 0x8f, 0x8d, 0xd, 0xf2, 0xe1, 0xe,
    0x4f, 0x1b, 0xe3, 0x43, 0x90, 0xa8, 0xa1, 0x83,
    0xff, 0x80, 0xc1, 0xec, 0x3e, 0xd8, 0x39, 0xc3,
    0xd9, 0x87, 0x90, 0xe9, 0xd4, 0x17, 0x1, 0x4,
    0xe5, 0x10, 0x2d, 0xd3, 0x30, 0x3c, 0x8, 0x7c,
    0xf0, 0x76, 0x0,

    /* U+6548 "效" */
    0xf, 0xfe, 0x3d, 0x3, 0xb0, 0xfd, 0x21, 0xff,
    0xc0, 0xf8, 0xf8, 0x45, 0xc0, 0xe9, 0xeb, 0x33,
    0xd4, 0xb, 0x3, 0x1, 0xe8, 0x60, 0x58, 0x54,
    0x87, 0xea, 0x1, 0xc8, 0x85, 0x5, 0x11, 0x33,
    0xa7, 0x82, 0x51, 0x85, 0xb, 0x83, 0xa1, 0xd,
    0xc8, 0x79, 0x14, 0x12, 0x61, 0xcd, 0xd0, 0x2d,
    0x83, 0x34, 0x18, 0x1d, 0x1c, 0x2b, 0x40, 0xdc,
    0x93, 0x83, 0xe, 0xb4, 0x2b, 0x0,

    /* U+6557 "敗" */
    0xf, 0xe4, 0x3e, 0xff, 0x2, 0x43, 0xef, 0xc1,
    0x90, 0xff, 0xe0, 0xa5, 0x70, 0x5f, 0x81, 0x9e,
    0x1c, 0x2f, 0xc0, 0x5d, 0xa8, 0x3f, 0x4a, 0x6,
    0x1d, 0xf8, 0x60, 0x9c, 0x37, 0xe3, 0x28, 0x4,
    0x3f, 0xe5, 0x48, 0x77, 0xe0, 0xca, 0x83, 0x77,
    0xac, 0x24, 0x43, 0xa0, 0x68, 0x26, 0x81, 0xb8,
    0x14, 0x76, 0x56, 0x8b, 0x5, 0xce, 0xa, 0x86,
    0xe, 0xe0, 0xce, 0x0,

    /* U+6570 "数" */
    0x2, 0x49, 0x2, 0xf, 0xa0, 0x90, 0x90, 0xf9,
    0x63, 0x84, 0x3e, 0x88, 0x89, 0xcf, 0xc0, 0xa2,
    0x14, 0xb7, 0x8c, 0x28, 0x6f, 0x1, 0xf, 0x7a,
    0x3, 0xd0, 0xa, 0xb, 0x50, 0x84, 0xb7, 0x82,
    0xb9, 0xfa, 0x28, 0xa0, 0xa8, 0xf9, 0x83, 0x21,
    0xd0, 0x16, 0xf, 0xf7, 0xd4, 0xb, 0x94, 0x1d,
    0x94, 0x7, 0x3c, 0x83, 0xf3, 0xbc, 0x83, 0x93,
    0xc8, 0x4e, 0x86, 0xd0,

    /* U+6574 "整" */
    0xf, 0xfe, 0x2f, 0xfc, 0xd, 0xe, 0xf9, 0xf8,
    0x4b, 0xe4, 0x68, 0xf4, 0x27, 0xc4, 0x83, 0x9e,
    0x75, 0xb, 0x5, 0x47, 0xc7, 0x5c, 0x13, 0x81,
    0xb0, 0x2c, 0x1d, 0x3, 0xc8, 0x35, 0x41, 0x64,
    0xa9, 0xba, 0x66, 0xd, 0xdf, 0x92, 0xf3, 0x5,
    0xfc, 0xaf, 0xe4, 0x32, 0x81, 0x87, 0xff, 0x3,
    0x9, 0xac, 0x1f, 0xf3, 0x58, 0x37, 0xa7, 0xd3,
    0xfe, 0x40,

    /* U+6578 "數" */
    0xd, 0x87, 0x28, 0x39, 0xe2, 0x98, 0x30, 0xf6,
    0xe7, 0x84, 0x50, 0x7f, 0xf0, 0xff, 0x3, 0x73,
    0xc2, 0x8f, 0x18, 0x1b, 0x3d, 0x10, 0x14, 0x17,
    0xc7, 0xa8, 0x4f, 0x83, 0x78, 0xf1, 0xe7, 0x50,
    0x59, 0xa0, 0x90, 0x21, 0xdc, 0xaa, 0x61, 0x28,
    0x36, 0xde, 0x70, 0x94, 0x1e, 0x98, 0x41, 0x2c,
    0x1a, 0x64, 0x25, 0x54, 0x82, 0xfe, 0x55, 0x83,
    0x81, 0x68, 0x16, 0xc3, 0x60,

    /* U+6587 "文" */
    0xf, 0xa0, 0xff, 0xe2, 0x41, 0xff, 0xc2, 0x90,
    0xfd, 0xff, 0x1f, 0xe0, 0x51, 0x55, 0xe1, 0xa0,
    0x15, 0x2f, 0xc4, 0xa0, 0xe6, 0xd, 0x21, 0xfa,
    0x43, 0x30, 0x7f, 0x58, 0x38, 0x3f, 0xca, 0xe5,
    0x7, 0xfd, 0xc, 0x1f, 0xf3, 0xab, 0x43, 0xfa,
    0xbf, 0x7, 0x36, 0x68, 0x1c, 0xf2, 0xb, 0xd0,
    0x7a, 0xe8, 0x0,

    /* U+6599 "料" */
    0xf, 0xfe, 0x3c, 0x87, 0xd8, 0x6c, 0x36, 0x28,
    0x3e, 0x50, 0x14, 0x3c, 0x1e, 0xf0, 0x38, 0x16,
    0x1e, 0x60, 0x61, 0x90, 0xf7, 0x9a, 0x6e, 0x1f,
    0xbc, 0x3e, 0x7c, 0x87, 0xd0, 0xa0, 0xb4, 0x3e,
    0x55, 0x3, 0xea, 0x1, 0x40, 0xa3, 0x7c, 0xc,
    0x14, 0x3, 0x7f, 0x12, 0x8, 0x3a, 0x43, 0xf2,
    0x1f, 0xfd, 0x59, 0xf, 0xb0, 0x80,

    /* U+65B0 "新" */
    0xc, 0x87, 0xff, 0xe, 0xe, 0x6f, 0x20, 0xf8,
    0xf8, 0xfe, 0x41, 0xbf, 0x38, 0x24, 0x3e, 0x44,
    0x3f, 0xf8, 0x18, 0x3c, 0x1f, 0xee, 0x9b, 0x69,
    0xfc, 0x9f, 0x1f, 0x27, 0x8b, 0x43, 0xf2, 0x80,
    0x86, 0xf8, 0xf8, 0x3f, 0xbb, 0x3b, 0xf, 0xe7,
    0xa, 0x3c, 0x1f, 0x50, 0x2a, 0x28, 0x3e, 0x83,
    0x30, 0x7f, 0x26, 0x13, 0x7, 0xc0,

    /* U+65BC "於" */
    0xa, 0xf, 0xfe, 0x22, 0x1d, 0x40, 0xfa, 0x81,
    0xca, 0xe, 0xf8, 0xf2, 0x2a, 0x81, 0xb5, 0x7c,
    0x94, 0x44, 0x3b, 0xd, 0xc0, 0xa2, 0x1b, 0xb,
    0x90, 0xb8, 0x33, 0xeb, 0x54, 0x16, 0x1a, 0xe0,
    0x9f, 0x21, 0xca, 0xf, 0x30, 0x7f, 0x78, 0x32,
    0x83, 0xff, 0x80, 0x87, 0xca, 0xf, 0x79, 0xe,
    0xb0, 0x28, 0x15, 0x82, 0x46, 0xd0, 0xce, 0x19,
    0xcb, 0x83, 0xd0, 0x40,

    /* U+65E0 "无" */
    0x7, 0xff, 0xf0, 0x10, 0xbf, 0x8b, 0xf9, 0xf,
    0xe4, 0x3f, 0xfb, 0x9f, 0xe3, 0xfe, 0x5, 0x72,
    0xa, 0xf0, 0x17, 0x88, 0xb, 0xc1, 0xf2, 0x83,
    0xff, 0x83, 0x21, 0xff, 0xc1, 0x54, 0x1f, 0x21,
    0x9a, 0x7, 0xe8, 0x2a, 0x90, 0xff, 0xb3, 0x42,
    0xa7, 0xe4, 0x1c, 0x1c, 0xff, 0x40,

    /* U+65E5 "日" */
    0xf, 0xfe, 0xf, 0xff, 0x82, 0xff, 0xc1, 0xff,
    0xdc, 0xff, 0xc1, 0xbf, 0xf0, 0x7f, 0xfa, 0x3f,
    0xf0, 0x6f, 0xfc, 0x0,

    /* U+65F6 "时" */
    0xf, 0xfb, 0xa, 0xfc, 0x1f, 0xe7, 0xe0, 0xff,
    0xe2, 0xff, 0x1e, 0xf, 0xbf, 0x8f, 0x1, 0xe,
    0x43, 0xf5, 0x41, 0x41, 0xfb, 0xa0, 0x56, 0x1f,
    0xfc, 0x14, 0x43, 0xff, 0x83, 0xa1, 0xef, 0x83,
    0xff, 0x81, 0xf8, 0x3f, 0xd0, 0x7f, 0xf0, 0x90,
    0xfb, 0xe4, 0x20,

    /* U+6607 "昇" */
    0x3, 0xff, 0xe8, 0x39, 0xff, 0xd0, 0x79, 0xf,
    0xd8, 0x7d, 0x5f, 0x90, 0xf3, 0x5f, 0xc1, 0xe7,
    0xff, 0x41, 0xcf, 0x44, 0x7c, 0x70, 0x6e, 0xef,
    0x41, 0xfd, 0xd0, 0x43, 0xfd, 0xf8, 0xfe, 0x3e,
    0x4f, 0xc7, 0xf1, 0xf2, 0x1a, 0x43, 0xff, 0x83,
    0xb0, 0x7f, 0xf0, 0x3b, 0xf, 0xfe, 0xe, 0x87,
    0xd8, 0x60,

    /* U+660E "明" */
    0xfe, 0x7, 0xfc, 0x7c, 0x1b, 0xf8, 0x3f, 0xfb,
    0x3f, 0xc0, 0xf8, 0x35, 0x64, 0x1f, 0x6, 0x5d,
    0x7, 0xff, 0x25, 0x3f, 0x81, 0xf0, 0x37, 0xf4,
    0xf, 0xc3, 0x6, 0x4c, 0x34, 0x1f, 0xfc, 0x5,
    0x61, 0xc8, 0x75, 0x86, 0xf5, 0x3, 0x61, 0xdf,
    0x20,

    /* U+6620 "映" */
    0xf, 0xec, 0x3b, 0xa6, 0x1f, 0xfc, 0xa, 0x5,
    0xf1, 0xf0, 0x7f, 0x78, 0xf0, 0x7f, 0xf1, 0xe8,
    0x1f, 0xfc, 0x1e, 0xf, 0xfe, 0xa, 0x6, 0x2c,
    0xa1, 0x7, 0x3d, 0xa0, 0xec, 0x3c, 0xb0, 0x8b,
    0x3, 0xc1, 0x95, 0x21, 0xdf, 0x5, 0x42, 0xc2,
    0x83, 0x3c, 0x8a, 0x80, 0x85, 0x4d, 0xa, 0x30,
    0xeb, 0xf, 0x58,

    /* U+662F "是" */
    0x3, 0xff, 0xe4, 0x39, 0xff, 0xc1, 0xf3, 0x5f,
    0x83, 0xe6, 0xbf, 0x7, 0xff, 0x32, 0xbf, 0x28,
    0x33, 0x5f, 0xe0, 0xdf, 0xff, 0xc2, 0x7, 0xd7,
    0xa7, 0xfc, 0x1a, 0xc2, 0x43, 0xfc, 0x87, 0x57,
    0x6, 0x45, 0x1, 0xae, 0xd, 0x7a, 0xf0, 0x7f,
    0x70, 0x38, 0x7f, 0xc0, 0xd0, 0x9b, 0xfe, 0x0,

    /* U+663E "显" */
    0xb, 0xff, 0xd0, 0x7b, 0xff, 0x21, 0xff, 0xcb,
    0xff, 0xc8, 0x7d, 0xff, 0x90, 0xff, 0xe5, 0x34,
    0xeb, 0x8c, 0x3a, 0xa2, 0x87, 0x44, 0x33, 0x7,
    0xf6, 0x19, 0x41, 0xfb, 0x83, 0xac, 0x3d, 0x28,
    0x39, 0xc3, 0xd4, 0xd, 0x5b, 0x28, 0xd7, 0x27,
    0xea, 0x7a, 0x9f, 0x90,

    /* U+6642 "時" */
    0xfe, 0xd, 0x87, 0xbe, 0xc, 0x88, 0x7f, 0xa9,
    0x9d, 0x10, 0xfa, 0xa2, 0xa4, 0x3c, 0xb8, 0x5c,
    0xf, 0x83, 0xa2, 0xd, 0xe8, 0x5f, 0xa, 0xc,
    0x95, 0xe2, 0x81, 0xeb, 0xac, 0x70, 0x7d, 0xa1,
    0x90, 0xbe, 0x5, 0x10, 0xf3, 0xf8, 0x1e, 0xf,
    0x41, 0xf4, 0x1f, 0xfc, 0x3f, 0x6,

    /* U+6676 "晶" */
    0x7, 0xff, 0x7, 0xaf, 0xf0, 0x7f, 0xf2, 0x6f,
    0xf0, 0x7d, 0x7f, 0x83, 0xeb, 0xfc, 0x1e, 0xff,
    0xe0, 0xaf, 0xe0, 0x7f, 0x2, 0xf8, 0x37, 0xc1,
    0xff, 0xc5, 0xbe, 0xd, 0xf0, 0x57, 0xc1, 0xbe,
    0xf, 0xfe, 0x2d, 0xf0, 0x6f, 0x80,

    /* U+6697 "暗" */
    0xf, 0xe8, 0x39, 0x70, 0x72, 0x1d, 0x7a, 0x1a,
    0x8e, 0xa0, 0x50, 0xe, 0x5f, 0x10, 0x7c, 0xa0,
    0xb0, 0xff, 0x28, 0xc, 0x15, 0x1, 0xe6, 0xf1,
    0xe4, 0xf0, 0x3f, 0xf9, 0x14, 0x15, 0xfe, 0x43,
    0xe6, 0xfc, 0x87, 0xff, 0x1b, 0xc1, 0xab, 0x90,
    0xbe, 0xb, 0xac, 0x82, 0xf, 0x21, 0xf2, 0x1e,
    0xbf, 0x20,

    /* U+66F2 "曲" */
    0xe, 0xc2, 0xc3, 0xff, 0x9c, 0x87, 0xbf, 0x1e,
    0x8f, 0xc0, 0xf8, 0xf8, 0xf8, 0x3f, 0xfa, 0x74,
    0xca, 0x65, 0x30, 0xaa, 0x2a, 0x2a, 0xe, 0x42,
    0x42, 0x43, 0xff, 0xa7, 0xf1, 0xf1, 0xf0, 0x5f,
    0xff, 0x0,

    /* U+66F4 "更" */
    0x3f, 0xff, 0x84, 0xf, 0xf4, 0xff, 0x83, 0xff,
    0x8e, 0xfe, 0x9f, 0xe0, 0xe7, 0xe9, 0xfc, 0x1e,
    0x6b, 0x35, 0x61, 0xe6, 0xa5, 0x55, 0x87, 0xfb,
    0xf, 0xf9, 0xfa, 0x7f, 0x7, 0x2a, 0xf1, 0x7f,
    0x7, 0x50, 0x44, 0x3f, 0xeb, 0xa0, 0x7f, 0x9a,
    0x2a, 0xe4, 0x3d, 0xc7, 0x4f, 0xfc, 0x9e, 0x83,
    0x9b, 0xf2,

    /* U+66F8 "書" */
    0xf, 0xa8, 0x1f, 0xe5, 0xe1, 0x6c, 0x37, 0xab,
    0xd, 0x47, 0x81, 0xfe, 0x57, 0xc7, 0x82, 0x7f,
    0x2b, 0xe0, 0xf3, 0xf9, 0xbf, 0x7, 0x57, 0x35,
    0xe0, 0x9f, 0xe5, 0x7f, 0x21, 0xfb, 0xc1, 0xf9,
    0x55, 0xfe, 0x50, 0x77, 0xfe, 0xf, 0xd5, 0xf8,
    0x3f, 0x57, 0xe0, 0xfd, 0xff, 0x83, 0x0,

    /* U+66FF "替" */
    0xd, 0x87, 0xb0, 0xe7, 0xc7, 0x87, 0xc7, 0x90,
    0x3e, 0x3c, 0x3e, 0x3c, 0x83, 0xe3, 0xcd, 0xe3,
    0xe0, 0x79, 0x2d, 0xb1, 0x5e, 0x9, 0x54, 0x41,
    0x32, 0x82, 0x6d, 0xf1, 0x91, 0xd0, 0x1e, 0xa8,
    0x81, 0x57, 0x81, 0xf, 0x57, 0x4d, 0x10, 0xe4,
    0x3c, 0x87, 0xef, 0xfc, 0x1f, 0xbf, 0xf0, 0x7f,
    0xf3, 0x3f, 0xf0, 0x60,

    /* U+6700 "最" */
    0xb, 0xff, 0xc1, 0xf7, 0xfe, 0xf, 0xd5, 0xf8,
    0x3f, 0x57, 0xe0, 0xfd, 0xff, 0x83, 0xef, 0xff,
    0x6, 0xff, 0xfe, 0x10, 0x36, 0xf3, 0x7f, 0xc1,
    0xaf, 0x27, 0xf9, 0xd, 0x79, 0x33, 0xe1, 0xd,
    0x79, 0x5, 0xa, 0x7, 0x5e, 0x71, 0x31, 0xa,
    0x6e, 0x41, 0x2d, 0x5, 0x7d, 0x3d, 0xeb, 0x30,

    /* U+6703 "會" */
    0xf, 0xc8, 0x7f, 0xf0, 0xa8, 0x87, 0xff, 0x3,
    0xf4, 0x1f, 0x9b, 0x47, 0x79, 0xa, 0xfe, 0xa,
    0xf5, 0xa7, 0x3d, 0xd3, 0xd4, 0x74, 0x51, 0x14,
    0x6f, 0x90, 0xfc, 0x85, 0x21, 0xfa, 0x3c, 0xcd,
    0x3, 0xdd, 0x6e, 0xb6, 0x1e, 0xff, 0xe0, 0xfd,
    0xff, 0x7, 0xf7, 0xfc, 0x1f, 0xdf, 0xf0, 0x7f,
    0x7f, 0xc1, 0x80,

    /* U+6709 "有" */
    0xf, 0xfe, 0x56, 0x87, 0xff, 0x5, 0x10, 0xfe,
    0xfd, 0x1f, 0xf8, 0x1f, 0x8f, 0xfe, 0xe, 0xd0,
    0xff, 0xe0, 0xc3, 0xff, 0x7, 0x49, 0xff, 0x7,
    0x4e, 0x7f, 0xc1, 0xec, 0x17, 0xf8, 0x3a, 0x9,
    0xf, 0xfe, 0x1f, 0xfc, 0x1f, 0xdf, 0xf0, 0x7f,
    0xf4, 0x5f, 0x21, 0x0,

    /* U+671F "期" */
    0x4, 0x81, 0x43, 0xfc, 0x1f, 0x78, 0xf, 0xc1,
    0x6d, 0xe5, 0x41, 0xfb, 0x6f, 0x54, 0x1f, 0xeb,
    0xd0, 0x4f, 0xc1, 0xd7, 0x90, 0x9f, 0x83, 0xf6,
    0xc, 0x3f, 0xaf, 0x41, 0xff, 0xc0, 0xbd, 0x4,
    0xd4, 0x16, 0xde, 0xa8, 0xac, 0x17, 0xaf, 0x5c,
    0xa0, 0xf9, 0xc1, 0x7, 0xfd, 0x40, 0x51, 0x41,
    0xf7, 0x4, 0xdc, 0xf, 0x20, 0xd0, 0xe8, 0x2f,
    0x40,

    /* U+672A "未" */
    0xf, 0xa8, 0x1f, 0xfc, 0xdf, 0xe5, 0x7f, 0x6,
    0xfe, 0x57, 0xf0, 0x7f, 0xf5, 0xff, 0xca, 0xff,
    0x3, 0xf9, 0x3, 0xfc, 0x1e, 0x5f, 0x7, 0xf3,
    0x60, 0xe4, 0x3e, 0xa6, 0x1b, 0xa0, 0x67, 0x30,
    0xf6, 0x68, 0x2a, 0xf, 0xd5, 0x3, 0x43, 0xfc,
    0xe0,

    /* U+672B "末" */
    0xf, 0xa8, 0x1f, 0xfc, 0xcf, 0xf2, 0xbf, 0xc0,
    0xff, 0x2b, 0xfc, 0x1f, 0xfd, 0x7f, 0xe5, 0x7f,
    0x6, 0xfc, 0x81, 0xfc, 0x1f, 0x2e, 0x10, 0xfe,
    0x6c, 0x14, 0x43, 0xea, 0x61, 0xba, 0x6, 0x73,
    0xf, 0x66, 0x82, 0xa0, 0xfd, 0x50, 0x34, 0x3f,
    0xce, 0x0,

    /* U+672C "本" */
    0xf, 0xa8, 0x1f, 0xfd, 0xcf, 0xf2, 0xbf, 0xc0,
    0xfd, 0xa, 0x3f, 0x83, 0xdc, 0x6, 0xf, 0xe5,
    0x81, 0x21, 0xfd, 0x40, 0xd6, 0x1f, 0x6a, 0xc,
    0xa8, 0x3a, 0x60, 0xf4, 0xc1, 0x67, 0xe5, 0x7d,
    0x18, 0x28, 0xfc, 0xaf, 0x9a, 0x1, 0xf, 0xfe,
    0x2, 0x1f, 0xfc, 0x50,

    /* U+672F "术" */
    0xf, 0xa8, 0x41, 0xff, 0xc3, 0xf2, 0x1f, 0xfc,
    0x16, 0x81, 0xff, 0xc2, 0x70, 0xdf, 0xe5, 0x7f,
    0x40, 0xff, 0x2, 0xfd, 0x7, 0xd8, 0xc1, 0xff,
    0x4a, 0x3c, 0x1f, 0xd1, 0x5, 0x61, 0xf4, 0xc1,
    0x95, 0x87, 0x66, 0x1e, 0xa6, 0x83, 0xa0, 0x7e,
    0x68, 0xd, 0xf, 0xf3, 0x87, 0xff, 0x14,

    /* U+673A "机" */
    0x9, 0x82, 0xfe, 0xf, 0xfe, 0x7, 0xc1, 0xff,
    0xc9, 0xf4, 0xf8, 0x3f, 0xde, 0x1f, 0x7, 0xff,
    0x3d, 0x14, 0x1f, 0xfc, 0xa, 0x32, 0x1f, 0xe5,
    0x3, 0x94, 0x1f, 0xa8, 0x16, 0x1f, 0xcc, 0x1d,
    0xe0, 0xf2, 0xc1, 0xca, 0xf, 0x61, 0xea, 0x7,
    0x90, 0xfc, 0x86, 0x7a, 0x4, 0xc4, 0x1d, 0x78,

    /* U+6761 "条" */
    0xf, 0x21, 0xff, 0xc2, 0xf0, 0x7f, 0xf0, 0x61,
    0xfe, 0xf, 0xb5, 0x7e, 0x20, 0xe7, 0xb2, 0x1e,
    0x43, 0xda, 0x47, 0x44, 0x3c, 0x81, 0xd9, 0xa2,
    0x19, 0xbf, 0x8b, 0xfa, 0x1f, 0xa0, 0x48, 0xde,
    0x80, 0xdf, 0x8b, 0xf2, 0x1a, 0xfc, 0x5f, 0x90,
    0xf6, 0x1d, 0xa1, 0xf7, 0x7, 0x72, 0x19, 0xe4,
    0x3d, 0xc8, 0x4e, 0x83, 0x10, 0xb4, 0x0,

    /* U+677F "板" */
    0xf, 0xfe, 0x3e, 0x1c, 0xaa, 0x68, 0x7e, 0xef,
    0xad, 0x5, 0xa, 0x2, 0xa4, 0x3b, 0xc0, 0xc3,
    0xfe, 0x50, 0x10, 0x7f, 0x90, 0xa1, 0xa, 0x7e,
    0x10, 0x92, 0xc0, 0xa0, 0xf9, 0x43, 0x21, 0xca,
    0xb, 0x80, 0x89, 0x42, 0x80, 0x43, 0xb0, 0x2b,
    0x42, 0x60, 0xce, 0x4, 0x83, 0xfc, 0x8b, 0x61,
    0xfa, 0x4a, 0x73, 0xa1, 0xe6, 0x86, 0xa, 0x83,
    0x66, 0x50, 0x33, 0x80,

    /* U+67E5 "查" */
    0xf, 0xa4, 0x3f, 0xf8, 0x78, 0x7e, 0xff, 0x2b,
    0xfc, 0xf, 0xcb, 0xd7, 0xe0, 0xe8, 0x8e, 0xe0,
    0xf5, 0xe8, 0x35, 0xc8, 0x57, 0x74, 0x6a, 0xf1,
    0x2, 0x41, 0x4f, 0x50, 0xc, 0x1f, 0xfc, 0x96,
    0xbc, 0x87, 0xe6, 0xbc, 0x87, 0xe7, 0xfc, 0x87,
    0xcf, 0xfe, 0x43, 0x5f, 0xff, 0xc1, 0x0,

    /* U+6807 "标" */
    0xa, 0x43, 0xff, 0x8c, 0xff, 0x90, 0xfc, 0xff,
    0x90, 0x79, 0xb8, 0x3f, 0xde, 0x1e, 0xf, 0xf9,
    0x10, 0x7f, 0xe0, 0xb1, 0xcf, 0x8f, 0xc1, 0x2b,
    0x90, 0xff, 0x50, 0xb, 0x41, 0x30, 0x16, 0xd,
    0xe0, 0x94, 0x7, 0xe, 0x50, 0x6a, 0x7, 0xdc,
    0x1c, 0xa0, 0xfa, 0x43, 0xd0, 0x7c, 0x96, 0x19,
    0x0,

    /* U+680F "栏" */
    0xb, 0xd, 0x4, 0xc1, 0xff, 0x20, 0xa0, 0x4a,
    0x24, 0x16, 0x28, 0x3b, 0x6, 0xf9, 0xe7, 0x80,
    0xc0, 0x9f, 0xfa, 0x9, 0x10, 0xff, 0xe0, 0xc3,
    0x87, 0xff, 0xa, 0xf, 0xfe, 0x5, 0x1, 0x97,
    0xf8, 0xb, 0x6, 0xbf, 0xc0, 0x60, 0xff, 0xe1,
    0xa1, 0xff, 0xc8, 0xff, 0xe0, 0xfb, 0xff, 0x80,

    /* U+6837 "样" */
    0xf, 0xfe, 0x3e, 0x14, 0x86, 0xc3, 0xfa, 0x81,
    0x48, 0x7f, 0x94, 0x6, 0xb, 0xc7, 0x4d, 0xbc,
    0x70, 0x3c, 0x74, 0xf8, 0xfa, 0xa, 0x20, 0xff,
    0xe0, 0xa0, 0x4f, 0x8f, 0x90, 0x92, 0xcf, 0x8f,
    0x90, 0x58, 0x20, 0xff, 0x2c, 0x17, 0xe3, 0xf0,
    0xe1, 0xbf, 0x1f, 0x83, 0xff, 0xca,

    /* U+6838 "核" */
    0xf, 0xfe, 0x3e, 0x1e, 0xc3, 0xff, 0x86, 0xc1,
    0xfe, 0xbe, 0x57, 0xc9, 0xe3, 0xd7, 0x9b, 0xf2,
    0x78, 0xb0, 0x2c, 0x21, 0xc9, 0x5, 0x60, 0x83,
    0xa1, 0x8c, 0xfa, 0xe, 0x48, 0x1f, 0x12, 0xc0,
    0xb0, 0x40, 0x79, 0x24, 0xa, 0xd, 0xda, 0x70,
    0x50, 0x75, 0x8e, 0xa0, 0x90, 0xe4, 0xa9, 0x41,
    0xfd, 0x66, 0xf4, 0xf, 0xbe, 0x82, 0xc3, 0xb0,
    0x68, 0x7a, 0x0,

    /* U+6839 "根" */
    0xa, 0x41, 0xff, 0x7, 0xfb, 0xf8, 0x35, 0x1e,
    0x43, 0xfd, 0xe0, 0x69, 0xfc, 0x19, 0x46, 0x83,
    0xf8, 0x39, 0x20, 0xff, 0xe0, 0xc3, 0x83, 0xf8,
    0x39, 0x5a, 0xe, 0x3e, 0xa, 0xc1, 0x4, 0x85,
    0xc0, 0x50, 0x7d, 0x7a, 0x80, 0xc3, 0xf2, 0x48,
    0x7f, 0xf0, 0x68, 0x1f, 0xf5, 0xe6, 0xe0, 0xf9,
    0x3e, 0x1c, 0x3a, 0x47, 0x43, 0xa0,

    /* U+683C "格" */
    0xf, 0xfe, 0x3c, 0x86, 0xc3, 0xff, 0x84, 0x8b,
    0x83, 0xfd, 0x40, 0x70, 0x5e, 0x6e, 0xdd, 0x68,
    0x2f, 0x16, 0xd1, 0x52, 0x83, 0xd1, 0xa7, 0x30,
    0x74, 0x38, 0x5a, 0x41, 0xca, 0xe6, 0xe9, 0xf4,
    0x5, 0x1, 0x92, 0xf4, 0x1a, 0x81, 0x6a, 0xfc,
    0x42, 0x83, 0xd8, 0x7c, 0xc1, 0xff, 0xca, 0xc3,
    0xff, 0x86, 0xd6, 0xf, 0x48, 0x2e, 0xb6, 0x0,

    /* U+6848 "案" */
    0xf, 0xfe, 0x5c, 0x87, 0xeb, 0xf9, 0xbf, 0xc1,
    0x5f, 0x37, 0xf8, 0x26, 0xad, 0xeb, 0xb0, 0xbd,
    0xf, 0x50, 0x2f, 0x6, 0x50, 0x82, 0x20, 0xf9,
    0xcb, 0xc8, 0x87, 0x5f, 0x14, 0xff, 0x5, 0x7d,
    0x3a, 0x37, 0x82, 0xff, 0x37, 0xf8, 0x1f, 0xc0,
    0x4b, 0xf0, 0x75, 0xe7, 0xd4, 0xe, 0x7f, 0x6,
    0xfc, 0x83, 0xb4, 0x3c, 0xf6, 0x0,

    /* U+689D "條" */
    0xf, 0xfe, 0x3b, 0x86, 0x70, 0xfd, 0xc1, 0xa2,
    0xa4, 0x32, 0xb0, 0x67, 0x45, 0x5, 0x6, 0xe6,
    0x38, 0x32, 0x82, 0xd8, 0xe4, 0x2d, 0xe, 0x72,
    0xa0, 0x9c, 0x27, 0xd4, 0xfd, 0x10, 0x67, 0x94,
    0x7, 0x83, 0xef, 0xa7, 0xe4, 0x3e, 0xfa, 0x3e,
    0x43, 0xf6, 0x4, 0xc3, 0xe4, 0xa0, 0x6f, 0x7,
    0xa8, 0x21, 0xd2, 0x1e, 0xa1, 0xd8, 0x14,

    /* U+68C0 "检" */
    0xf, 0xfe, 0x3e, 0x1e, 0xc3, 0xff, 0x85, 0x88,
    0x7f, 0xf0, 0x27, 0x90, 0xde, 0x38, 0x88, 0xe4,
    0x2e, 0x3a, 0x38, 0x55, 0x5, 0x94, 0x2e, 0xaf,
    0x6, 0x41, 0xcd, 0x71, 0x4, 0x96, 0xa1, 0x81,
    0x20, 0xb0, 0x4c, 0x28, 0xa, 0x2, 0x83, 0xf9,
    0x41, 0x61, 0xca, 0x22, 0x81, 0xfd, 0x22, 0xa0,
    0xfc, 0xd7, 0xf0, 0x79, 0xae, 0xf5, 0x0,

    /* U+691C "検" */
    0xf, 0xfe, 0x3e, 0x1c, 0xd0, 0x3f, 0xf8, 0xf,
    0x78, 0x3f, 0xd7, 0xf, 0x90, 0x78, 0xf8, 0x7f,
    0x1c, 0x78, 0xfa, 0xf1, 0x7a, 0x80, 0x44, 0x3c,
    0x87, 0xa2, 0x1f, 0x8f, 0xc1, 0xcc, 0x3e, 0x3e,
    0xa, 0x84, 0x1f, 0xfc, 0x5, 0x2, 0x1f, 0x1f,
    0x1, 0x83, 0x3e, 0x81, 0xf0, 0xa0, 0xfa, 0x8c,
    0x1f, 0xeb, 0x98, 0xd0, 0xf3, 0x9a, 0xb, 0x90,
    0xb1, 0xe0, 0xf6, 0x80,

    /* U+697D "楽" */
    0xf, 0x94, 0x1f, 0xfc, 0x2c, 0x39, 0x40, 0x70,
    0x79, 0xbc, 0x8, 0x26, 0xc1, 0xf8, 0x1c, 0x84,
    0xc1, 0xf3, 0x21, 0xc8, 0x3f, 0xa, 0xe, 0x74,
    0xfc, 0x3c, 0x17, 0xc9, 0xf8, 0x73, 0x7, 0x3,
    0xca, 0xf0, 0x2c, 0x3f, 0xf8, 0xdf, 0xe5, 0x7f,
    0x81, 0xf9, 0x14, 0x5f, 0x83, 0xb3, 0x7, 0xa0,
    0xe7, 0xd4, 0xd, 0x7c, 0x83, 0xe4, 0x3c, 0xfc,
    0x0,

    /* U+6982 "概" */
    0x3, 0x17, 0xc7, 0xe8, 0x3e, 0xf0, 0x3c, 0xd0,
    0x3f, 0xe4, 0x3d, 0xce, 0x78, 0x18, 0x7b, 0x56,
    0x78, 0x8, 0x10, 0xca, 0xf, 0xc8, 0x7d, 0x1c,
    0x26, 0x78, 0x8, 0x82, 0x9b, 0xc7, 0x81, 0xa4,
    0x2c, 0xc, 0x39, 0xc3, 0x30, 0x10, 0xcc, 0x19,
    0xc5, 0xc1, 0x28, 0x26, 0xf1, 0x40, 0x41, 0xeb,
    0x5, 0x87, 0xf9, 0x5, 0x2, 0xc3, 0x30, 0x69,
    0x5, 0xc0,

    /* U+69FD "槽" */
    0xb, 0xe, 0x8c, 0x3f, 0xdf, 0x39, 0xf0, 0x7d,
    0xf3, 0x9f, 0x3, 0xc7, 0x4f, 0x39, 0xe8, 0x1c,
    0x50, 0xb7, 0x3c, 0x1e, 0x41, 0x6e, 0x78, 0x36,
    0x60, 0xb7, 0x3c, 0x19, 0x15, 0xdb, 0x9e, 0x9,
    0x8b, 0x7f, 0xe8, 0x12, 0x8, 0xeb, 0xb0, 0x28,
    0x3d, 0x5c, 0x13, 0x7, 0xbf, 0x83, 0xfe, 0xfe,
    0xf, 0xfb, 0xf8, 0x20,

    /* U+6A02 "樂" */
    0xf, 0xfe, 0x3e, 0x14, 0x85, 0x87, 0x50, 0x1b,
    0x62, 0x83, 0x95, 0x83, 0xc0, 0xa3, 0x2, 0x38,
    0x39, 0x2a, 0x5, 0x14, 0xf, 0x2, 0x20, 0xdd,
    0x1, 0xe1, 0x2, 0x81, 0x32, 0x8f, 0xc, 0x70,
    0x2e, 0xde, 0x9b, 0xdc, 0x1f, 0xbc, 0x1c, 0x82,
    0xbb, 0x57, 0x5c, 0xa, 0xd8, 0xa3, 0xac, 0x19,
    0xf8, 0x19, 0xa1, 0xaf, 0xa0, 0xce, 0x70, 0x3d,
    0x7, 0xe7, 0xc0,

    /* U+6A19 "標" */
    0xb, 0x7, 0xff, 0x21, 0xef, 0x8d, 0xbc, 0x87,
    0x9a, 0x13, 0x50, 0x3c, 0x78, 0x11, 0x34, 0x41,
    0xe3, 0xc1, 0xff, 0xc0, 0x44, 0xc, 0x4d, 0x3,
    0x64, 0x3d, 0xde, 0xb0, 0xea, 0x1f, 0xf2, 0xb,
    0x1c, 0xff, 0x90, 0x28, 0xf, 0xff, 0x24, 0x1b,
    0xd6, 0x7a, 0xd1, 0xe, 0xd0, 0xd2, 0x1f, 0x70,
    0x77, 0x7, 0xdb, 0x61, 0xb0,

    /* U+6A21 "模" */
    0xb, 0xd, 0x85, 0x87, 0xf5, 0xa, 0x8a, 0x7,
    0xde, 0x3e, 0x3c, 0x5, 0xa, 0x22, 0xa2, 0x9,
    0x2, 0xbb, 0xf9, 0xd, 0x98, 0x2b, 0xc8, 0x64,
    0x51, 0x5e, 0x43, 0x25, 0x95, 0xe4, 0x2b, 0x5,
    0x3b, 0x69, 0xa0, 0x50, 0x7b, 0x43, 0xd0, 0x4f,
    0xca, 0xfc, 0x4, 0x27, 0xd1, 0x1f, 0x7, 0xea,
    0x6d, 0xa1, 0xf5, 0xf0, 0x1c, 0xc3, 0x65, 0xa1,
    0xce, 0x0,

    /* U+6A23 "樣" */
    0xf, 0xfe, 0x3e, 0x1a, 0xa, 0x43, 0xf2, 0xd2,
    0xc2, 0x1f, 0x25, 0xc4, 0x1b, 0xc7, 0x8f, 0x8f,
    0x82, 0xf1, 0xe2, 0xa2, 0xa4, 0x24, 0x4f, 0xc7,
    0xe0, 0xb2, 0x3e, 0x1f, 0xc1, 0xd4, 0xb, 0xe8,
    0x33, 0x88, 0x3e, 0xb8, 0x34, 0x82, 0x3e, 0x13,
    0x46, 0xd, 0x4c, 0x17, 0x22, 0x83, 0x5a, 0x8,
    0x43, 0xf5, 0xc0, 0x7d, 0x7, 0xdd, 0x30, 0xbc,
    0x0,

    /* U+6A5F "機" */
    0x3, 0x4, 0x90, 0x10, 0xfe, 0x90, 0x26, 0x1f,
    0xf4, 0xb, 0x90, 0x73, 0xcf, 0x80, 0xca, 0x6,
    0xae, 0x89, 0x9b, 0x21, 0x28, 0x1d, 0xe, 0x38,
    0x39, 0x89, 0x6, 0xe8, 0x16, 0xe2, 0x8b, 0x5c,
    0xb, 0x28, 0xfc, 0x73, 0x8a, 0xa, 0x2f, 0x36,
    0xe3, 0x7, 0x71, 0xe8, 0x3f, 0x2a, 0x16, 0x20,
    0xfa, 0x85, 0xe5, 0x12, 0x1a, 0xc1, 0x7a, 0x9a,
    0x80, 0xd0, 0x29, 0x3, 0xe0,

    /* U+6A94 "檔" */
    0xb, 0xa, 0x6, 0x8, 0x3f, 0x94, 0x12, 0x1f,
    0xd9, 0x67, 0x3a, 0x78, 0xf1, 0xff, 0x20, 0xf1,
    0xe6, 0xfe, 0xb4, 0x8, 0x91, 0xfc, 0xa0, 0xb2,
    0xa, 0x5a, 0xf, 0xa8, 0x58, 0x5e, 0xa, 0xc7,
    0xba, 0xee, 0x2, 0x80, 0x9f, 0x1f, 0x20, 0x83,
    0xaa, 0x2a, 0x9, 0xe, 0xe8, 0x53, 0xf, 0xe4,
    0x39, 0xf, 0xef, 0x8f, 0x83, 0xb0, 0x5f, 0xf8,

    /* U+6AA2 "檢" */
    0xf, 0xfe, 0x3e, 0x1d, 0x61, 0xff, 0xc1, 0x95,
    0xa1, 0x94, 0x20, 0xce, 0xe8, 0x83, 0xc7, 0x73,
    0xf3, 0xc9, 0x2, 0x9b, 0xfa, 0x74, 0x8, 0x97,
    0xa3, 0xe4, 0x3a, 0x1f, 0x23, 0xd8, 0x14, 0x48,
    0x7f, 0xd4, 0x14, 0x78, 0xf, 0x1, 0x41, 0xba,
    0x66, 0xf0, 0xc1, 0xd0, 0x4a, 0xf, 0xe8, 0x93,
    0x20, 0xfa, 0x7e, 0x9c, 0xc3, 0x95, 0x82, 0x72,
    0x81, 0xb7, 0xd, 0x84, 0x80,

    /* U+6B04 "欄" */
    0x2, 0x8b, 0xe5, 0x7d, 0x7, 0xae, 0x5, 0xe0,
    0xfa, 0xa0, 0x53, 0x7, 0x51, 0x50, 0x29, 0x83,
    0x68, 0x5c, 0xb, 0xc1, 0x30, 0x2f, 0x8f, 0x41,
    0xc8, 0x28, 0xd4, 0x12, 0x41, 0x61, 0xb4, 0x1a,
    0x20, 0xf5, 0x3c, 0x13, 0x87, 0x38, 0x84, 0xc1,
    0xdc, 0xd3, 0x2, 0x83, 0x91, 0x42, 0x1f, 0xd4,
    0xf4, 0xa0, 0xfd, 0xa, 0x5, 0x80,

    /* U+6B0A "權" */
    0xb, 0xd, 0x85, 0x87, 0xe7, 0xc7, 0xc7, 0x83,
    0xcf, 0x8f, 0x8f, 0x3, 0xc6, 0xd9, 0x99, 0xe0,
    0x71, 0xa5, 0x85, 0xe0, 0xd8, 0x82, 0xc2, 0xf0,
    0x64, 0x8a, 0x3d, 0x3e, 0x2, 0x8a, 0x13, 0xb7,
    0xa0, 0x70, 0xd9, 0xf1, 0xe8, 0x3d, 0xa5, 0x32,
    0x88, 0x20, 0xb8, 0xa6, 0x51, 0xf, 0xea, 0x65,
    0x10, 0xfe, 0xa8, 0xa2, 0x1f, 0xd4, 0xda, 0x80,

    /* U+6B21 "次" */
    0xf, 0x90, 0xfe, 0x43, 0xa0, 0xfe, 0xf2, 0x4,
    0x3f, 0xd5, 0x26, 0x7f, 0xa0, 0x9d, 0x1b, 0xf9,
    0xf, 0x91, 0x34, 0xc, 0x1e, 0xa0, 0x72, 0x1f,
    0xa4, 0x3d, 0x7, 0x32, 0x1b, 0x14, 0x1d, 0x40,
    0x91, 0xf, 0xa4, 0x35, 0x18, 0x39, 0x50, 0x50,
    0xc8, 0x75, 0x2, 0x9c, 0x16, 0x1b, 0x41, 0x38,
    0x4a, 0xd0, 0xec, 0xc3, 0xa9, 0x87, 0x70, 0x7c,
    0xc0,

    /* U+6B3E "款" */
    0xf, 0xfe, 0x46, 0x19, 0x83, 0xdf, 0x1f, 0x1e,
    0xf, 0x7c, 0x7c, 0x3a, 0xe0, 0xff, 0xe0, 0x7d,
    0x2, 0xa6, 0xa5, 0x56, 0xa, 0xbf, 0x66, 0x28,
    0x17, 0xf4, 0xa0, 0xb8, 0x17, 0xf5, 0x3, 0x40,
    0x7f, 0xe4, 0x44, 0x27, 0xb3, 0xb4, 0xc8, 0x33,
    0x85, 0xa0, 0x70, 0xea, 0x5, 0x42, 0x4b, 0x9,
    0xe, 0xd5, 0x9, 0x2, 0x70, 0xd6, 0x16, 0x19,
    0xf0, 0x58, 0x74, 0x0,

    /* U+6B4C "歌" */
    0xf, 0xf4, 0x1e, 0xff, 0xa1, 0xf, 0x7f, 0x4c,
    0x87, 0xef, 0x90, 0xb3, 0xf0, 0x15, 0xc1, 0x9f,
    0xc1, 0xff, 0xc1, 0x83, 0x95, 0xc1, 0x50, 0x45,
    0x5, 0xf2, 0xd, 0xd, 0xf, 0xf4, 0xc1, 0x28,
    0xf, 0xf4, 0xe1, 0x61, 0x9f, 0x90, 0xc8, 0x87,
    0x5c, 0x1d, 0x45, 0x6, 0xb8, 0x32, 0x34, 0xd,
    0x79, 0x3, 0x60, 0x70, 0x28, 0x1d, 0xd0, 0x29,
    0x41, 0xde, 0x74, 0x34, 0x80,

    /* U+6B62 "止" */
    0xf, 0xd8, 0x7f, 0xf7, 0xb0, 0xff, 0xec, 0xff,
    0x21, 0xfe, 0xfe, 0x43, 0xff, 0xfe, 0x1f, 0x78,
    0xfc, 0x7f, 0x81, 0xff, 0xfc, 0x20,

    /* U+6B63 "正" */
    0xf, 0xfe, 0x2d, 0xff, 0xfc, 0x8, 0x17, 0xf8,
    0xfe, 0x83, 0xff, 0x90, 0x87, 0xff, 0xe, 0xf,
    0xfe, 0x4f, 0xf0, 0x7f, 0xdf, 0xc1, 0xff, 0xf7,
    0xa1, 0xd3, 0x2b, 0xc0, 0xf5, 0x3d, 0x4f, 0xf0,

    /* U+6B64 "此" */
    0xe, 0xc2, 0xc3, 0xff, 0xb9, 0x87, 0xf9, 0xf,
    0xc8, 0x75, 0x10, 0xfa, 0xd2, 0xcd, 0xf, 0xbc,
    0x83, 0x83, 0xff, 0x83, 0x7, 0xff, 0x9e, 0xf,
    0xfe, 0x1a, 0x19, 0x8f, 0x22, 0x1e, 0xcc, 0xbc,
    0xd3, 0xe8, 0x1e, 0xa2, 0x13, 0xf9, 0x0,

    /* U+6B8B "残" */
    0x3f, 0xc0, 0x63, 0x42, 0xf1, 0xf0, 0x77, 0x83,
    0x28, 0x3f, 0x24, 0x16, 0x19, 0xa3, 0xc6, 0x12,
    0xbc, 0xfa, 0x3d, 0x20, 0x4f, 0xc, 0xa0, 0xc8,
    0x38, 0x39, 0x47, 0xe0, 0x22, 0xef, 0x2, 0xf8,
    0x13, 0xdb, 0xca, 0x3, 0x1, 0x21, 0xd, 0xe6,
    0xc3, 0x48, 0x72, 0xac, 0x32, 0xa0, 0xd6, 0x41,
    0x9b, 0x3, 0x67, 0x45, 0x8b, 0xb, 0xe8, 0x6a,
    0x4c, 0x34, 0x86, 0x7c, 0x0,

    /* U+6BB5 "段" */
    0xe, 0x50, 0x7f, 0xcd, 0xc1, 0x7e, 0xe, 0xbe,
    0x42, 0xf0, 0x7c, 0x87, 0xff, 0xd, 0x70, 0xa0,
    0xfe, 0xf8, 0x1e, 0xf, 0xea, 0x99, 0x40, 0x7c,
    0x1f, 0xbc, 0x15, 0xe0, 0xdf, 0x47, 0xf8, 0x3b,
    0xe9, 0x57, 0xa4, 0x3f, 0xd4, 0x5, 0x2, 0x8f,
    0xa0, 0x54, 0x87, 0xbe, 0x80, 0xb4, 0x1a, 0xf,
    0x3a, 0xb4, 0x3f, 0x3e, 0xab, 0xe0, 0xb0, 0x9e,
    0x42, 0xb0,

    /* U+6BCF "每" */
    0xc, 0xa0, 0xff, 0xe1, 0x48, 0x7f, 0xf0, 0x63,
    0xff, 0xc1, 0x9f, 0xff, 0x82, 0xe0, 0xff, 0xe0,
    0xc9, 0xff, 0xc8, 0x5c, 0x3e, 0x7f, 0x21, 0x90,
    0xef, 0x21, 0xf2, 0xb0, 0x9b, 0x44, 0x41, 0xe4,
    0xbb, 0x38, 0xb4, 0xa1, 0x53, 0xd4, 0x72, 0x1e,
    0x7c, 0x87, 0xe4, 0xfc, 0xde, 0x3c, 0x13, 0xff,
    0xa3, 0xc1, 0xfe, 0xba, 0x7, 0xff, 0x2, 0xf2,
    0x10,

    /* U+6BD4 "比" */
    0xf, 0xfe, 0x1e, 0x1e, 0xc3, 0xff, 0xc3, 0xa0,
    0x43, 0xf6, 0xa0, 0x5f, 0x4, 0xf4, 0xb, 0xf0,
    0x5e, 0x43, 0xfe, 0x83, 0xff, 0xa6, 0x87, 0xff,
    0x6, 0xe, 0x43, 0xfd, 0x7c, 0x1e, 0x58, 0x17,
    0x1, 0xfa, 0x8f, 0x21, 0xaf, 0xc0,

    /* U+6C17 "気" */
    0xd, 0x7, 0xff, 0x9, 0x41, 0xff, 0xc2, 0x8f,
    0xfe, 0x83, 0xbf, 0xfd, 0x5, 0xc1, 0xff, 0xc1,
    0x86, 0xbf, 0x83, 0x39, 0x5f, 0xc1, 0xbf, 0xfe,
    0x83, 0xbf, 0xcf, 0xa0, 0xfb, 0x41, 0x7, 0xfd,
    0xf4, 0xc1, 0xff, 0x4b, 0x6, 0x43, 0xe9, 0xcc,
    0x8, 0x20, 0x9c, 0xca, 0x61, 0x28, 0x17, 0xa0,
    0x9c, 0x1c, 0x82, 0x81, 0xfe, 0xe0,

    /* U+6C92 "沒" */
    0xf, 0xc8, 0x7f, 0x70, 0x4c, 0x1f, 0xd9, 0x3,
    0x3f, 0x90, 0xd4, 0x3, 0x7e, 0x10, 0xfe, 0x43,
    0xf6, 0x85, 0xc1, 0xfd, 0xd9, 0x28, 0x14, 0xd0,
    0xdc, 0x70, 0x57, 0xa0, 0xe4, 0x7f, 0xaf, 0x7,
    0x93, 0x3f, 0x48, 0x74, 0x15, 0x85, 0x40, 0xe5,
    0x1, 0x5b, 0xc1, 0xdc, 0x1a, 0x25, 0x6, 0x44,
    0x2b, 0x66, 0x43, 0x40, 0xf1, 0xcf, 0xac, 0xa,
    0x7, 0xa0, 0xcf, 0x80,

    /* U+6CA1 "没" */
    0xf, 0xfe, 0x2b, 0xa1, 0x7f, 0x7, 0x3d, 0x2,
    0xf8, 0x3f, 0x70, 0x7f, 0xf1, 0x50, 0xe4, 0x27,
    0x42, 0xa0, 0x4d, 0xe1, 0xa8, 0xd4, 0x15, 0xf0,
    0x1f, 0x14, 0xf, 0xfe, 0x2, 0x7f, 0xe8, 0x3e,
    0x95, 0xf8, 0x83, 0xa4, 0x90, 0xa4, 0x3c, 0xa0,
    0x59, 0x10, 0x77, 0x4, 0xdb, 0x7, 0x22, 0x15,
    0x13, 0x43, 0x50, 0x7c, 0x77, 0x4e, 0x6, 0x8f,
    0xa0, 0x9f, 0x40,

    /* U+6CD5 "法" */
    0x4, 0x87, 0x30, 0x7a, 0xf0, 0x7f, 0xf0, 0x6c,
    0xbd, 0x3f, 0x21, 0xeb, 0xc9, 0xf2, 0x70, 0x7b,
    0x43, 0xb3, 0xf, 0xfe, 0xd, 0x8f, 0xd3, 0xf8,
    0x39, 0xf4, 0x5f, 0x83, 0x61, 0x6a, 0xf, 0xa4,
    0x26, 0x18, 0x39, 0x81, 0x20, 0x50, 0x69, 0x2,
    0xa0, 0x2b, 0x2, 0xa0, 0x47, 0xaf, 0x28, 0x10,
    0x57, 0xd4, 0x6c, 0x50, 0x48, 0x7d, 0x0,

    /* U+6D3B "活" */
    0xf, 0xfe, 0xa, 0x1b, 0x82, 0x55, 0xf8, 0x36,
    0x65, 0x85, 0xe8, 0x3a, 0xca, 0x30, 0x7f, 0xf2,
    0xf4, 0x1f, 0xc7, 0xe0, 0x76, 0x7e, 0x8f, 0xc1,
    0x70, 0x72, 0x1f, 0xc8, 0x7f, 0xf1, 0x12, 0xf8,
    0xf8, 0x3a, 0xc1, 0x7f, 0x7, 0x98, 0x3f, 0xf8,
    0x3c, 0x1f, 0xfc, 0x14, 0x43, 0xff, 0x83, 0xe0,
    0xd5, 0xe0, 0x80,

    /* U+6D3E "派" */
    0xf, 0xfe, 0x36, 0x87, 0x2a, 0xf2, 0x17, 0xa3,
    0xf1, 0xf2, 0x1a, 0x80, 0xf4, 0xa1, 0xf, 0xf9,
    0xa7, 0x82, 0x90, 0xf5, 0xbc, 0x17, 0x40, 0xf2,
    0x1e, 0x7c, 0x1f, 0x28, 0x90, 0x90, 0xfb, 0xe1,
    0x9, 0xf, 0x95, 0x40, 0xd0, 0xa0, 0xff, 0x94,
    0x78, 0x3a, 0x81, 0xa8, 0x28, 0x32, 0x4, 0xa,
    0xe, 0x4f, 0x34, 0x41, 0x14, 0x6, 0xf0, 0xc0,
    0x41, 0x20, 0xa0, 0x65, 0x0,

    /* U+6D41 "流" */
    0xf, 0xfe, 0x2b, 0x7, 0xb0, 0xf9, 0x30, 0xe6,
    0xf, 0xa8, 0xfe, 0x57, 0xe0, 0xca, 0xf4, 0x7d,
    0x78, 0x10, 0x75, 0x85, 0xc1, 0x7a, 0x1c, 0xbe,
    0x58, 0xf, 0x86, 0xef, 0xf0, 0x64, 0x1a, 0x40,
    0xc8, 0x3a, 0xf, 0xfe, 0x15, 0x87, 0xff, 0x9,
    0x42, 0x83, 0xfd, 0xc1, 0xfe, 0x50, 0x89, 0xa1,
    0xfe, 0xe2, 0x60, 0x60, 0x79, 0x24, 0xa0, 0x48,
    0x2f, 0x0,

    /* U+6D45 "浅" */
    0x4, 0x1d, 0x8a, 0xf, 0x79, 0xe, 0x78, 0x39,
    0xc3, 0x92, 0xc3, 0xe5, 0xa2, 0xf5, 0xa0, 0x82,
    0xf8, 0x7f, 0x20, 0xf2, 0x51, 0x83, 0xf3, 0x86,
    0x76, 0xfc, 0x19, 0x3e, 0x7, 0xe8, 0x32, 0x7a,
    0x81, 0xb0, 0xe8, 0x39, 0xde, 0x42, 0x90, 0xed,
    0xb5, 0x4, 0xc1, 0xa8, 0x20, 0x81, 0x20, 0xbc,
    0x79, 0x83, 0x70, 0x3b, 0x81, 0xbc, 0x0,

    /* U+6D4B "测" */
    0xf, 0xfe, 0x23, 0xc7, 0xf0, 0x6c, 0x70, 0xbe,
    0x41, 0x87, 0x41, 0x61, 0xff, 0xcb, 0xe0, 0xff,
    0xe0, 0xe4, 0x1f, 0xfc, 0x1a, 0x7, 0xff, 0x45,
    0xf, 0xfe, 0xb, 0x87, 0xff, 0x7, 0xc4, 0xa3,
    0x4, 0x19, 0x43, 0x72, 0x4, 0x29, 0x4, 0xaf,
    0x7, 0xd1, 0x70, 0xb1, 0x69, 0x2, 0x42, 0x92,
    0xe0,

    /* U+6D4F "浏" */
    0x10, 0xd0, 0x7b, 0x3, 0x85, 0xc1, 0x21, 0xdc,
    0xa0, 0x2d, 0x87, 0xa3, 0xc5, 0x87, 0xf3, 0x51,
    0x21, 0xda, 0xc, 0x50, 0x7d, 0xc0, 0x6f, 0x7,
    0xec, 0x12, 0xc1, 0xff, 0xc0, 0x83, 0xfc, 0xc0,
    0xc8, 0x3f, 0x50, 0xe, 0x87, 0xc8, 0x5c, 0x31,
    0x6, 0xa1, 0xa8, 0xa0, 0x7a, 0x4a, 0x7, 0x38,
    0x48, 0x10, 0xf3, 0xe0,

    /* U+6D6E "浮" */
    0xf, 0xfe, 0x2c, 0x1e, 0x55, 0x34, 0x2d, 0x5e,
    0xbf, 0x90, 0x50, 0x6e, 0x25, 0x61, 0x94, 0x48,
    0x81, 0x41, 0xf5, 0x8a, 0x28, 0xd, 0x9, 0x4,
    0x90, 0x5d, 0x83, 0x7f, 0x48, 0x5c, 0xf, 0xe5,
    0x83, 0x21, 0xec, 0x83, 0x94, 0x1a, 0x60, 0xf4,
    0x7e, 0x57, 0xe0, 0x23, 0xf9, 0xbf, 0x2, 0x81,
    0xff, 0xc0, 0x94, 0x1f, 0xfc, 0xe, 0xc, 0xe8,
    0x70,

    /* U+6D88 "消" */
    0x18, 0x24, 0x2c, 0x24, 0x7c, 0x92, 0x1d, 0x84,
    0xe9, 0xc1, 0x96, 0xf, 0xa0, 0xe8, 0x1a, 0x17,
    0x78, 0xec, 0x1d, 0x2, 0xff, 0x6, 0xf0, 0x7f,
    0xf0, 0x90, 0xbf, 0xc1, 0xc8, 0x5f, 0xe0, 0xe9,
    0xf, 0xfe, 0x2, 0x20, 0xff, 0x6, 0xa0, 0x5f,
    0xe0, 0x91, 0xf, 0xfe, 0xe, 0x1f, 0xbc, 0x80,

    /* U+6DE1 "淡" */
    0x4, 0x1e, 0x70, 0xfd, 0xa0, 0x80, 0x82, 0x42,
    0xbc, 0x58, 0x65, 0x83, 0xa1, 0x44, 0xb, 0xf,
    0xd8, 0x4f, 0x6, 0xb0, 0xee, 0xea, 0xa, 0x98,
    0xdc, 0xb6, 0x61, 0x38, 0xf9, 0x58, 0x2c, 0x3f,
    0x46, 0x14, 0x86, 0xa1, 0x60, 0x40, 0xa0, 0xcc,
    0x88, 0x83, 0x83, 0x48, 0xe2, 0x5e, 0x43, 0x30,
    0x4d, 0x15, 0x6, 0x90, 0x5d, 0xa4, 0x70, 0x28,
    0x17, 0x83, 0x5e, 0x0,

    /* U+6DF1 "深" */
    0x14, 0x1f, 0xfc, 0x26, 0xcf, 0xfe, 0x82, 0xe0,
    0x7f, 0xd0, 0x72, 0x20, 0x81, 0x83, 0xf, 0x47,
    0x80, 0xca, 0x6, 0x85, 0xa8, 0x11, 0x5, 0xd0,
    0x98, 0x41, 0x21, 0xb8, 0xa0, 0x34, 0x18, 0x7d,
    0xf9, 0xbe, 0x83, 0x47, 0xc1, 0x5e, 0x83, 0x21,
    0x49, 0x40, 0xf5, 0x0, 0xa9, 0x2c, 0x39, 0x43,
    0x61, 0x2b, 0xb, 0x87, 0xc1, 0xd3, 0x82, 0x46,
    0xf, 0xac,

    /* U+6DFA "淺" */
    0xf, 0xfe, 0x34, 0x1a, 0x80, 0x90, 0xef, 0x20,
    0xd0, 0x7a, 0x42, 0x76, 0xe3, 0xb3, 0xf, 0xaf,
    0x44, 0x5, 0x2, 0xf, 0x26, 0x42, 0xf, 0x40,
    0x6d, 0x71, 0x1, 0xf1, 0x65, 0x6f, 0x21, 0x92,
    0x9e, 0x18, 0xe0, 0xfe, 0x41, 0x14, 0xd, 0xbe,
    0x8f, 0x8f, 0x4, 0x8f, 0xd1, 0x6b, 0x5, 0x40,
    0xc9, 0xf0, 0x82, 0x10, 0x36, 0xb8, 0x81, 0xe0,
    0x7e, 0xab, 0xc8, 0x10, 0xb9, 0x9, 0xb8,

    /* U+6DFB "添" */
    0x14, 0x1f, 0xfc, 0x26, 0xcf, 0xfe, 0x82, 0xd3,
    0xe9, 0xfd, 0x6, 0x83, 0x78, 0x3f, 0xf8, 0x4a,
    0xf, 0xa0, 0x5f, 0x1f, 0xe0, 0x79, 0xbc, 0x7c,
    0x5e, 0x3, 0xa0, 0xe5, 0x1c, 0x87, 0xae, 0x70,
    0xbe, 0xc, 0xfc, 0x12, 0x5e, 0x9, 0xd1, 0xb,
    0x68, 0x1a, 0xce, 0xa, 0x85, 0x0, 0x8b, 0x83,
    0xca, 0x5, 0x6, 0xe, 0xc1, 0x81, 0x41, 0x3a,
    0x83, 0xc0,

    /* U+6E05 "清" */
    0x14, 0x1e, 0xc3, 0xe7, 0xc7, 0xe3, 0xf2, 0x15,
    0x9f, 0x8f, 0xc8, 0x7a, 0xf8, 0xfc, 0x12, 0x15,
    0xf1, 0xf8, 0x2f, 0x17, 0xe3, 0xf8, 0x14, 0x6f,
    0xff, 0x4, 0xa1, 0xeb, 0xb8, 0x39, 0x3, 0x5e,
    0xf, 0x40, 0x7f, 0xa0, 0xe9, 0x3, 0xfd, 0x7,
    0x30, 0x1f, 0xe8, 0x34, 0x84, 0xff, 0x41, 0xd0,
    0x7c, 0xf6, 0x0,

    /* U+6E08 "済" */
    0xf, 0xe4, 0x3e, 0x74, 0x3a, 0xf, 0x9e, 0x3f,
    0x1f, 0xc1, 0xb3, 0x8f, 0xc7, 0x83, 0xe5, 0x60,
    0xe0, 0xd0, 0x74, 0xfa, 0x43, 0x78, 0xd, 0x94,
    0xfa, 0x3, 0x5, 0xe9, 0x57, 0x61, 0x20, 0x74,
    0x34, 0x21, 0x90, 0xaf, 0xc8, 0x7a, 0xa, 0xfc,
    0x87, 0x48, 0x1b, 0xf2, 0x1c, 0xc1, 0x7f, 0x21,
    0xa4, 0x1c, 0x1f, 0xee, 0x16, 0xf, 0xf2, 0x6,
    0xf, 0x48, 0x0,

    /* U+6E1B "減" */
    0xf, 0xfe, 0x2b, 0xa1, 0xf6, 0xc1, 0x3c, 0x87,
    0xcd, 0x3, 0x6f, 0xf8, 0xf2, 0x1f, 0x7f, 0x1f,
    0x3, 0x43, 0x56, 0x9, 0x5, 0x41, 0x56, 0x47,
    0x3, 0xc1, 0xf9, 0xf0, 0x7e, 0xee, 0x2, 0x83,
    0x42, 0x36, 0x72, 0x19, 0x10, 0xfd, 0x6, 0xb0,
    0x9f, 0x7, 0xc8, 0xf8, 0x7e, 0x85, 0x8a, 0xa,
    0x22, 0x9d, 0x30, 0x4a, 0x83, 0xb1, 0x70, 0x8a,
    0xd, 0x5, 0x60,

    /* U+6E2C "測" */
    0x1d, 0x3f, 0x83, 0x63, 0xe0, 0x7c, 0xc, 0x3d,
    0x7, 0xff, 0x17, 0xe0, 0xfb, 0x82, 0xf8, 0x3e,
    0xc8, 0x3f, 0xf8, 0x34, 0x7, 0xc1, 0xff, 0xc0,
    0xf8, 0x3f, 0xa0, 0xff, 0xe0, 0xa8, 0x1f, 0x7,
    0xea, 0x14, 0xec, 0xc3, 0xc9, 0x5, 0x7, 0xa4,
    0x94, 0x22, 0x1e, 0x86, 0xa, 0x6f, 0x24, 0xc,
    0x3d, 0x7a,

    /* U+6E90 "源" */
    0xf, 0xfe, 0x2b, 0xc7, 0xff, 0x80, 0xea, 0x2f,
    0x9f, 0xc1, 0xb4, 0x39, 0xf, 0xfe, 0x7, 0xc7,
    0xc0, 0x74, 0x3b, 0xf8, 0x26, 0x88, 0x12, 0xb8,
    0x33, 0xa1, 0xba, 0xc1, 0xff, 0x21, 0xfe, 0x43,
    0x7f, 0x7, 0x32, 0xf, 0x8f, 0x83, 0x53, 0x49,
    0x9, 0xc2, 0x45, 0x6b, 0x4, 0x90, 0x28, 0x8f,
    0x83, 0xb0, 0x94, 0x44, 0x58, 0x68,

    /* U+6E96 "準" */
    0x2, 0x1a, 0xf, 0xf7, 0xa2, 0x3, 0x87, 0xd7,
    0x96, 0xe3, 0xe4, 0x12, 0x31, 0xf1, 0xf2, 0xe,
    0x9a, 0x53, 0x2a, 0x9, 0xee, 0x29, 0x95, 0x7,
    0x30, 0x29, 0x95, 0x6, 0x68, 0xa, 0x65, 0x41,
    0x36, 0x15, 0x45, 0x60, 0x70, 0x6f, 0x5d, 0x60,
    0x48, 0x5f, 0x7, 0xef, 0xf2, 0xbf, 0xc0, 0xff,
    0x2b, 0xfc, 0x1f, 0xfd, 0x50,

    /* U+6EDA "滚" */
    0xf, 0xe4, 0x3e, 0x70, 0xf4, 0x87, 0x9b, 0x7f,
    0x17, 0xe0, 0x9d, 0xf3, 0xf3, 0x78, 0x3e, 0x83,
    0x51, 0xa, 0xb, 0x2e, 0x7, 0x40, 0x79, 0x2a,
    0x67, 0x3c, 0x7, 0x3, 0x1a, 0x8, 0x43, 0x24,
    0x94, 0xf0, 0x87, 0x25, 0xe2, 0x49, 0xe, 0x81,
    0x4d, 0x15, 0xa1, 0x4d, 0xa8, 0x1d, 0x34, 0x26,
    0xf4, 0x1a, 0xe, 0x50, 0x84, 0xd1, 0xb4, 0x1c,
    0x14, 0xf4, 0x1f, 0x2, 0xd, 0xe8, 0x3a, 0x0,

    /* U+6EFE "滾" */
    0xf, 0xfe, 0x2b, 0xa1, 0xd8, 0x7c, 0xd5, 0xf8,
    0xfe, 0x9, 0xef, 0x5f, 0x5f, 0x7, 0xd6, 0x1b,
    0xc, 0x85, 0x90, 0x4d, 0x85, 0xe6, 0x8d, 0x7e,
    0x5, 0x92, 0x57, 0x24, 0x19, 0xb, 0xf9, 0xf,
    0x40, 0xe2, 0x3c, 0xa0, 0xc8, 0x29, 0xa2, 0xb4,
    0x2a, 0xb6, 0x7, 0x78, 0x32, 0xbc, 0xa0, 0xa5,
    0x5, 0x41, 0x1a, 0x6a, 0xe8, 0xd, 0x9, 0x3c,
    0x83, 0xc0,

    /* U+700F "瀏" */
    0xf, 0xfe, 0x24, 0x94, 0x57, 0xa0, 0x60, 0xa2,
    0xa5, 0xb2, 0xe, 0xd0, 0x60, 0x74, 0x3f, 0x25,
    0x87, 0x98, 0x36, 0x9, 0xc, 0x91, 0xb2, 0x61,
    0xeb, 0x7, 0xc4, 0x1f, 0x2b, 0x6e, 0xd0, 0xf2,
    0x76, 0xea, 0xf, 0x6f, 0xcf, 0x90, 0xf2, 0x76,
    0xea, 0xc3, 0x50, 0x10, 0x1c, 0x3c, 0xa1, 0x53,
    0x50, 0x74, 0xf, 0xf5, 0x30, 0x0,

    /* U+70B9 "点" */
    0xf, 0x98, 0x3f, 0xf8, 0x6f, 0xf2, 0x1f, 0xcf,
    0xf2, 0x1f, 0xfc, 0x8a, 0xe6, 0xb0, 0x79, 0xfa,
    0x9f, 0x28, 0x3c, 0xbf, 0x83, 0xff, 0x98, 0xbf,
    0x83, 0xe7, 0xff, 0x28, 0x3a, 0xbf, 0xc1, 0xce,
    0x8, 0x18, 0x28, 0x1a, 0x80, 0x40, 0xc4, 0xa0,
    0x4a, 0xe, 0x90, 0x50, 0x1c, 0x16, 0x16, 0x7,
    0x0,

    /* U+7121 "無" */
    0xd, 0x7, 0xff, 0xa, 0xf, 0xfe, 0x1a, 0xbf,
    0xf9, 0xb, 0x2c, 0xe3, 0x8d, 0x7, 0x8, 0x48,
    0x10, 0xed, 0xf, 0xfe, 0x15, 0x9e, 0x3c, 0x78,
    0xe0, 0x59, 0xe3, 0xc7, 0x8e, 0xf, 0xfe, 0xb7,
    0x8f, 0x1e, 0x3c, 0x78, 0x1f, 0xff, 0xc2, 0xa,
    0x83, 0x3, 0x5, 0x3, 0x30, 0xa0, 0x28, 0x94,
    0xe, 0xf, 0x78, 0x1c, 0xd, 0xb, 0x3, 0x5,
    0x80,

    /* U+7136 "然" */
    0xf, 0xfe, 0x46, 0x1c, 0xca, 0xe, 0x8f, 0x83,
    0x32, 0x19, 0xf8, 0x3d, 0x86, 0xed, 0xa7, 0xa7,
    0xd0, 0x35, 0x79, 0x5e, 0x4f, 0x80, 0xf0, 0x10,
    0x91, 0xd, 0x3e, 0x60, 0xd6, 0x1f, 0xb0, 0xb9,
    0x41, 0xd4, 0xc2, 0xd4, 0x58, 0x59, 0x81, 0xd8,
    0xd, 0x83, 0x82, 0x78, 0x33, 0x85, 0x41, 0x81,
    0x81, 0xc2, 0x54, 0x28, 0xa, 0x15, 0x2, 0x81,
    0xee, 0x4, 0x83, 0x42, 0xc0, 0xe1, 0x60,

    /* U+7167 "照" */
    0xf, 0xfe, 0x37, 0xe7, 0xfe, 0x83, 0x78, 0x7d,
    0x3e, 0x83, 0xfe, 0xb0, 0x61, 0xfe, 0xd7, 0xb0,
    0xde, 0x1e, 0x81, 0x48, 0x6f, 0xf, 0xa9, 0xf0,
    0x7f, 0x9a, 0xc8, 0x7f, 0xf2, 0x68, 0x1f, 0xfc,
    0x2f, 0x41, 0x7e, 0xe, 0xf2, 0x81, 0xde, 0xa0,
    0x6b, 0x18, 0x28, 0x60, 0x96, 0x2, 0x5, 0x1,
    0x81, 0x40, 0x28, 0x24, 0x12, 0xd, 0xa, 0xa,
    0xb, 0x0,

    /* U+7235 "爵" */
    0xf, 0xe5, 0x50, 0xf, 0xfa, 0x98, 0x20, 0x3b,
    0x78, 0xa9, 0x41, 0xdc, 0x9, 0x7, 0x6, 0xe3,
    0xd4, 0xf1, 0x68, 0x5f, 0x1e, 0x6f, 0x21, 0xbe,
    0x3c, 0xde, 0x42, 0xff, 0xf5, 0x10, 0x75, 0xc1,
    0xb0, 0xf7, 0x81, 0xf9, 0xb4, 0x18, 0x33, 0xbc,
    0xda, 0xa, 0xc0, 0x90, 0xfb, 0xe6, 0x38, 0x3e,
    0x54, 0xc0, 0xc3, 0xa3, 0x3c, 0x83, 0xca, 0x5,
    0xca, 0x30, 0x7c, 0x10,

    /* U+7247 "片" */
    0xb, 0xe, 0xc3, 0xff, 0xbe, 0x87, 0xfb, 0xf4,
    0x7e, 0x43, 0x7f, 0xf9, 0xf, 0xfe, 0x3a, 0xfe,
    0xe, 0x4a, 0xfc, 0x1e, 0x7f, 0xe0, 0xf5, 0x87,
    0xff, 0x9, 0xf, 0xfe, 0x6, 0x87, 0xff, 0x5,
    0x83, 0xff, 0x80,

    /* U+7248 "版" */
    0x6, 0xc, 0xb, 0x53, 0x83, 0xfa, 0xce, 0xe0,
    0xff, 0x4a, 0xf, 0xfe, 0x5f, 0x8c, 0x1f, 0xe0,
    0xdf, 0x81, 0x4f, 0x83, 0xfe, 0x70, 0x28, 0x37,
    0xc1, 0x90, 0x78, 0x37, 0x94, 0x12, 0x85, 0x4,
    0x87, 0xd5, 0x82, 0x43, 0x94, 0x5, 0x82, 0xf0,
    0x6f, 0xa, 0x10, 0x94, 0x19, 0x6a, 0x72, 0x4,
    0x39, 0x56, 0x9c, 0x90, 0x53, 0x38, 0x6d,

    /* U+7259 "牙" */
    0x7, 0xff, 0xf0, 0x3, 0x7f, 0xe2, 0xf0, 0x74,
    0x87, 0xff, 0x9, 0x41, 0xff, 0xd1, 0x50, 0x7f,
    0xf0, 0xb7, 0xfc, 0x5f, 0x5, 0x7f, 0x20, 0xbe,
    0xf, 0xd3, 0x87, 0xff, 0x3, 0x30, 0xff, 0xae,
    0x81, 0xfe, 0xb3, 0x43, 0xfd, 0x9c, 0x1f, 0xfc,
    0xe, 0xc, 0xf8, 0x43, 0xfe, 0x7e, 0xe,

    /* U+7279 "特" */
    0xb, 0xf, 0x61, 0xe8, 0x3b, 0xe3, 0xe4, 0xa,
    0x10, 0x7c, 0x7c, 0x85, 0x16, 0x1f, 0xfc, 0xc,
    0xb5, 0xc2, 0xe1, 0x40, 0x4f, 0xcf, 0x4c, 0x18,
    0x6a, 0xf1, 0xc2, 0x80, 0xa0, 0xf9, 0x9, 0x88,
    0xaf, 0x14, 0x1f, 0x1b, 0x75, 0x8e, 0x19, 0xc,
    0xe1, 0xff, 0xc3, 0xa0, 0x7f, 0xf0, 0x98, 0x3f,
    0xf8, 0x9e, 0x42,

    /* U+72B6 "状" */
    0xf, 0xfe, 0x46, 0x1a, 0x44, 0x3f, 0xf8, 0x72,
    0x16, 0x87, 0xf7, 0x5, 0xc1, 0xfe, 0xc3, 0x48,
    0xfc, 0xdf, 0x82, 0x50, 0xfc, 0x3f, 0x83, 0xfe,
    0x43, 0xf6, 0x1f, 0xfc, 0x2e, 0xd, 0x2a, 0xe,
    0xe4, 0x33, 0x44, 0x3a, 0x43, 0x21, 0x30, 0x64,
    0x3a, 0xc1, 0x28, 0x3f, 0x70, 0x6a, 0x21, 0xe9,
    0x41, 0x9e, 0xe, 0xe8, 0x1f, 0x60,

    /* U+72C0 "狀" */
    0xf, 0xfe, 0x2e, 0x16, 0x1b, 0x30, 0xff, 0xe1,
    0xf8, 0x3f, 0xf8, 0x74, 0xf, 0xfe, 0x13, 0x5,
    0xf1, 0x7c, 0x7e, 0x7, 0xd1, 0x7a, 0x2f, 0x83,
    0x90, 0xff, 0xe1, 0xa1, 0xec, 0x3b, 0xe8, 0x34,
    0xa0, 0xec, 0xf0, 0x74, 0x21, 0x94, 0x1d, 0x25,
    0x3, 0xfc, 0xa8, 0x48, 0x2a, 0x4, 0xd0, 0x2d,
    0x81, 0x6, 0xb4, 0x36, 0x12, 0x17, 0x83, 0xe8,

    /* U+7387 "率" */
    0xf, 0x90, 0xff, 0xe1, 0xf0, 0x7e, 0xff, 0x2b,
    0xfc, 0xf, 0xe8, 0xff, 0x80, 0xe1, 0x59, 0x23,
    0x84, 0xf9, 0x8f, 0xd, 0xe0, 0xed, 0xb5, 0x65,
    0x3, 0xd6, 0x5d, 0xb4, 0xd, 0x7e, 0x68, 0x53,
    0xc8, 0x2d, 0x3d, 0x76, 0x3a, 0x1f, 0xbc, 0x1f,
    0xbf, 0xca, 0xff, 0x3, 0xfc, 0xaf, 0xf0, 0x7f,
    0xf5, 0x40,

    /* U+73ED "班" */
    0xf, 0xec, 0x3e, 0xfd, 0x6, 0xfe, 0x7, 0x8e,
    0xd, 0xe3, 0xc1, 0xf4, 0x1f, 0xfd, 0x34, 0x3f,
    0xd6, 0x68, 0x7f, 0xd4, 0x34, 0x33, 0x9e, 0x9,
    0xa, 0x16, 0xcf, 0x7, 0xc8, 0x7f, 0xf1, 0x7c,
    0x1f, 0x93, 0x85, 0x83, 0xef, 0x5c, 0x50, 0x3f,
    0x72, 0x3c, 0xfc, 0x79, 0xe, 0x74, 0xff, 0x20,

    /* U+73FE "現" */
    0xf, 0xfe, 0x2f, 0xf3, 0xff, 0x40, 0xf1, 0xe4,
    0xfe, 0x83, 0xff, 0x9d, 0xfd, 0x7, 0x90, 0xbf,
    0xa0, 0xa8, 0x70, 0x2b, 0xc1, 0x50, 0xa0, 0x2b,
    0xc1, 0xff, 0xce, 0xfe, 0x83, 0xd6, 0xed, 0x9e,
    0x81, 0x67, 0x91, 0x41, 0xf7, 0xc8, 0x14, 0x1e,
    0x44, 0x35, 0x41, 0xce, 0x1d, 0x98, 0x4f, 0xac,
    0x3b, 0x83, 0x5f, 0x20,

    /* U+7406 "理" */
    0xf, 0x3f, 0xf8, 0x1f, 0xc3, 0xe3, 0xe0, 0xbc,
    0x78, 0x3f, 0xf8, 0xaf, 0x8f, 0x83, 0xf9, 0xf1,
    0xf0, 0x5e, 0x38, 0x3f, 0xef, 0x1c, 0x34, 0x2a,
    0xf, 0xcf, 0x43, 0xa6, 0x1f, 0xfc, 0x4, 0x3f,
    0xcf, 0xc7, 0xe0, 0xef, 0x3f, 0x17, 0xc0, 0xf1,
    0x61, 0xc8, 0x73, 0xe4, 0x3f, 0xf8, 0x10, 0x57,
    0xe3, 0xf4,

    /* U+751F "生" */
    0xd, 0x2, 0x81, 0xfe, 0x83, 0xff, 0x86, 0xe1,
    0xff, 0xc1, 0x4b, 0xca, 0xfe, 0x42, 0xbf, 0x2b,
    0xf9, 0x7, 0x7, 0xff, 0xb, 0x43, 0xff, 0x86,
    0xfe, 0x57, 0xe8, 0x33, 0xf9, 0x5f, 0xa0, 0xff,
    0xfb, 0xff, 0x95, 0xfe, 0x0,

    /* U+7522 "產" */
    0xf, 0x90, 0xff, 0xe2, 0x61, 0xfd, 0xfd, 0x1f,
    0xd0, 0x5e, 0x46, 0xf4, 0x5c, 0x1d, 0x7a, 0xf5,
    0xa1, 0xf5, 0xeb, 0xd4, 0xc3, 0xbc, 0x8d, 0xe9,
    0x3c, 0x1b, 0xd7, 0xd7, 0xf0, 0x7a, 0x3, 0x7,
    0xfb, 0x3d, 0x1f, 0x83, 0xa7, 0xf1, 0xf8, 0x3a,
    0x9f, 0x8f, 0xc1, 0x21, 0x7e, 0x3f, 0x5, 0xc1,
    0xff, 0xc2, 0x55, 0xfc, 0x7f, 0x24, 0x5f, 0xff,
    0x20,

    /* U+7528 "用" */
    0xf, 0xfe, 0x25, 0xff, 0xf0, 0x57, 0xc7, 0xf0,
    0x7f, 0xf1, 0xaf, 0x8f, 0xe0, 0xd5, 0x8a, 0xe0,
    0xe5, 0x85, 0xe0, 0x90, 0xff, 0xe1, 0x5f, 0x1f,
    0xc1, 0xbf, 0x1f, 0xc1, 0xff, 0xc4, 0x50, 0x7f,
    0xf0, 0x28, 0x1f, 0xf2, 0x83, 0xf7, 0xca, 0x83,
    0xb0, 0x7d, 0x0,

    /* U+753B "画" */
    0x3f, 0xff, 0x82, 0x7f, 0xff, 0x4, 0x3f, 0xf8,
    0xb5, 0xf8, 0x32, 0x3d, 0xb4, 0x41, 0x30, 0x11,
    0xf, 0x21, 0xff, 0xc6, 0xf8, 0xf0, 0x7e, 0xf8,
    0xf0, 0x7f, 0xf2, 0xbe, 0x3c, 0x1f, 0x7f, 0xe0,
    0xef, 0xff, 0x87, 0xff, 0xe8,

    /* U+754C "界" */
    0xb, 0xff, 0xe0, 0xf7, 0xe3, 0xf0, 0x7f, 0xf2,
    0xff, 0x1f, 0x83, 0xef, 0xc7, 0xe0, 0xfa, 0xb1,
    0x58, 0x3d, 0xc3, 0xe1, 0xec, 0x3d, 0x32, 0x54,
    0x1e, 0x71, 0x41, 0xae, 0x41, 0x7a, 0x50, 0x53,
    0xe9, 0x28, 0x12, 0x1e, 0x74, 0x32, 0x1f, 0xfc,
    0x26, 0xc3, 0xff, 0x81, 0x4c, 0x3f, 0xf8, 0x36,
    0x1e, 0xc3, 0x80,

    /* U+7559 "留" */
    0xc, 0xc1, 0xfd, 0x7d, 0x1f, 0xe4, 0x7d, 0x3,
    0xc7, 0x90, 0xe8, 0x32, 0x1f, 0xbc, 0x7, 0xf,
    0xf2, 0x48, 0x16, 0x3e, 0x79, 0xf, 0x3e, 0xa0,
    0x22, 0xe1, 0x83, 0x50, 0x16, 0x85, 0xd5, 0xea,
    0xb0, 0xea, 0xb2, 0xa0, 0xf7, 0xe3, 0xe0, 0xf7,
    0xe3, 0xe0, 0xfe, 0x43, 0xfd, 0xf4, 0x7c, 0x10,

    /* U+756A "番" */
    0xf, 0xfe, 0x5a, 0xa9, 0xe0, 0xef, 0xaa, 0xfa,
    0xc3, 0xb9, 0xa3, 0xaa, 0x43, 0xcb, 0x6, 0x58,
    0x37, 0xc5, 0xb7, 0x3f, 0x3, 0xf4, 0x28, 0xbf,
    0x7, 0x53, 0x3d, 0x61, 0xeb, 0xe3, 0x7, 0x72,
    0xc, 0x17, 0xa9, 0xe8, 0x10, 0x38, 0xf9, 0xbe,
    0x2c, 0x3b, 0xe6, 0xf8, 0x3f, 0x7c, 0xaf, 0x83,
    0xff, 0x81, 0x87, 0xfd, 0xf3, 0x7c, 0x18,

    /* U+767A "発" */
    0xf, 0xc8, 0x48, 0x77, 0xf1, 0xc6, 0x1e, 0xfa,
    0x49, 0xe5, 0x82, 0xd2, 0x80, 0x85, 0x48, 0x5d,
    0xc1, 0x2b, 0xb0, 0xf4, 0x86, 0x84, 0x35, 0x97,
    0xf8, 0x74, 0x4f, 0x8b, 0xc5, 0xea, 0xc, 0x19,
    0xf, 0x38, 0x7c, 0x87, 0xfa, 0xf8, 0xbc, 0x5f,
    0x5, 0x7c, 0x7c, 0x5f, 0x7, 0xb4, 0x3e, 0x50,
    0x6d, 0x83, 0xec, 0x2b, 0xa0, 0x66, 0xf2, 0x81,
    0x68, 0x75, 0xf8, 0x0,

    /* U+767C "發" */
    0xf, 0xc8, 0x48, 0x73, 0xf9, 0x22, 0xc3, 0xde,
    0x85, 0x1e, 0x8c, 0x27, 0xa6, 0x9, 0xde, 0xc,
    0xac, 0x34, 0x51, 0x3, 0xa7, 0x17, 0x92, 0xd3,
    0xf9, 0x1f, 0x8f, 0x24, 0x1f, 0xfc, 0x47, 0xe6,
    0x43, 0x78, 0x2e, 0xf5, 0xc1, 0x7c, 0x12, 0x83,
    0x7f, 0x83, 0x3f, 0x95, 0xf3, 0x6, 0xbd, 0x27,
    0xa8, 0x21, 0xf6, 0x5, 0xc1, 0xe7, 0xcd, 0xff,
    0x6, 0x7e, 0x3c, 0x81, 0xc0,

    /* U+7684 "的" */
    0x9, 0xc, 0x87, 0xd6, 0x1a, 0xf, 0x9c, 0x3f,
    0xde, 0x2f, 0x9, 0xf9, 0x3f, 0x2, 0xfc, 0x87,
    0xc8, 0x7f, 0xf0, 0x78, 0x3e, 0x43, 0x4e, 0x12,
    0x8b, 0xe0, 0x98, 0x3b, 0xf0, 0x52, 0x83, 0xff,
    0x81, 0x61, 0xff, 0xc0, 0x60, 0xc8, 0x10, 0xff,
    0x5e, 0x90, 0xe5, 0x3, 0xf4, 0x7, 0xd4, 0x30,
    0xf9, 0xf8, 0x0,

    /* U+76D6 "盖" */
    0xf, 0xfe, 0x43, 0x7, 0x61, 0xf9, 0x60, 0xa4,
    0x3d, 0xf1, 0x7c, 0xaf, 0x21, 0x7f, 0x4f, 0xf2,
    0x1b, 0xf4, 0xfe, 0x83, 0xbf, 0x4f, 0xe8, 0x2a,
    0xf9, 0xaf, 0x2, 0xbd, 0xea, 0xf0, 0x7f, 0xf1,
    0xdf, 0xff, 0x83, 0x9f, 0x1e, 0x6f, 0x7, 0xff,
    0x63, 0x9f, 0x1e, 0x6f, 0x1a,

    /* U+76EE "目" */
    0x3f, 0xfc, 0x83, 0xff, 0x7, 0xff, 0x43, 0xff,
    0x6, 0xff, 0xc1, 0xff, 0xd0, 0xff, 0xc1, 0xbf,
    0xf0, 0x7f, 0xf4, 0x3f, 0xf0, 0x6f, 0xfc, 0x0,

    /* U+76F4 "直" */
    0xf, 0xfe, 0x5d, 0x3, 0xf5, 0xfc, 0xaf, 0xf0,
    0x2f, 0xe3, 0xfe, 0xd, 0x7c, 0x7f, 0x7, 0xd7,
    0xfc, 0x1f, 0xfc, 0xcb, 0xfe, 0xf, 0xd7, 0xfc,
    0x1f, 0xaf, 0xf8, 0x3f, 0x5f, 0xf0, 0x7e, 0xbf,
    0xe0, 0xfd, 0x7f, 0xc1, 0xf2, 0x1f, 0xc8, 0x5e,
    0x2f, 0xf8, 0xb4,

    /* U+76F8 "相" */
    0x9, 0x80, 0xff, 0xc1, 0xf9, 0xfe, 0x2, 0xb1,
    0x41, 0xfd, 0x45, 0x58, 0x7f, 0x78, 0x78, 0x7f,
    0x83, 0xf9, 0xfd, 0x5, 0xc, 0x1f, 0x21, 0x32,
    0x21, 0xfc, 0xa0, 0x58, 0xff, 0x2, 0x81, 0x43,
    0xfc, 0x4, 0x3f, 0xf8, 0x50, 0x7f, 0xf2, 0x5f,
    0xe0, 0xfe, 0x7f, 0x83, 0x30, 0x18, 0x3b,

    /* U+770B "看" */
    0xf, 0xf2, 0xa4, 0x37, 0xfa, 0x99, 0xa1, 0xbf,
    0x2a, 0xa5, 0x7, 0x5f, 0x2b, 0xfc, 0x1a, 0xf4,
    0x7f, 0xc1, 0xf6, 0x87, 0xfa, 0xad, 0x2b, 0xf0,
    0x2a, 0x1a, 0xfe, 0xd, 0xf, 0xfc, 0x86, 0x51,
    0xff, 0x21, 0xa9, 0x9d, 0x79, 0xe, 0xc1, 0xd7,
    0x90, 0xd0, 0x5d, 0x79, 0xf, 0xdd, 0x79, 0xf,
    0xdf, 0xf2, 0x10,

    /* U+7720 "眠" */
    0xfc, 0xf, 0xf8, 0x2f, 0x6, 0xfe, 0xf, 0xfe,
    0x6a, 0xf0, 0x6f, 0x6, 0xae, 0xd, 0xe0, 0xde,
    0x6f, 0x7, 0xff, 0x1b, 0xc1, 0xbc, 0xdf, 0x27,
    0x83, 0x7c, 0xfc, 0x87, 0xff, 0x35, 0xe, 0xf0,
    0x7d, 0x24, 0xdf, 0x9, 0xe9, 0x84, 0x43, 0x4d,
    0xc7, 0x84, 0x3b, 0x90, 0xde, 0x0,

    /* U+7761 "睡" */
    0xf, 0xe5, 0x49, 0xf8, 0xbe, 0xbc, 0x83, 0xc0,
    0xbd, 0x32, 0x1f, 0xfc, 0x9a, 0xcd, 0x49, 0xe0,
    0x6e, 0x9a, 0x17, 0x80, 0x8e, 0xb6, 0x86, 0x62,
    0x8c, 0xd0, 0xf0, 0xe6, 0x9a, 0xb3, 0xc0, 0x47,
    0x51, 0xa1, 0xc8, 0xeb, 0x61, 0xcc, 0x49, 0xa,
    0x3c, 0x3f, 0x4f, 0xcd, 0xf0, 0x7f, 0x90, 0xdf,
    0x4f, 0xc0,

    /* U+77E5 "知" */
    0xf, 0xfe, 0x2e, 0x87, 0xff, 0x9, 0xc, 0xff,
    0x1, 0x3f, 0x43, 0xf0, 0x54, 0xcf, 0x41, 0xf2,
    0x21, 0xff, 0xc0, 0x70, 0xff, 0xe0, 0xbf, 0x1f,
    0x7, 0xcf, 0xa3, 0xe0, 0xff, 0xe6, 0xee, 0x1f,
    0xfc, 0x6, 0x98, 0x7f, 0xa4, 0x56, 0x35, 0x5,
    0x30, 0x2c, 0x7e, 0x2, 0xb0, 0xf9, 0x60, 0x38,
    0x79, 0x82, 0xc0,

    /* U+7801 "码" */
    0xf, 0xfe, 0x2f, 0xf3, 0xfe, 0x82, 0xe7, 0xcf,
    0xf2, 0x1d, 0x87, 0x41, 0xb0, 0xce, 0x19, 0xf,
    0xf2, 0x12, 0x82, 0x50, 0x49, 0x44, 0x3f, 0xe8,
    0x28, 0xc3, 0xf2, 0xa, 0x3, 0x7e, 0x3c, 0x30,
    0x73, 0xfe, 0x9, 0xe, 0x5e, 0x14, 0x1f, 0x3f,
    0xc8, 0x7b, 0xc3, 0x5c, 0xf8, 0x37, 0xc1, 0xf2,
    0x82, 0xc3, 0xe7, 0xc8, 0x7f, 0xf0, 0x1f, 0x40,

    /* U+786C "硬" */
    0x3f, 0xaf, 0xfc, 0x9c, 0x7a, 0xf8, 0xfc, 0x84,
    0x87, 0xff, 0xb, 0xc1, 0x7c, 0x7e, 0x9, 0x41,
    0xbc, 0x7c, 0x12, 0x7c, 0xf, 0x1f, 0x5, 0x9e,
    0xb, 0xc7, 0xc0, 0x50, 0x7f, 0xf0, 0x98, 0x3d,
    0xe3, 0xe0, 0x90, 0xe7, 0xc7, 0xe0, 0xfd, 0xd1,
    0xf, 0xde, 0x2, 0x30, 0x7e, 0xf8, 0x9b, 0xc8,
    0x76, 0x17, 0xcf, 0x76, 0x0,

    /* U+786E "确" */
    0xf, 0xca, 0xf, 0x7f, 0x24, 0x1f, 0x78, 0xf2,
    0x8b, 0xe0, 0xca, 0xa, 0x9e, 0x60, 0xde, 0x2,
    0x22, 0xc1, 0x94, 0x8, 0xf4, 0x7c, 0x25, 0x1c,
    0xf1, 0xf0, 0x22, 0xf0, 0x38, 0xec, 0x42, 0x42,
    0xe3, 0xb1, 0x83, 0xff, 0x84, 0x87, 0xbc, 0x7c,
    0x1f, 0xde, 0x3e, 0xd, 0xe1, 0x41, 0xfe, 0xf5,
    0xc1, 0xfc, 0x81, 0xf, 0x79, 0x4, 0x6, 0xb,
    0x3d, 0x0,

    /* U+788C "碌" */
    0xf, 0xfe, 0x2f, 0xf3, 0xff, 0x5, 0xc7, 0x9f,
    0xf0, 0x79, 0xf, 0xfe, 0x17, 0x82, 0x7f, 0x83,
    0x94, 0x13, 0xfc, 0x1e, 0xf9, 0xff, 0x1a, 0x27,
    0x87, 0xe6, 0xf9, 0x20, 0xed, 0xc, 0xe1, 0xfb,
    0x82, 0xbc, 0xc, 0x3d, 0xaa, 0x20, 0xff, 0x59,
    0x21, 0xef, 0x3, 0xd2, 0x79, 0x9, 0xf9, 0xd0,
    0xd8, 0x68, 0x24, 0x1a, 0x80, 0x87, 0xfb, 0xc1,
    0xc0,

    /* U+78BA "確" */
    0xf, 0xf2, 0x1e, 0x5e, 0xd, 0x7, 0xbd, 0x79,
    0xf8, 0xfc, 0xb, 0x68, 0x3b, 0x7c, 0x1b, 0xc1,
    0x6a, 0x30, 0x21, 0x28, 0xa, 0x94, 0x24, 0x19,
    0x63, 0x1c, 0xb8, 0x8, 0x56, 0xf, 0x1e, 0x81,
    0xa, 0x3c, 0x78, 0xf4, 0x28, 0x3e, 0xf1, 0xe8,
    0x60, 0xff, 0xe5, 0xf8, 0xf4, 0x1b, 0xc1, 0xbc,
    0x7a, 0xd, 0x4c, 0x3c, 0x87, 0x2c, 0x1a, 0x8f,
    0x44,

    /* U+78BC "碼" */
    0xf, 0xfe, 0x2f, 0xfa, 0xff, 0x81, 0xc7, 0xc5,
    0xe3, 0xe0, 0xc8, 0x7f, 0xf0, 0xbc, 0x1a, 0xf1,
    0xe4, 0x25, 0x6, 0xbc, 0x79, 0xd, 0xf0, 0x2f,
    0x1e, 0x40, 0x9e, 0xa, 0xf1, 0xe4, 0x10, 0x7f,
    0xf0, 0x90, 0xf7, 0x78, 0xf8, 0x70, 0xe7, 0xf5,
    0x87, 0xf6, 0x4a, 0x20, 0xef, 0xa, 0x15, 0x30,
    0x77, 0xe8, 0x4c, 0x3d, 0x85, 0x2, 0x1f, 0x41,
    0xff, 0xc0, 0x7c, 0x80,

    /* U+793A "示" */
    0xf, 0xfe, 0x35, 0xff, 0xe8, 0x35, 0xff, 0xe8,
    0x3f, 0xfa, 0xff, 0xff, 0xc2, 0x7, 0xf9, 0x5f,
    0xe0, 0xe4, 0x3c, 0x87, 0xd6, 0x1e, 0xe0, 0xe5,
    0x41, 0xe9, 0x41, 0xa8, 0x1f, 0xb8, 0x2d, 0x41,
    0xfc, 0xc0, 0xa0, 0x7f, 0xac, 0x8, 0x5e, 0x70,
    0xe4,

    /* U+7981 "禁" */
    0xd, 0x87, 0xb0, 0xeb, 0xc7, 0x8f, 0x8f, 0x40,
    0xb4, 0xb3, 0xc0, 0x78, 0x25, 0x1c, 0x9, 0x14,
    0x1a, 0xc8, 0x13, 0x1c, 0x17, 0x5, 0x2b, 0xa,
    0xc1, 0xa2, 0x7, 0x2, 0x38, 0x6d, 0xff, 0x3a,
    0x1d, 0xff, 0xe4, 0x2f, 0xff, 0xe1, 0x3, 0xeb,
    0xd3, 0xfe, 0xd, 0xe0, 0xf5, 0x3, 0x3d, 0x1,
    0x85, 0x78, 0x2e, 0x4f, 0x38, 0x4c, 0x80,

    /* U+79D2 "秒" */
    0xc, 0xc8, 0x58, 0x7a, 0xf5, 0xa1, 0xfe, 0xb9,
    0x40, 0x42, 0x50, 0x7f, 0xa0, 0x98, 0x2f, 0x4f,
    0x94, 0x19, 0x40, 0xf0, 0x3f, 0x6, 0xe0, 0xf2,
    0x28, 0x32, 0x82, 0x86, 0x10, 0xf4, 0x13, 0x15,
    0x7, 0x61, 0x50, 0xc, 0x1d, 0x21, 0x28, 0x3e,
    0xe6, 0xb, 0xf, 0xd1, 0x87, 0xf9, 0xbd, 0x7,
    0xfa, 0xf9, 0xe,

    /* U+79F0 "称" */
    0xf, 0xfe, 0x3b, 0x60, 0x60, 0xfa, 0xe3, 0x5,
    0x87, 0xd6, 0xe1, 0xaf, 0xe4, 0x3e, 0x9f, 0x1e,
    0x13, 0xcd, 0xcc, 0x19, 0x81, 0xe1, 0xf2, 0x1e,
    0x42, 0x44, 0x6d, 0xa, 0xd, 0xab, 0x9, 0x9,
    0x40, 0x41, 0xc2, 0x83, 0x70, 0x28, 0x4, 0xa0,
    0x64, 0x28, 0x32, 0x83, 0xe4, 0x43, 0x30, 0x7b,
    0x43, 0xfc, 0x87, 0xff, 0xb, 0xa0, 0x60,

    /* U+79FB "移" */
    0xf, 0xf2, 0x1f, 0x37, 0x5, 0x61, 0xeb, 0x68,
    0x9, 0x5f, 0x5, 0x45, 0x3, 0x3e, 0x50, 0x7e,
    0x6e, 0x26, 0xb, 0xcf, 0x96, 0x37, 0xd, 0xe2,
    0xc6, 0x64, 0x3c, 0x91, 0x4f, 0x90, 0xf4, 0x34,
    0xd9, 0x3e, 0x2, 0xd8, 0x53, 0xf4, 0x82, 0x83,
    0x3e, 0x82, 0xa0, 0xa0, 0xce, 0x9d, 0xe0, 0x30,
    0x7c, 0xb6, 0x1f, 0xe6, 0xf8, 0x3f, 0xdf, 0x90,
    0xfd, 0x3, 0x90, 0xf8,

    /* U+7A0D "稍" */
    0x9, 0xa0, 0x82, 0x40, 0x82, 0xee, 0x24, 0x33,
    0x2, 0xc4, 0x1c, 0x1a, 0x81, 0xfd, 0x6, 0x90,
    0x78, 0xf1, 0xdb, 0x76, 0xf, 0x16, 0xf, 0xf0,
    0x68, 0x83, 0xff, 0x82, 0x8c, 0xf, 0xf0, 0x4a,
    0x20, 0xbf, 0xc1, 0x50, 0x10, 0x7f, 0xc8, 0x7b,
    0xfc, 0x14, 0x1e, 0xff, 0x7, 0xff, 0x45, 0xf4,
    0x0,

    /* U+7A2E "種" */
    0xe, 0x83, 0x95, 0x40, 0x5f, 0x9f, 0x5e, 0x38,
    0x1e, 0x96, 0xf4, 0x6a, 0x9, 0xd, 0x7c, 0x5f,
    0x7, 0xd7, 0xc7, 0xe0, 0x7a, 0x7a, 0x78, 0xfa,
    0x7, 0x87, 0x9f, 0x17, 0x90, 0xe4, 0x2a, 0x1d,
    0x3, 0x49, 0x82, 0x87, 0x40, 0xce, 0xd0, 0x3f,
    0xd4, 0x3, 0x3e, 0x2f, 0x22, 0xc1, 0xaf, 0x1f,
    0x43, 0x87, 0x7c, 0x7e, 0xf, 0xdf, 0x1f, 0x83,
    0xef, 0xc7, 0xe4,

    /* U+7A31 "稱" */
    0xf, 0xfe, 0x3b, 0xe0, 0x2d, 0x7a, 0x7, 0x56,
    0x5f, 0x5d, 0x83, 0x90, 0x9a, 0x20, 0x83, 0xfb,
    0xc2, 0xb5, 0x3, 0xcd, 0xa6, 0x7, 0x82, 0xf1,
    0x6f, 0xcf, 0xe0, 0x92, 0xb, 0xc7, 0xc1, 0xb0,
    0x41, 0xff, 0xc0, 0x54, 0x17, 0x1d, 0x85, 0x40,
    0x40, 0xe3, 0xb0, 0x94, 0x16, 0x78, 0xf8, 0xcc,
    0x36, 0x7f, 0x8c, 0x3f, 0xfa, 0x1e, 0x43, 0x48,
    0x30, 0xde, 0x80,

    /* U+7A7A "空" */
    0xf, 0xfe, 0x3b, 0x87, 0xff, 0x1, 0x20, 0xf7,
    0xf8, 0x7f, 0xc7, 0xff, 0xd0, 0x76, 0x83, 0x80,
    0x90, 0xf2, 0xf, 0xa3, 0x3e, 0x43, 0x39, 0xaa,
    0x81, 0xfa, 0xd1, 0xad, 0xea, 0xc1, 0xab, 0x1d,
    0x60, 0xff, 0xec, 0xa1, 0xef, 0xf1, 0x7f, 0x80,

    /* U+7ACB "立" */
    0xf, 0xfe, 0x5e, 0x1f, 0xfc, 0x36, 0xf, 0xfe,
    0x17, 0x83, 0xf3, 0xfd, 0x4f, 0xe4, 0xf, 0xff,
    0xf0, 0x10, 0xec, 0x3d, 0x87, 0xf2, 0x19, 0xf,
    0xe7, 0xd, 0xa1, 0xfb, 0x43, 0x38, 0x7e, 0x43,
    0xc8, 0x7f, 0x90, 0x48, 0x7f, 0x90, 0x9c, 0x3c,
    0xbb, 0x14, 0x5, 0xc0, 0xaf, 0xc5, 0x70,

    /* U+7AEF "端" */
    0x3, 0x1, 0x81, 0x85, 0x84, 0xa0, 0xff, 0xe0,
    0xd1, 0xa0, 0x7f, 0xdf, 0xc3, 0xe3, 0xe0, 0xca,
    0x3, 0xff, 0x82, 0x42, 0xff, 0xe4, 0x19, 0x9f,
    0x8f, 0xc8, 0x84, 0x86, 0x43, 0xe4, 0x47, 0xe7,
    0xf0, 0x7e, 0x73, 0x7c, 0x1a, 0x4b, 0xf, 0xf7,
    0x47, 0xf, 0xfa, 0xf4, 0xe1, 0xfe, 0x43, 0xe4,
    0x2c, 0x3f, 0x31, 0x11, 0xe0,

    /* U+7B26 "符" */
    0x9, 0xe, 0x43, 0xf3, 0x86, 0x60, 0xfd, 0x3f,
    0x59, 0xfc, 0x9, 0xcf, 0x9e, 0x3e, 0x3, 0x14,
    0x2c, 0x58, 0x36, 0xe, 0x30, 0xac, 0x3d, 0x7,
    0xe4, 0x39, 0x54, 0xff, 0x1e, 0xa, 0x5, 0xfd,
    0x1e, 0x7, 0x4, 0xc1, 0x21, 0xd2, 0x12, 0xc1,
    0xf9, 0xe, 0xa0, 0x7f, 0xf0, 0x98, 0x3f, 0xf8,
    0x68, 0x10, 0xff, 0xe0, 0xfa, 0x81, 0xec, 0x3b,
    0xe4, 0x20,

    /* U+7B2C "第" */
    0x9, 0xe, 0x43, 0xfa, 0xe, 0x83, 0xf4, 0x7d,
    0x27, 0xf0, 0x15, 0xcf, 0x4f, 0x2b, 0xc0, 0xb1,
    0x3, 0x2, 0xe, 0xfc, 0xf4, 0xf9, 0xc3, 0x7f,
    0x1f, 0xc1, 0xff, 0x21, 0x21, 0xcf, 0xe2, 0xfa,
    0x43, 0x77, 0xc7, 0xf4, 0x19, 0xbe, 0x3f, 0xc8,
    0x5f, 0x40, 0xfe, 0x10, 0xe6, 0xc3, 0xff, 0x81,
    0x78, 0x3c, 0x86, 0x6a, 0xe, 0xbd, 0x4, 0xc1,
    0xb0, 0x5c, 0x80,

    /* U+7B49 "等" */
    0x9, 0xe, 0x43, 0xf3, 0x7, 0x41, 0xfa, 0x3f,
    0x47, 0xf0, 0x27, 0x3d, 0x3e, 0x3e, 0xa, 0x24,
    0xd0, 0x48, 0x69, 0xe9, 0xab, 0xd4, 0xc3, 0x3f,
    0xa7, 0xf8, 0x3f, 0xf8, 0xff, 0xe9, 0xff, 0x27,
    0xff, 0x8f, 0x92, 0xff, 0xe3, 0xe0, 0x5e, 0x7f,
    0xc7, 0xc1, 0xde, 0x43, 0xff, 0x82, 0xf0, 0x7f,
    0xf0, 0xf2, 0xf2, 0x18,

    /* U+7B80 "简" */
    0x9, 0xf, 0xfe, 0x14, 0x1d, 0xa1, 0xe8, 0xfc,
    0x97, 0xd0, 0xae, 0x3d, 0x4d, 0xb8, 0xf0, 0xa0,
    0x49, 0x61, 0x46, 0xfd, 0x7c, 0xe1, 0x34, 0x7f,
    0xe0, 0xd3, 0x87, 0xff, 0xf, 0xfc, 0x1f, 0xef,
    0xc1, 0xff, 0x7e, 0xf, 0xfb, 0xf0, 0x7f, 0xdf,
    0x83, 0xfd, 0xfe, 0xf, 0xfe, 0x1f, 0x80,

    /* U+7BA1 "管" */
    0xf, 0xfe, 0x33, 0x7, 0x50, 0x3e, 0x9f, 0xc2,
    0xbf, 0x2, 0x79, 0xf5, 0x39, 0xf0, 0x50, 0xe2,
    0x23, 0x86, 0xbe, 0xb9, 0xfa, 0xf0, 0x6f, 0xff,
    0x83, 0x2b, 0xff, 0x84, 0x28, 0x7f, 0xe0, 0x41,
    0xcf, 0xfc, 0x1f, 0x9f, 0xfc, 0x1f, 0x3f, 0xfa,
    0xf, 0x3f, 0xf4, 0x1f, 0xfc, 0xb7, 0xfe, 0x82,

    /* U+7C21 "簡" */
    0xf, 0xfe, 0x33, 0x87, 0x61, 0xfa, 0x3f, 0x47,
    0xf2, 0x4e, 0x79, 0x3c, 0xde, 0x4f, 0x2e, 0xe5,
    0x79, 0x40, 0x63, 0x20, 0x40, 0xc8, 0x37, 0xc1,
    0xbf, 0x7, 0x54, 0x85, 0x58, 0x3a, 0xa1, 0x1a,
    0xc1, 0xd4, 0x5, 0x1, 0x50, 0x7c, 0xd6, 0x10,
    0xff, 0x56, 0x43, 0xfe, 0xac, 0x87, 0xfd, 0x59,
    0xf, 0xf5, 0x76, 0x79, 0x0,

    /* U+7C64 "籤" */
    0xf, 0xfe, 0x3e, 0x1d, 0xa1, 0xf4, 0x7d, 0x25,
    0xf8, 0x11, 0xab, 0xa7, 0x95, 0xe0, 0xae, 0x85,
    0x94, 0xc3, 0x50, 0x85, 0x42, 0x38, 0x49, 0x8f,
    0x84, 0x28, 0x29, 0xd9, 0xd8, 0xf5, 0x83, 0xd3,
    0xb7, 0x9b, 0xb0, 0x9c, 0x2d, 0x3c, 0x41, 0xb4,
    0x36, 0x2e, 0xd, 0x40, 0xa8, 0x15, 0x2, 0x68,
    0x15, 0x10, 0x21, 0x9a, 0x1, 0xf1, 0xa8, 0x81,
    0xf1, 0x44, 0xba, 0x61, 0x7a, 0xa4, 0x70, 0x3c,
    0x0,

    /* U+7C7B "类" */
    0x9, 0xa, 0x81, 0x41, 0xf6, 0x1e, 0xf0, 0x79,
    0x60, 0xcc, 0x86, 0xf9, 0xb5, 0x74, 0xf8, 0x1f,
    0xc1, 0xaf, 0xc1, 0xcf, 0x2b, 0xe4, 0x39, 0xf9,
    0xa, 0xe8, 0x15, 0xe8, 0x1e, 0xb, 0xd0, 0x28,
    0x1b, 0xe, 0x60, 0x7f, 0x9b, 0xfc, 0xf, 0xe5,
    0xdf, 0xc1, 0xe5, 0x51, 0x83, 0xf3, 0xd8, 0x33,
    0x43, 0x7d, 0x61, 0xaf, 0xc0, 0xf4, 0x87, 0xd7,
    0x80,

    /* U+7CFB "系" */
    0xf, 0xfe, 0x3a, 0xd4, 0xf9, 0xb, 0xf5, 0x3f,
    0x90, 0xbf, 0x1a, 0x84, 0x3e, 0x7c, 0x7, 0xc1,
    0xee, 0x2f, 0x54, 0x1e, 0xa8, 0xe, 0xc1, 0xe5,
    0x4f, 0x3, 0xc1, 0xd6, 0x57, 0x8c, 0x2d, 0x41,
    0x3d, 0xe6, 0x7, 0xad, 0x84, 0x4a, 0x6, 0xc3,
    0xdc, 0x19, 0xe4, 0x3a, 0x30, 0xa8, 0x87, 0xd3,
    0x83, 0x47, 0xc8, 0x6b, 0x0,

    /* U+7D22 "索" */
    0xf, 0x68, 0x7a, 0xfe, 0x2f, 0xea, 0x7f, 0x17,
    0xf4, 0x1f, 0xfc, 0x2e, 0xb6, 0x75, 0xd9, 0x56,
    0x55, 0xd4, 0x20, 0xbc, 0xaf, 0x4, 0xc6, 0x9f,
    0xa4, 0x10, 0x38, 0x78, 0x1c, 0x15, 0xc3, 0xf9,
    0x20, 0x75, 0x6a, 0xfa, 0xd1, 0x20, 0xe7, 0x58,
    0xf8, 0x39, 0xf8, 0x68, 0x5b, 0x85, 0x44,

    /* U+7D71 "統" */
    0xf, 0xfe, 0x3c, 0x86, 0x60, 0xfc, 0xa0, 0xca,
    0xf, 0xa8, 0x2b, 0xe3, 0xf0, 0x16, 0xb7, 0xc5,
    0xde, 0x4, 0xcc, 0x9, 0x46, 0x84, 0xec, 0x5,
    0x6a, 0x20, 0xad, 0x22, 0x3c, 0x76, 0x5, 0x42,
    0x75, 0xa, 0xc1, 0x16, 0x26, 0x9a, 0x1b, 0xd5,
    0x21, 0xfe, 0x8c, 0xc0, 0xa0, 0xf9, 0x9, 0x10,
    0xf4, 0x19, 0x22, 0x81, 0xf2, 0x8c, 0x75, 0x3,
    0xb4, 0x61, 0x7, 0x4, 0xfc, 0x0,

    /* U+7D9A "続" */
    0xb, 0xf, 0x48, 0x79, 0x40, 0x7e, 0x6f, 0x82,
    0xe5, 0xbe, 0x6f, 0x80, 0xe4, 0x95, 0x35, 0x20,
    0xa6, 0x82, 0xaf, 0x51, 0x3, 0x10, 0x7f, 0xf0,
    0x2e, 0x5b, 0xaf, 0x60, 0x41, 0xe1, 0xba, 0xc1,
    0x4f, 0x93, 0x71, 0x84, 0x1e, 0x99, 0x41, 0xe8,
    0x13, 0x98, 0x3c, 0x1f, 0x2c, 0x20, 0x50, 0x64,
    0x3d, 0x1a, 0x1d, 0xa4, 0x43, 0xb0, 0x15, 0xa8,
    0x43, 0x70, 0x6f, 0x80,

    /* U+7DE8 "編" */
    0x9, 0xf, 0x41, 0xf4, 0x1f, 0x21, 0xca, 0xb,
    0xe6, 0xf2, 0xa, 0x30, 0xff, 0x40, 0xa1, 0x61,
    0xfe, 0x6d, 0x43, 0xfd, 0x2, 0x86, 0x7, 0xfc,
    0x8f, 0x68, 0x87, 0xe4, 0x79, 0x3b, 0xbb, 0x27,
    0xc1, 0x51, 0x98, 0x1f, 0xa0, 0xff, 0x4c, 0xd,
    0xb7, 0x70, 0x2e, 0xd2, 0xdd, 0xc3, 0xd9, 0x87,
    0xcc, 0x63, 0x7, 0xa1, 0x41, 0x96, 0x22, 0x98,

    /* U+7E2B "縫" */
    0xf, 0xfe, 0x3e, 0x4, 0x26, 0xf, 0x28, 0x10,
    0x53, 0xe4, 0x2a, 0x24, 0x99, 0xc2, 0x5, 0x10,
    0xe7, 0x56, 0x14, 0x48, 0x20, 0x90, 0xe7, 0x61,
    0x6f, 0xae, 0x5, 0xd0, 0xe6, 0xa3, 0xc0, 0x44,
    0xa0, 0x39, 0xe0, 0xa6, 0x10, 0xbc, 0x9a, 0xf,
    0x53, 0x9, 0xf, 0xa2, 0x50, 0x56, 0x9a, 0x4,
    0x56, 0x15, 0x1e, 0x40, 0x85, 0xe7, 0x4d, 0x9,
    0xc8, 0xe9, 0xf5, 0xf0, 0xa1, 0x24, 0x17, 0xf0,

    /* U+7E2E "縮" */
    0xf, 0xf2, 0x1f, 0xb0, 0xf4, 0x1f, 0x28, 0x1f,
    0x8f, 0xc1, 0x51, 0x47, 0xfc, 0x14, 0x92, 0x88,
    0x3a, 0x2, 0x71, 0x27, 0xf4, 0xb, 0xd, 0xf9,
    0xbc, 0x7, 0xc2, 0x2d, 0x35, 0x2, 0x2f, 0x40,
    0xfe, 0x43, 0x76, 0x1f, 0x21, 0x50, 0x28, 0x2a,
    0xb0, 0xb2, 0x30, 0xd5, 0x83, 0xe4, 0x3e, 0x42,
    0x44, 0x43, 0xe4, 0xe, 0x64, 0x1a, 0xac, 0x0,

    /* U+7E3D "總" */
    0xf, 0xf2, 0x1f, 0xb0, 0xf4, 0x1f, 0x28, 0x2f,
    0x8f, 0xa0, 0xa8, 0xc0, 0xf3, 0xe8, 0x25, 0x16,
    0x14, 0x58, 0x68, 0x94, 0xb, 0xe8, 0x33, 0xb0,
    0x53, 0xc8, 0x6b, 0x94, 0x14, 0x50, 0x32, 0x24,
    0x7, 0x9f, 0x5, 0x36, 0x7, 0xd4, 0xcc, 0x1e,
    0xa6, 0x54, 0x76, 0x82, 0x76, 0x36, 0xa3, 0x42,
    0x5f, 0x5, 0x9c, 0x4, 0x2b, 0xc1, 0x9d, 0x2,
    0x63, 0x2d, 0xeb, 0x80,

    /* U+7E41 "繁" */
    0x2, 0x83, 0xd0, 0x7d, 0x5e, 0x45, 0xe0, 0x2b,
    0xac, 0xc5, 0x64, 0xcb, 0xa6, 0xb7, 0x8d, 0x22,
    0x9c, 0x92, 0xa8, 0x14, 0xd3, 0x9d, 0xe5, 0x5,
    0x14, 0xf5, 0x9, 0x10, 0xcd, 0xeb, 0xba, 0x7c,
    0x15, 0x43, 0x58, 0x16, 0x1a, 0xd5, 0xf4, 0x87,
    0xd4, 0x4b, 0x8f, 0x7, 0x5c, 0x97, 0xa1, 0xd0,
    0xbd, 0x4f, 0x1d, 0xda, 0x1b, 0xc8, 0x7b, 0x82,
    0x7d, 0x1e, 0x40, 0xf9, 0x0,

    /* U+7EDF "统" */
    0xf, 0xfe, 0x3d, 0x3, 0xb0, 0xfc, 0xc1, 0xca,
    0xf, 0x48, 0x1f, 0x9b, 0xe0, 0x98, 0xdf, 0x17,
    0xe0, 0x71, 0x20, 0x94, 0x61, 0x25, 0xb0, 0xa8,
    0x16, 0x7, 0xc4, 0x50, 0xfa, 0x20, 0xa8, 0x94,
    0x7d, 0x78, 0x29, 0xf8, 0x50, 0x20, 0x40, 0x57,
    0xc1, 0xff, 0x72, 0x12, 0x1f, 0xf5, 0xe3, 0x43,
    0xa0, 0x78, 0xf2, 0xa0, 0xe4, 0x1e, 0x8a, 0x61,
    0x3e, 0xf, 0xac, 0x35, 0xf0,

    /* U+7F13 "缓" */
    0x9, 0x41, 0xca, 0xa0, 0x74, 0x9e, 0xa7, 0xe0,
    0xc8, 0x5d, 0x3d, 0x30, 0x6a, 0x5, 0x3, 0x14,
    0x12, 0x24, 0x23, 0x94, 0xa, 0xcb, 0xcf, 0xac,
    0xf0, 0x9e, 0x57, 0x8f, 0xf0, 0xf8, 0xef, 0x1f,
    0xe0, 0xbc, 0x5c, 0xff, 0x81, 0x97, 0x1b, 0xfa,
    0x2, 0xaf, 0x42, 0x7c, 0xe0, 0x65, 0x1, 0x2c,
    0xa, 0xc, 0xf9, 0xa3, 0x7c, 0x13, 0xfc, 0xa3,
    0x4, 0x13, 0xc2, 0x5f, 0xf8, 0x39, 0x8f, 0x20,
    0x7c, 0x0,

    /* U+7F16 "编" */
    0xc, 0x87, 0x41, 0xf4, 0x1f, 0x41, 0xe5, 0x3,
    0xe5, 0x7c, 0x5, 0x6, 0xff, 0x5, 0x43, 0xf,
    0xf4, 0x94, 0x7, 0xf8, 0xa, 0xd4, 0xf, 0xf8,
    0xf1, 0x85, 0xff, 0x2, 0x40, 0x83, 0x33, 0x2,
    0x8e, 0x10, 0x22, 0x14, 0x7a, 0xc3, 0xfb, 0xc8,
    0x59, 0xbb, 0x84, 0xda, 0xc6, 0xee, 0xf, 0x58,
    0x87, 0xf7, 0x5, 0x5, 0x9c, 0x87, 0x20, 0xc4,
    0x68,

    /* U+7F1D "缝" */
    0xf, 0xfe, 0x3c, 0x88, 0x52, 0x1f, 0x28, 0x80,
    0xab, 0xc8, 0x4a, 0x2, 0xd3, 0xe1, 0xa, 0x83,
    0xe3, 0xd7, 0x4, 0xa2, 0x19, 0x2, 0x1d, 0x3a,
    0x2d, 0x9d, 0xe0, 0x59, 0x9c, 0x46, 0x70, 0x16,
    0x18, 0x7c, 0x78, 0x35, 0xa8, 0x2f, 0x3, 0x41,
    0x98, 0x87, 0xb0, 0xde, 0x90, 0x9f, 0x17, 0x6,
    0x68, 0x6, 0x8d, 0x40, 0xff, 0x30, 0x34, 0x37,
    0xa6, 0xea, 0xef, 0x90, 0xec, 0x2b, 0xf9,

    /* U+7F6E "置" */
    0x7, 0xff, 0xf0, 0x10, 0xde, 0x9f, 0x37, 0x83,
    0xd5, 0x34, 0x6a, 0xe, 0xe9, 0xe7, 0xea, 0x68,
    0x3f, 0xc5, 0xfd, 0x3, 0xfc, 0x7f, 0xa0, 0xde,
    0xb2, 0xae, 0xf, 0xa9, 0xea, 0xc8, 0x7e, 0x5f,
    0x61, 0xfb, 0xfe, 0xf, 0xea, 0xfc, 0x1f, 0xab,
    0xf0, 0x7e, 0xaf, 0xc1, 0xde, 0x3f, 0xf1, 0xe0,

    /* U+7FA9 "義" */
    0xc, 0x87, 0x90, 0xfe, 0xc3, 0x41, 0xe7, 0xd1,
    0xf9, 0xbc, 0x81, 0xfe, 0x57, 0xf2, 0x13, 0xf9,
    0x5f, 0x90, 0xcf, 0xe5, 0x7e, 0x42, 0xff, 0x2b,
    0xfc, 0xe, 0xa5, 0xa7, 0xa7, 0x81, 0x7a, 0x28,
    0xa0, 0x50, 0x2a, 0x9c, 0x39, 0xf0, 0x5f, 0x37,
    0xc7, 0xd6, 0xf, 0x95, 0x4e, 0x76, 0xc1, 0xd1,
    0xc, 0xaf, 0x21, 0x74, 0x75, 0x5a, 0x14, 0x82,
    0xd4, 0x7d, 0x7c, 0x20,

    /* U+8005 "者" */
    0xf, 0x50, 0x39, 0xf, 0xfe, 0x13, 0x6, 0xbe,
    0x57, 0xeb, 0xd, 0x7c, 0xaf, 0x26, 0x1f, 0xfc,
    0x9, 0xc3, 0xbf, 0x95, 0xa7, 0xe0, 0x7f, 0x2b,
    0xfe, 0xe, 0xb4, 0xae, 0xc, 0xf9, 0xba, 0xe4,
    0x37, 0x68, 0x7f, 0xf0, 0x24, 0x17, 0xf8, 0x3f,
    0xaf, 0xf0, 0x7f, 0xf3, 0x6f, 0xf0, 0x60,

    /* U+8072 "聲" */
    0x2a, 0xea, 0x3f, 0x21, 0x5e, 0x3d, 0x3, 0xd6,
    0x1e, 0x82, 0xe0, 0x24, 0x6, 0xee, 0x6b, 0x98,
    0x26, 0x28, 0x3b, 0xb0, 0x5b, 0x36, 0x5, 0x41,
    0xcf, 0x59, 0x8b, 0xc4, 0x17, 0xf9, 0xbe, 0x90,
    0x79, 0x55, 0xf1, 0xe0, 0xff, 0xe0, 0x61, 0xf9,
    0xff, 0x21, 0xfa, 0xbe, 0xc3, 0xbc, 0xdf, 0xf1,
    0xc0, 0xff, 0xf8, 0xe0,

    /* U+80FD "能" */
    0xf, 0xfe, 0x2c, 0x86, 0xc3, 0xe5, 0xa4, 0x39,
    0xc2, 0xb2, 0x81, 0x5e, 0x81, 0x1f, 0x10, 0x3d,
    0x20, 0xbf, 0xc0, 0x42, 0x81, 0x5c, 0x81, 0x9,
    0x3, 0xf2, 0x86, 0xf9, 0x9, 0x60, 0x9f, 0xd0,
    0x55, 0x7, 0xd2, 0x15, 0x41, 0x9b, 0xc8, 0x5f,
    0x7, 0x5a, 0x1b, 0xe0, 0xc8, 0x52, 0x1f, 0xc8,
    0x48, 0x67, 0x12, 0x9f, 0x28,

    /* U+81EA "自" */
    0xf, 0xfe, 0x2d, 0x3, 0xfc, 0xe1, 0xef, 0xc5,
    0xfc, 0xf, 0xfe, 0xf, 0xfe, 0x1f, 0xff, 0x5,
    0xff, 0xa0, 0xff, 0x90, 0xff, 0xe1, 0xff, 0xf0,
    0x5f, 0xfc, 0x1f, 0xfc, 0x3f, 0xfe, 0xb, 0xff,
    0x40,

    /* U+81F3 "至" */
    0x3f, 0xff, 0x83, 0x3, 0xf2, 0xbf, 0xe8, 0x39,
    0x50, 0x58, 0x7f, 0x50, 0x33, 0x87, 0xdc, 0x86,
    0x8c, 0x3b, 0x2f, 0xf0, 0x30, 0xdf, 0xd4, 0xfc,
    0x87, 0xf7, 0x83, 0x41, 0xab, 0x95, 0x5c, 0x1a,
    0xfc, 0xaf, 0xd0, 0x72, 0xe0, 0x2e, 0xf, 0xfe,
    0xc7, 0xf9, 0x5f, 0xe0,

    /* U+81F4 "致" */
    0xf, 0xfe, 0x6b, 0x7, 0xbf, 0xe3, 0xf, 0xbc,
    0x7e, 0x1c, 0x3e, 0x90, 0xff, 0xe1, 0x31, 0x22,
    0x5f, 0x81, 0x23, 0xc6, 0x7c, 0x60, 0x55, 0x8c,
    0x84, 0xa0, 0xbd, 0xc, 0x2c, 0x61, 0xf2, 0xa,
    0x70, 0xc1, 0x7c, 0x7c, 0x24, 0x1d, 0xf1, 0xf0,
    0x26, 0xf, 0xfe, 0x65, 0x31, 0xa8, 0x37, 0xc9,
    0xea, 0x6d, 0xa0, 0xbd, 0x46, 0x70, 0x34, 0x2,
    0x1d, 0x61, 0x9c,

    /* U+8207 "與" */
    0xf, 0xfe, 0x33, 0x24, 0x13, 0xf0, 0x6a, 0x20,
    0xf9, 0xf0, 0x7f, 0xaf, 0x7, 0xf5, 0x11, 0xa,
    0x81, 0xf6, 0x9e, 0x8f, 0x7, 0x3a, 0x7c, 0x8a,
    0xf, 0x5b, 0x84, 0xd8, 0x7a, 0xd0, 0xcd, 0x3,
    0xff, 0x88, 0x85, 0x35, 0x3e, 0x2a, 0x60, 0x5f,
    0xaf, 0x47, 0xd0, 0x77, 0x20, 0x54, 0x87, 0x5f,
    0x6, 0xea, 0xa, 0x34, 0x3c, 0xe4, 0x0,

    /* U+822A "航" */
    0xd, 0x6, 0x50, 0x7e, 0x83, 0x98, 0x3e, 0x95,
    0x40, 0x94, 0x1e, 0x7e, 0x7e, 0x6f, 0x90, 0x91,
    0x3f, 0xf2, 0x13, 0x7, 0xff, 0x1e, 0xfc, 0x19,
    0x4, 0x85, 0xf0, 0x74, 0x54, 0x1f, 0xf6, 0xf6,
    0x4, 0x3f, 0x20, 0x83, 0xff, 0x84, 0x88, 0x7f,
    0xf0, 0x32, 0x43, 0xfa, 0x34, 0x32, 0x83, 0xf2,
    0xf, 0x34, 0x9, 0xf8, 0xc1, 0xeb, 0xd, 0x79,

    /* U+8272 "色" */
    0xf, 0xfe, 0x4d, 0x3, 0xff, 0x82, 0xb7, 0xe0,
    0xfc, 0xdf, 0x94, 0x1f, 0x36, 0x12, 0xa0, 0xf5,
    0xf, 0xd1, 0xf8, 0x34, 0x7e, 0x3f, 0x6, 0x90,
    0xff, 0xea, 0xfe, 0x3f, 0x7, 0xdf, 0xfc, 0x87,
    0xff, 0xe, 0x43, 0xff, 0x87, 0xa1, 0xff, 0xc2,
    0x50, 0x57, 0xff, 0xa0,

    /* U+827A "艺" */
    0xc, 0xc1, 0xb4, 0x37, 0xd3, 0xf8, 0xbe, 0x3e,
    0x8f, 0xc5, 0xf0, 0x72, 0x1f, 0xfc, 0x16, 0xd,
    0xa1, 0xd7, 0xff, 0x21, 0xaf, 0xf0, 0x24, 0x3f,
    0x9d, 0xd0, 0xfe, 0xa7, 0x7, 0xf3, 0x98, 0x7f,
    0x9a, 0x83, 0xfe, 0xb4, 0x3e, 0x60, 0xff, 0xe0,
    0xe1, 0x9f, 0xfe, 0x60,

    /* U+82AF "芯" */
    0xc, 0xc1, 0xb4, 0x3f, 0x90, 0xff, 0xbe, 0x8f,
    0xc5, 0xf0, 0x3e, 0x9f, 0xc5, 0xf0, 0x7e, 0x40,
    0x87, 0xf3, 0x1a, 0x48, 0x7f, 0xd4, 0xf, 0xe4,
    0x70, 0x30, 0x14, 0x1a, 0x43, 0x48, 0x50, 0x72,
    0x1d, 0x81, 0x10, 0x28, 0x3f, 0x25, 0x82, 0x81,
    0xfa, 0x58, 0x8, 0x7f, 0x91, 0x4, 0x4, 0xfe,
    0x41, 0x0,

    /* U+83B7 "获" */
    0xe, 0xc3, 0x68, 0x77, 0xe3, 0xf1, 0x7c, 0xf,
    0xc7, 0xe3, 0xf0, 0x48, 0x20, 0xc8, 0x7d, 0xd3,
    0xc, 0x9a, 0x1b, 0x48, 0x3d, 0xe0, 0xbe, 0x4a,
    0xb2, 0x84, 0xe, 0x3, 0x52, 0x75, 0x6, 0x83,
    0xff, 0x85, 0x8, 0x66, 0xc3, 0xbd, 0x6, 0x58,
    0x43, 0x68, 0x66, 0x85, 0x3, 0xe5, 0xa8, 0x15,
    0xa1, 0x7a, 0x2d, 0x9, 0xa0, 0x5e, 0x4c, 0x3c,
    0xe0,

    /* U+83DC "菜" */
    0xc, 0xe1, 0xb4, 0x3b, 0xe8, 0xfc, 0x5f, 0x3,
    0xf1, 0xf8, 0xfc, 0x1e, 0x96, 0x9f, 0x21, 0x3f,
    0xff, 0x21, 0x34, 0xe8, 0xca, 0x1c, 0x33, 0x4,
    0xa0, 0xac, 0x3a, 0x41, 0x85, 0x40, 0xf2, 0x81,
    0xe0, 0x48, 0x6f, 0xf2, 0xbf, 0xc0, 0xfd, 0x1,
    0x2f, 0xc1, 0x9f, 0x93, 0xd0, 0x73, 0xd4, 0x1a,
    0xee, 0x7, 0xc8, 0x79, 0xbc, 0x0,

    /* U+8535 "蔵" */
    0x3f, 0xff, 0x84, 0xf, 0xc7, 0xe7, 0x7c, 0x1e,
    0xc3, 0x47, 0x83, 0xff, 0x81, 0x8c, 0x1b, 0xff,
    0x1e, 0xa0, 0x6f, 0xf9, 0xbd, 0x6, 0x67, 0x50,
    0x6c, 0x3c, 0xe7, 0x82, 0x90, 0x94, 0x37, 0x3,
    0xcc, 0x1f, 0xfc, 0x5, 0x83, 0xe6, 0xf0, 0x6c,
    0x37, 0x86, 0x78, 0x83, 0xca, 0x1d, 0xfe, 0x89,
    0x21, 0xfc, 0xe9, 0x6a,

    /* U+85CF "藏" */
    0xe, 0xc3, 0x61, 0xef, 0xc7, 0xe3, 0xf0, 0x3f,
    0x1f, 0x8a, 0x38, 0x73, 0x2f, 0x43, 0x2, 0x56,
    0x1f, 0xac, 0x3e, 0xfe, 0x56, 0x85, 0x43, 0xe2,
    0x50, 0x85, 0xe8, 0x14, 0x64, 0x43, 0x9c, 0x17,
    0x82, 0xe0, 0xa8, 0xe1, 0xc8, 0xa0, 0xaa, 0x7,
    0x60, 0x50, 0x6c, 0xc3, 0xd2, 0x4, 0xb, 0x8e,
    0xf3, 0xab, 0x44, 0x49, 0x5, 0x9c, 0xa0,

    /* U+85DD "藝" */
    0x3f, 0xff, 0x84, 0xf, 0xcf, 0xe7, 0xf0, 0x75,
    0x3, 0x61, 0xf5, 0x1a, 0xa, 0xa2, 0x1a, 0xe,
    0x90, 0x79, 0xa, 0x7, 0x1b, 0x8e, 0x1a, 0x3c,
    0xf9, 0x2, 0x61, 0x58, 0x68, 0x71, 0x60, 0x5e,
    0x3d, 0x78, 0x46, 0x5, 0x4, 0x26, 0xbb, 0xd,
    0x5f, 0xe0, 0xd5, 0xbd, 0x57, 0x58, 0x15, 0xf,
    0x59, 0xe8, 0x15, 0xa5, 0x3b, 0x28, 0x1b, 0xba,
    0xba, 0x7c, 0x0,

    /* U+865A "虚" */
    0xf, 0x98, 0x3f, 0xf8, 0x4f, 0xf0, 0x7f, 0x3f,
    0xc1, 0x7f, 0x4f, 0xf8, 0x2f, 0xd3, 0xf9, 0x83,
    0x56, 0x7a, 0x1a, 0x1a, 0xb3, 0xd0, 0x70, 0xf9,
    0x3f, 0xa0, 0xfa, 0x9b, 0xf2, 0x1a, 0x2, 0x4,
    0x60, 0xf4, 0x1e, 0xa0, 0x14, 0x48, 0x72, 0x82,
    0xf0, 0x30, 0xe6, 0x9, 0x5f, 0x8f, 0x1f, 0x8c,
    0xff, 0xfe, 0x0,

    /* U+865B "虛" */
    0xf, 0xa4, 0x3f, 0xf8, 0x57, 0xf0, 0x7f, 0x5f,
    0xc1, 0x7f, 0x37, 0xf8, 0x2f, 0xcd, 0xfa, 0x81,
    0xaa, 0x6e, 0x88, 0x86, 0xa9, 0xba, 0x2a, 0xf,
    0xbb, 0xfc, 0x1f, 0x7d, 0x7c, 0x86, 0xc0, 0x82,
    0x6, 0x1f, 0xfc, 0x55, 0xd, 0x3, 0x51, 0x7,
    0x8a, 0x83, 0x54, 0x5, 0x7e, 0x3c, 0x7e, 0x33,
    0xff, 0xf8, 0x0,

    /* U+865F "號" */
    0x1f, 0xc1, 0xd8, 0x79, 0xf2, 0x1e, 0xf4, 0x1f,
    0xfc, 0x1f, 0x41, 0xfa, 0xf8, 0xfa, 0x12, 0x81,
    0x7a, 0x7c, 0xe0, 0xac, 0x6, 0x8c, 0x89, 0xfc,
    0x82, 0x8c, 0x85, 0x9f, 0x22, 0x2b, 0xc1, 0xcb,
    0x8, 0x5f, 0x41, 0x47, 0x5, 0x7c, 0x1c, 0xa8,
    0x32, 0xb4, 0x3f, 0x22, 0xc, 0x32, 0x19, 0x2d,
    0x10, 0x9c, 0xf, 0x45, 0x58, 0x5d, 0x81, 0xf1,
    0x98, 0x57, 0x90,

    /* U+87A2 "螢" */
    0xd, 0x87, 0x30, 0x74, 0x26, 0x49, 0x98, 0x2a,
    0x1d, 0x1b, 0x70, 0x50, 0xe5, 0x7a, 0x20, 0xbd,
    0x38, 0xf9, 0xbc, 0x15, 0xf5, 0x1f, 0xc1, 0xbf,
    0x9f, 0xe0, 0x95, 0x59, 0xea, 0x50, 0x25, 0x54,
    0x74, 0xf4, 0x1f, 0xfc, 0x4, 0x3e, 0xf8, 0xfc,
    0x1e, 0xfc, 0x7c, 0xc1, 0xff, 0xc1, 0xf2, 0xb,
    0xf8, 0xfa, 0x20, 0x5f, 0xff, 0x40,

    /* U+884C "行" */
    0xd, 0x87, 0xff, 0xb, 0x81, 0xff, 0x41, 0x6a,
    0x7, 0xfd, 0x3, 0x60, 0xff, 0xe0, 0xd0, 0xa0,
    0x7f, 0xc8, 0xa8, 0x3f, 0xf8, 0x34, 0x3f, 0xf8,
    0xe, 0x27, 0xf4, 0xf8, 0x68, 0x1f, 0xfc, 0x16,
    0x43, 0xff, 0x84, 0x87, 0xff, 0xb7, 0xf, 0xfe,
    0xf, 0x9c, 0x3d, 0x87, 0x7c, 0x84,

    /* U+8861 "衡" */
    0xf, 0xfe, 0x35, 0x1, 0x87, 0xf9, 0x50, 0x9e,
    0x81, 0x50, 0x2c, 0x17, 0x88, 0x15, 0x3, 0x3c,
    0x78, 0xd0, 0xfa, 0x67, 0x7b, 0x5c, 0x13, 0x28,
    0x8, 0x2b, 0x3, 0xd, 0x3e, 0x3c, 0x62, 0x82,
    0x66, 0xc3, 0xcc, 0x13, 0xbd, 0x87, 0xfb, 0xcf,
    0x90, 0xfe, 0xbc, 0xfc, 0x1f, 0xd6, 0x83, 0xc1,
    0xfe, 0x9f, 0x90, 0xfe, 0xbc, 0xd, 0xb4, 0x0,

    /* U+8868 "表" */
    0xf, 0xa8, 0x1f, 0x9f, 0xe5, 0x7f, 0x20, 0x7f,
    0x95, 0xfc, 0x84, 0xfe, 0x57, 0xe8, 0x33, 0xf9,
    0x5f, 0xa0, 0xff, 0xe3, 0xff, 0x95, 0xfe, 0x7,
    0xe8, 0x8b, 0xf8, 0x3a, 0x9b, 0x40, 0x38, 0x6b,
    0x60, 0x25, 0x3c, 0x16, 0x61, 0xda, 0x41, 0xb8,
    0x3e, 0xd8, 0x3f, 0x77, 0x81, 0xba, 0x1e, 0x7e,
    0xb, 0xb0, 0xef, 0x21, 0xe6, 0x0,

    /* U+88AB "被" */
    0x2, 0x83, 0xd8, 0x7c, 0xc1, 0xff, 0xc1, 0xf1,
    0xc7, 0xc7, 0xe0, 0x7c, 0xe0, 0xf1, 0xe9, 0xe,
    0x50, 0x7d, 0xe0, 0xd4, 0xf, 0xd2, 0x12, 0xda,
    0x78, 0xf8, 0x34, 0x79, 0x1f, 0xc1, 0xb8, 0xa2,
    0x70, 0x28, 0x14, 0x88, 0x17, 0xe0, 0x90, 0xaf,
    0x1d, 0x30, 0xfe, 0x50, 0x81, 0xf, 0xd2, 0x53,
    0xa8, 0x3f, 0x50, 0xc7, 0xe0,

    /* U+88C5 "装" */
    0xd, 0x21, 0xb0, 0xf5, 0x3, 0xff, 0x85, 0x68,
    0x3f, 0x1f, 0x82, 0x50, 0x3f, 0x1f, 0x82, 0xb4,
    0x3f, 0xf8, 0x1f, 0x23, 0x51, 0xd1, 0x6, 0x84,
    0xfa, 0xf5, 0x10, 0xed, 0x3c, 0x1f, 0xbe, 0xbc,
    0xaf, 0xf0, 0x3f, 0x44, 0x5f, 0x58, 0x67, 0xe7,
    0x95, 0x86, 0xf0, 0x20, 0xbb, 0xc8, 0x5e, 0x45,
    0x50, 0xdd, 0xe, 0x4b, 0xd0, 0x3b, 0xc1, 0x9f,
    0x48, 0x66, 0xc0,

    /* U+88DD "裝" */
    0x18, 0x18, 0x6c, 0x3f, 0xf9, 0x6f, 0x87, 0xe3,
    0xf0, 0x1f, 0x87, 0xe3, 0xf0, 0x3f, 0x7, 0xff,
    0x3, 0x3c, 0x1e, 0x43, 0xa4, 0x35, 0x4f, 0x44,
    0x28, 0x3b, 0xae, 0x40, 0xfc, 0x6d, 0xfe, 0x7,
    0xe4, 0xdb, 0xeb, 0x9, 0xb3, 0x28, 0xac, 0x37,
    0xa3, 0xb, 0xa6, 0x85, 0xc1, 0x34, 0x37, 0x43,
    0x92, 0xf4, 0xa, 0x78, 0x33, 0xe9, 0xc, 0xd8,

    /* U+88FD "製" */
    0xf, 0xfe, 0x36, 0x50, 0x36, 0xc, 0x24, 0x95,
    0x44, 0x3f, 0x76, 0xaf, 0x7, 0xf6, 0x1f, 0xfc,
    0x37, 0xca, 0xf0, 0x7f, 0x25, 0x6c, 0x18, 0x7f,
    0xcc, 0x12, 0x83, 0x30, 0x4a, 0xc1, 0xc8, 0x5f,
    0x53, 0x57, 0x91, 0xc1, 0xfa, 0x26, 0xf4, 0xe1,
    0x37, 0xcd, 0x1b, 0x82, 0xf8, 0x82, 0xe2, 0xd,
    0xc8, 0xdc, 0x66, 0x87, 0x27, 0xd0, 0x2f, 0x41,
    0x9e, 0x43, 0xd4, 0x0,

    /* U+897F "西" */
    0x3f, 0xff, 0x84, 0x7e, 0x9f, 0x1f, 0xc1, 0xc8,
    0x7f, 0xf3, 0xbf, 0x3e, 0x3f, 0x6, 0xf4, 0xf8,
    0xf8, 0x3e, 0xf0, 0x7f, 0xf0, 0x54, 0x1f, 0xf3,
    0xc1, 0x3f, 0x7, 0xb4, 0x2b, 0xe0, 0xe4, 0x3f,
    0xfa, 0x3f, 0xfe, 0xe, 0xff, 0xf0, 0x0,

    /* U+8981 "要" */
    0x3f, 0xff, 0x84, 0xf, 0xd3, 0xe6, 0xfc, 0x1e,
    0xc3, 0xff, 0x81, 0xf2, 0xbc, 0xdf, 0x7, 0x7a,
    0x7c, 0xde, 0xf, 0xfe, 0x57, 0xa7, 0xcd, 0xe0,
    0xef, 0xc7, 0xfc, 0x17, 0xf1, 0xff, 0x81, 0xf2,
    0xbf, 0x2b, 0xe0, 0xca, 0xc2, 0x54, 0x1f, 0x37,
    0xea, 0x7, 0xff, 0x6, 0x6e, 0xd, 0xeb, 0xf3,
    0x78, 0xd0, 0x7a, 0x88, 0x7a, 0xd0,

    /* U+8986 "覆" */
    0x2f, 0xff, 0xe0, 0x82, 0xfa, 0x7c, 0xdf, 0x82,
    0xea, 0x68, 0xd5, 0x87, 0x79, 0x5e, 0x1f, 0x7,
    0x5f, 0xa2, 0xc1, 0x6, 0x54, 0xe5, 0x7c, 0x7,
    0x96, 0xaf, 0xc0, 0xfd, 0x38, 0x76, 0x15, 0x1b,
    0x1f, 0xe0, 0xd2, 0x81, 0xa1, 0xfd, 0xc1, 0x22,
    0x1b, 0x9, 0x40, 0xa0, 0xd0, 0x50, 0x7d, 0x51,
    0xe7, 0xf, 0xd7, 0x7d, 0x4f, 0x6, 0x8b, 0x90,
    0x37, 0x80,

    /* U+898B "見" */
    0xb, 0xff, 0xc1, 0xf7, 0xfe, 0xf, 0xfe, 0x67,
    0xfe, 0xf, 0xdf, 0xf8, 0x3f, 0xf9, 0x95, 0xf8,
    0x3f, 0x57, 0xe0, 0xfd, 0xff, 0x83, 0xef, 0x17,
    0x8f, 0x83, 0xf9, 0xf, 0xfe, 0xf, 0x7, 0xe8,
    0x27, 0x50, 0x64, 0x24, 0x1e, 0xa0, 0x66, 0xf9,
    0x7, 0x21, 0xd7, 0xe8,

    /* U+8996 "視" */
    0x9, 0xf, 0xfe, 0x1c, 0x17, 0xfc, 0x1d, 0x21,
    0x7f, 0x6, 0xa7, 0xa0, 0xff, 0xbe, 0x10, 0x7f,
    0x6, 0x58, 0x81, 0xfc, 0x1e, 0x44, 0x1f, 0xc1,
    0xcc, 0x1b, 0xf8, 0x33, 0x2, 0xf, 0xf3, 0x64,
    0x83, 0xf8, 0x27, 0xb, 0x39, 0xcf, 0x7, 0xfb,
    0xc1, 0xff, 0xc2, 0x50, 0x68, 0x3f, 0x70, 0x72,
    0x1e, 0x79, 0x3, 0xe4, 0x36, 0x3a, 0x15, 0xe8,

    /* U+89BD "覽" */
    0xf, 0xe4, 0x3e, 0xf5, 0xd1, 0x57, 0xf0, 0x79,
    0x5, 0xc5, 0xe0, 0xa9, 0xe4, 0x86, 0x81, 0xdd,
    0x43, 0x4f, 0x14, 0xa, 0x8d, 0x82, 0x66, 0x9,
    0xa3, 0x53, 0x11, 0x5, 0x40, 0xfe, 0xe8, 0x19,
    0xaf, 0xb8, 0x3e, 0xaf, 0xc1, 0xff, 0xc3, 0x43,
    0xf5, 0x7d, 0x87, 0xcd, 0xeb, 0xd6, 0x87, 0xa0,
    0x74, 0x2a, 0x20, 0x5f, 0x80, 0x9f, 0x90, 0x5e,
    0x43, 0x7f, 0x80,

    /* U+89C8 "览" */
    0xf, 0xfe, 0x1e, 0xc, 0x2c, 0x3f, 0xf8, 0x9,
    0xfc, 0x1f, 0x56, 0xf8, 0x3c, 0xba, 0x42, 0x83,
    0x30, 0x28, 0x12, 0x4, 0x39, 0x83, 0x79, 0xff,
    0x41, 0xdf, 0xf8, 0x3f, 0xa4, 0x3f, 0xf9, 0xcf,
    0x7, 0xd8, 0x34, 0x36, 0x20, 0x6e, 0x81, 0xea,
    0x77, 0x93, 0x7f, 0x53, 0xc8, 0x4f, 0xf2,

    /* U+89E3 "解" */
    0xa, 0xf, 0xfe, 0x12, 0x83, 0x3f, 0xe4, 0x19,
    0xf0, 0xf3, 0xe5, 0x1, 0xf3, 0x5, 0xe0, 0x20,
    0x86, 0x74, 0xa, 0xe, 0x40, 0xdc, 0xf8, 0xb4,
    0x18, 0x8a, 0x19, 0x7, 0x6, 0x8a, 0x5, 0x88,
    0x7a, 0x38, 0x13, 0x9e, 0x43, 0x90, 0x27, 0x8f,
    0x21, 0x45, 0x7, 0xf, 0xec, 0xf0, 0xfc, 0x7a,
    0x16, 0x14, 0x3f, 0x1e, 0x8f, 0x7, 0xff, 0x9,
    0x45, 0x34, 0x3f, 0xb0, 0x37, 0x6, 0xc2,

    /* U+8A00 "言" */
    0xf, 0x90, 0xff, 0xe1, 0xc8, 0x7f, 0xf0, 0xb8,
    0x3f, 0x7f, 0xc7, 0xf8, 0x1f, 0xff, 0xc2, 0xd,
    0x7f, 0xe8, 0x3d, 0x7f, 0xe8, 0x3f, 0xf9, 0x57,
    0xfe, 0x83, 0xd7, 0xfe, 0x83, 0xdf, 0xfe, 0xf,
    0xbf, 0xf0, 0x7f, 0xf3, 0x10, 0xf2, 0x1f, 0xab,
    0xf0, 0x60,

    /* U+8A02 "訂" */
    0xf, 0xfe, 0x3e, 0x1f, 0xfc, 0x39, 0x5, 0xff,
    0x25, 0x3d, 0x57, 0xe3, 0xc9, 0x5e, 0xf, 0xf3,
    0xf9, 0xf, 0xf3, 0xf9, 0xf, 0xf3, 0x59, 0xf,
    0xf3, 0x59, 0xf, 0xfe, 0x73, 0xf9, 0xf, 0xfa,
    0xf2, 0x1f, 0xfd, 0xb, 0xc8, 0x7f, 0xf0, 0x1f,
    0x90, 0x7c, 0x86, 0x60, 0xf7, 0xd0, 0x40,

    /* U+8A08 "計" */
    0xf, 0xfe, 0x2e, 0x87, 0xb0, 0xf7, 0x83, 0xfe,
    0xa9, 0xa2, 0x1f, 0xaa, 0xe8, 0x87, 0xf7, 0xf0,
    0x7f, 0xbf, 0x9f, 0x8f, 0x92, 0xb9, 0xf8, 0xf9,
    0x2b, 0x83, 0xff, 0x9b, 0xfc, 0x1f, 0xf7, 0xc1,
    0xff, 0xcf, 0xf8, 0x3f, 0xf8, 0x1f, 0x83, 0xf8,

    /* U+8A0A "訊" */
    0xa, 0xf, 0xfe, 0x1a, 0x81, 0xff, 0x7, 0x41,
    0x78, 0xf8, 0x37, 0xa9, 0xc1, 0xfe, 0xfe, 0x83,
    0xfc, 0xfe, 0xf, 0xf9, 0xfc, 0x1f, 0xf3, 0x59,
    0xf1, 0xe4, 0x33, 0x59, 0xe3, 0xc8, 0x7f, 0xc8,
    0x7e, 0x7f, 0x7, 0xff, 0x2, 0xf0, 0x7f, 0xf3,
    0xa0, 0x5e, 0xf, 0xcd, 0x82, 0xf8, 0x3e, 0x94,
    0x28, 0x3d, 0x86, 0xc0,

    /* U+8A18 "記" */
    0xa, 0xf, 0xfe, 0x24, 0x7, 0xfc, 0x1d, 0x60,
    0x7f, 0x82, 0x7e, 0xbc, 0x1f, 0xcf, 0xf8, 0x3f,
    0xcf, 0xe0, 0xff, 0x9f, 0xc0, 0x5e, 0xd, 0x5c,
    0x97, 0xe0, 0xd5, 0xc8, 0x2b, 0x83, 0xff, 0x86,
    0x85, 0x7e, 0x43, 0xfe, 0xbc, 0x87, 0xe4, 0x3f,
    0xf8, 0x70, 0x55, 0x21, 0xff, 0xc0, 0xab, 0x47,
    0xfa, 0x0,

    /* U+8A2D "設" */
    0x9, 0xf, 0xfe, 0x1c, 0x1b, 0xf8, 0x3d, 0x21,
    0xbe, 0xe, 0xf5, 0x3c, 0x1f, 0xef, 0xf0, 0x7f,
    0x9f, 0xc6, 0x86, 0xe0, 0x3f, 0x92, 0xb, 0xd0,
    0x4b, 0xd8, 0x7f, 0x3f, 0x9f, 0xf8, 0x26, 0xb3,
    0x3f, 0x41, 0x9f, 0xc2, 0xc0, 0xa0, 0x6b, 0xc8,
    0x39, 0xe4, 0x3f, 0xe6, 0x10, 0xeb, 0xcb, 0x6e,
    0xf0, 0x6b, 0xf5, 0x32, 0x86, 0x5, 0x5, 0x68,
    0x4d, 0x80,

    /* U+8A31 "許" */
    0x9, 0xe, 0x83, 0xfa, 0xc, 0xa0, 0xfe, 0x50,
    0x5a, 0x1e, 0x7c, 0xde, 0x15, 0xfc, 0x3f, 0xe9,
    0xf1, 0xf0, 0x1f, 0xd3, 0x7, 0xe7, 0xf5, 0x3,
    0xfc, 0xb8, 0x43, 0xf9, 0xfc, 0xfe, 0x3e, 0x46,
    0xb3, 0xf8, 0xf9, 0x2f, 0xc8, 0x7f, 0xd7, 0x90,
    0xff, 0xe8, 0x5e, 0x43, 0xff, 0x81, 0x7c, 0x87,
    0xf0,

    /* U+8A3C "証" */
    0xf, 0xfe, 0x3c, 0x1f, 0xfc, 0x34, 0x2f, 0xfc,
    0x84, 0x85, 0xf8, 0xf9, 0x3c, 0xfa, 0xf, 0xf7,
    0xf4, 0x1f, 0xe7, 0xf0, 0x20, 0xfc, 0xfe, 0x2,
    0x1f, 0xfc, 0x7f, 0x80, 0xd6, 0xf, 0x54, 0x6,
    0xb0, 0x79, 0x60, 0x3f, 0x83, 0xff, 0x80, 0xf8,
    0x3f, 0xfa, 0xc8, 0x10, 0xf9, 0xa2, 0xa3, 0x8f,
    0xa0,

    /* U+8A5E "詞" */
    0xa, 0xf, 0xfe, 0x12, 0x7, 0xff, 0x5, 0x1,
    0xff, 0x81, 0xeb, 0xd2, 0xf8, 0x2f, 0xeb, 0xfc,
    0x13, 0xf8, 0xaf, 0x4, 0xfe, 0x1f, 0xc1, 0x9a,
    0xc0, 0x7c, 0x1c, 0xd6, 0xf, 0xf3, 0x58, 0x3f,
    0xf8, 0x1e, 0x40, 0xd0, 0x3d, 0xa8, 0x26, 0x98,
    0x7f, 0x9c, 0x3f, 0x5e, 0x9, 0xf, 0xcf, 0xc1,
    0xd7, 0x90,

    /* U+8A66 "試" */
    0xf, 0xfe, 0x33, 0x7, 0xda, 0x83, 0x28, 0x3f,
    0x3a, 0xa, 0x34, 0xf, 0x38, 0x55, 0xcd, 0x63,
    0xe0, 0x3f, 0x4d, 0x62, 0xa0, 0x3f, 0x41, 0xca,
    0xc, 0xd7, 0x7d, 0x7, 0x9a, 0xec, 0xe0, 0xff,
    0xe2, 0x78, 0x35, 0xf4, 0x1f, 0xfc, 0xb, 0xc1,
    0xe5, 0x7, 0xf9, 0x38, 0x29, 0x5, 0xe2, 0x3d,
    0xc, 0x20, 0xbd, 0x44, 0x34, 0x80,

    /* U+8A8D "認" */
    0x9, 0xf, 0xfe, 0x1c, 0x15, 0xff, 0x6, 0x90,
    0x53, 0x9f, 0x5, 0xea, 0x71, 0x1e, 0xe, 0xfe,
    0xa8, 0x50, 0x73, 0xf8, 0xd9, 0xf, 0x3f, 0x85,
    0xa1, 0x90, 0x35, 0x8b, 0xc0, 0xf4, 0x6, 0xb1,
    0x42, 0x24, 0x3f, 0xf8, 0x30, 0x73, 0xf8, 0x8e,
    0x49, 0xa, 0xf0, 0x10, 0xa2, 0x81, 0xf2, 0x82,
    0x49, 0x40, 0xbc, 0x70, 0x73, 0x20, 0xbe, 0x82,
    0xfa, 0x0,

    /* U+8A9E "語" */
    0xa, 0xf, 0xfe, 0x1a, 0x81, 0xff, 0x83, 0x61,
    0x7a, 0x7f, 0x3, 0xeb, 0x87, 0x16, 0xb, 0xfa,
    0x75, 0x7a, 0x9, 0xfc, 0x31, 0xd0, 0x33, 0xf8,
    0x3f, 0xe6, 0xb3, 0xe3, 0xe3, 0x46, 0xb3, 0xff,
    0x90, 0xfc, 0xbe, 0x9, 0xfc, 0xab, 0xf5, 0x2,
    0x7c, 0x81, 0xae, 0xf, 0xfe, 0x4a, 0xc1, 0xf6,
    0x19, 0x4, 0x8d, 0x64, 0x0,

    /* U+8AAD "読" */
    0xf, 0xfe, 0x34, 0x87, 0xa4, 0x3d, 0x40, 0x3f,
    0x37, 0xc0, 0xa3, 0x47, 0xe6, 0xf8, 0x15, 0xc5,
    0x4d, 0x48, 0x2f, 0x92, 0xaf, 0x51, 0x5, 0xf2,
    0xab, 0xf0, 0x2b, 0x20, 0xaf, 0x20, 0xac, 0x84,
    0x87, 0xff, 0x1, 0x88, 0x62, 0x5, 0xf4, 0x5,
    0x6, 0x42, 0xf4, 0x16, 0x1f, 0xfc, 0x36, 0xc,
    0x85, 0xe8, 0x1a, 0x1d, 0xa0, 0xbd, 0x6c, 0x5,
    0x6a, 0x24, 0x2e, 0xd, 0xf0,

    /* U+8ABF "調" */
    0x2, 0x83, 0xff, 0x82, 0xc1, 0x7f, 0xd0, 0x48,
    0x6f, 0xf0, 0x28, 0x50, 0x34, 0x1d, 0x5c, 0x6,
    0x78, 0x2b, 0xe4, 0xc, 0xf0, 0x57, 0xc8, 0x17,
    0xc0, 0xac, 0x88, 0x20, 0xea, 0xc8, 0x17, 0xc1,
    0xfc, 0xfd, 0x5, 0x7d, 0x20, 0xbc, 0x1d, 0xe8,
    0x18, 0x48, 0x7f, 0x49, 0x4f, 0x6, 0xf4, 0x81,
    0xe8, 0xa0, 0xbe, 0x60, 0xee, 0xc8, 0x29, 0xe,
    0xf2,

    /* U+8ACB "請" */
    0xf, 0xfe, 0x3e, 0x1f, 0x61, 0xf2, 0x81, 0x7c,
    0x7c, 0x94, 0x39, 0xac, 0x54, 0x95, 0xc8, 0x7f,
    0x9f, 0xc5, 0xe8, 0xfa, 0x1f, 0xc5, 0x5e, 0xac,
    0x35, 0x81, 0xfe, 0x80, 0xd6, 0xb, 0xf8, 0x3f,
    0xe5, 0xd0, 0x4f, 0xe0, 0xff, 0xe0, 0x5e, 0xf,
    0xfe, 0x42, 0xec, 0x35, 0xe0, 0xff, 0xe0, 0xdf,
    0x7, 0xb8, 0x0,

    /* U+8B49 "證" */
    0x2, 0x1f, 0x90, 0xf3, 0x85, 0xf3, 0xb8, 0x72,
    0x17, 0x87, 0xb0, 0x3e, 0x7c, 0x72, 0x25, 0x8f,
    0xf1, 0xb0, 0x27, 0x5, 0xf2, 0x6f, 0xe6, 0x5,
    0xf3, 0x57, 0xd4, 0x12, 0xb3, 0x3f, 0xe9, 0x2b,
    0x20, 0x7f, 0x6, 0x5e, 0xf, 0xfb, 0xf8, 0xf,
    0xe0, 0xea, 0x82, 0xa7, 0x9c, 0x3f, 0xe8, 0x8,
    0x77, 0xc1, 0x20, 0x50, 0x77, 0xd4, 0xf1, 0xcf,
    0x92, 0xd, 0x7f, 0xe4,

    /* U+8B6F "譯" */
    0x2, 0x1f, 0xfc, 0x48, 0xf, 0xfe, 0x9, 0x41,
    0x59, 0x9e, 0xa, 0x8d, 0x3, 0xfe, 0xfe, 0x2c,
    0xcf, 0x7, 0xe7, 0xe3, 0xf0, 0x5f, 0x3, 0xe3,
    0xe4, 0xf, 0xc9, 0xf1, 0xf2, 0x7, 0xe6, 0xf8,
    0xfc, 0x17, 0xc5, 0xbf, 0x1e, 0x7, 0x8f, 0x3b,
    0xf1, 0xc1, 0x6e, 0x3f, 0x1f, 0x41, 0xf5, 0xf1,
    0xf8, 0x2b, 0x8b, 0xe3, 0xf0, 0x57, 0xa0, 0xff,
    0x0,

    /* U+8B80 "讀" */
    0x3, 0x1, 0xff, 0xc1, 0x21, 0x3f, 0x17, 0xc0,
    0xf3, 0xe2, 0xa7, 0xa2, 0xf, 0xe4, 0x3e, 0xc0,
    0xfc, 0x9c, 0xd0, 0x90, 0x3f, 0x21, 0xff, 0x35,
    0x27, 0x34, 0x24, 0x2f, 0x94, 0x1f, 0x60, 0x43,
    0x9f, 0xe3, 0x5, 0xe9, 0x2, 0xf0, 0x77, 0x40,
    0xab, 0x83, 0xff, 0x8b, 0x85, 0x70, 0x27, 0xa2,
    0x21, 0x5e, 0x7e, 0x41, 0xf0, 0x24, 0x2e, 0xe,
    0x70,

    /* U+8BA1 "计" */
    0x2, 0x1f, 0x61, 0xfb, 0x43, 0xff, 0x82, 0xf0,
    0x7f, 0xf0, 0xf0, 0xff, 0xe0, 0x2c, 0x1f, 0xfc,
    0x7, 0xd0, 0x3f, 0x1f, 0x86, 0x81, 0x7e, 0x3f,
    0x7, 0xff, 0xa9, 0x41, 0xff, 0xc1, 0xf2, 0x1f,
    0xf2, 0x50, 0x3f, 0xf8, 0xe, 0x87, 0xfc,

    /* U+8BA2 "订" */
    0xf, 0xfe, 0x24, 0x87, 0xff, 0x6, 0x88, 0xff,
    0xf0, 0x38, 0x7f, 0x47, 0xc1, 0x61, 0xe4, 0x3f,
    0xf8, 0xff, 0x83, 0xfe, 0xf8, 0x3f, 0xfe, 0x54,
    0xf, 0xfe, 0x6, 0x41, 0xfe, 0x8a, 0x6, 0x43,
    0xde, 0x42, 0xf5, 0x3, 0x90, 0xef, 0x90, 0x80,

    /* U+8BA4 "认" */
    0x9, 0xf, 0x61, 0xfa, 0x81, 0xff, 0xc2, 0xc4,
    0x3f, 0xf8, 0x52, 0x1f, 0xfc, 0xff, 0xc1, 0xff,
    0xc0, 0xf4, 0x1c, 0x88, 0x7f, 0xf0, 0xf0, 0xff,
    0xe0, 0xea, 0xf, 0xfe, 0xb, 0x8, 0x7f, 0x42,
    0xa, 0x7, 0xef, 0x14, 0x11, 0xe, 0xcd, 0x84,
    0x1c, 0x86, 0xf0, 0xac, 0x35, 0x3, 0x20, 0x70,
    0xe7, 0x0,

    /* U+8BB8 "许" */
    0xf, 0x94, 0x1f, 0xd8, 0x6c, 0x3f, 0xd6, 0x12,
    0x83, 0xf9, 0xa0, 0x5f, 0xe4, 0x33, 0x13, 0xe3,
    0xe4, 0x3e, 0x60, 0xfc, 0xfc, 0x28, 0x3f, 0x9f,
    0x1, 0x83, 0xff, 0x85, 0x7e, 0x3f, 0x7, 0xaf,
    0xc7, 0xe0, 0xff, 0xe5, 0x21, 0xff, 0xc2, 0xf0,
    0x7f, 0xf0, 0x12, 0x81, 0xff, 0xc0, 0x74, 0x3f,
    0xe0,

    /* U+8BBE "设" */
    0xf, 0xfe, 0x35, 0x3, 0x7f, 0x7, 0x4c, 0x1b,
    0xe0, 0xfb, 0x43, 0xff, 0x87, 0x81, 0x41, 0xff,
    0xc2, 0xa0, 0x65, 0x3, 0xe0, 0x70, 0x6b, 0xc0,
    0xf0, 0x52, 0x19, 0xa0, 0x7d, 0x7f, 0xc1, 0xfb,
    0x3f, 0x48, 0x7f, 0x58, 0x56, 0x1f, 0xca, 0x8e,
    0x43, 0xce, 0x9, 0xd4, 0x1f, 0x58, 0x21, 0x60,
    0xe9, 0xcf, 0x1d, 0xf4, 0x15, 0x1, 0x70, 0x57,
    0x80,

    /* U+8BC1 "证" */
    0x4, 0x1f, 0xfc, 0x4c, 0x1f, 0xfc, 0x14, 0xa3,
    0xf1, 0x7c, 0x1a, 0x43, 0xff, 0x80, 0xb0, 0x7f,
    0xf0, 0x7d, 0x5, 0x87, 0xf5, 0x3, 0xf5, 0xe8,
    0x3f, 0xf8, 0x17, 0xa0, 0xff, 0xed, 0x21, 0xff,
    0xc2, 0xf0, 0x7f, 0xf0, 0x12, 0x88, 0x7f, 0xdc,
    0xd0, 0xf1, 0x7c, 0x0,

    /* U+8BCD "词" */
    0xf, 0xfe, 0x2e, 0x17, 0xff, 0x2, 0xc1, 0xff,
    0x82, 0x54, 0x1f, 0xfc, 0x1a, 0x1f, 0xe0, 0xcb,
    0x3, 0xfc, 0x13, 0x50, 0x7f, 0xcf, 0x82, 0x7f,
    0x21, 0xfe, 0x7c, 0x87, 0xff, 0x6d, 0x1f, 0x21,
    0xfa, 0xc7, 0xe4, 0x39, 0x39, 0x83, 0x90, 0x9d,
    0xf, 0x7a, 0x80,

    /* U+8BD1 "译" */
    0xf, 0xfe, 0x36, 0x17, 0xfe, 0x42, 0xb0, 0x6d,
    0xf4, 0x21, 0x21, 0xa8, 0x15, 0x3, 0xb0, 0xd6,
    0xf2, 0x1f, 0xe5, 0x4a, 0xd, 0xf0, 0x1b, 0x23,
    0x82, 0xf0, 0x29, 0xea, 0xbd, 0x7, 0xad, 0xe,
    0x60, 0xf9, 0xf8, 0xf8, 0x3f, 0x3f, 0x1f, 0x7,
    0xfc, 0x87, 0xfa, 0xfd, 0x1f, 0x82, 0x41, 0xfc,
    0x7e, 0xd, 0xc1, 0xff, 0x0,

    /* U+8BD5 "试" */
    0x4, 0x1f, 0x32, 0x83, 0x78, 0x3f, 0x30, 0x67,
    0x83, 0xf6, 0x87, 0x53, 0xf4, 0xfa, 0x2, 0xc5,
    0xfa, 0x3e, 0xd, 0x7, 0x90, 0xf2, 0x82, 0xfc,
    0x1f, 0xfc, 0xd, 0x58, 0x7f, 0xf0, 0x70, 0xff,
    0xe4, 0x21, 0xf9, 0xe, 0x71, 0xe, 0xf3, 0x3b,
    0xa4, 0x12, 0x5e, 0xbc, 0xa2, 0xc, 0xea, 0x90,
    0xd3, 0x7, 0xff, 0x5, 0xd0,

    /* U+8BED "语" */
    0xf, 0xfe, 0x36, 0x7, 0xff, 0x41, 0x58, 0xfc,
    0x7e, 0x82, 0x58, 0x25, 0x7, 0xf4, 0x97, 0x3f,
    0x41, 0x2c, 0xb, 0x2f, 0x58, 0x74, 0x1c, 0x83,
    0xc, 0xa0, 0x7c, 0x7c, 0xd8, 0x7b, 0xff, 0xc1,
    0xff, 0xcb, 0xbf, 0xe0, 0xfe, 0xbf, 0x83, 0xe7,
    0xf, 0xfe, 0x17, 0x8c, 0x3f, 0xea, 0x1, 0xfe,
    0x8,

    /* U+8BF7 "请" */
    0x2, 0x1e, 0x60, 0xfb, 0x81, 0xf4, 0xfc, 0x85,
    0x9, 0xf4, 0xfc, 0x86, 0x92, 0xf4, 0xfc, 0x1f,
    0xaf, 0x4f, 0xc0, 0x7e, 0x2f, 0xa7, 0xf0, 0xf8,
    0x17, 0xff, 0x7, 0xcf, 0x5b, 0xc1, 0xfc, 0xd7,
    0x7, 0xf9, 0xfd, 0x7, 0xf9, 0xfd, 0x7, 0xd4,
    0x1f, 0xd0, 0x72, 0x70, 0xfe, 0x83, 0x9d, 0xf,
    0x74, 0x0,

    /* U+8BFB "读" */
    0x4, 0x1f, 0x61, 0xfb, 0x5, 0xf1, 0xf0, 0x69,
    0x8b, 0xe3, 0xe0, 0xea, 0xb, 0x85, 0xc1, 0xf7,
    0xe7, 0xd6, 0x3f, 0x2, 0x38, 0xa3, 0x8f, 0x83,
    0x5a, 0xc0, 0x43, 0xea, 0x91, 0x20, 0xfd, 0x68,
    0x7f, 0xf0, 0x1e, 0x99, 0xf8, 0x3e, 0xf9, 0x5f,
    0x83, 0xbc, 0x5, 0x54, 0x1f, 0x50, 0xa6, 0x5e,
    0xc, 0xca, 0xcc, 0x26, 0xc2, 0x50, 0xf0, 0x73,
    0x80,

    /* U+8C03 "调" */
    0xf, 0xfe, 0x2e, 0x83, 0xff, 0x81, 0xc1, 0x7f,
    0xc1, 0xa8, 0x1d, 0x7, 0xcc, 0x17, 0x9e, 0x9,
    0x60, 0xde, 0x38, 0x2a, 0x83, 0xff, 0x81, 0xe0,
    0xcf, 0x8f, 0x7, 0xf3, 0xfc, 0x1f, 0xef, 0xc8,
    0x7f, 0xde, 0x83, 0xf2, 0x83, 0xff, 0x81, 0xd8,
    0x3d, 0x7, 0x24, 0x25, 0xf2, 0x19, 0xd4, 0x4,
    0xf, 0x90, 0xe8, 0x39, 0xf4,

    /* U+8CC7 "資" */
    0xf, 0xfe, 0x2c, 0x85, 0x40, 0xfd, 0x78, 0x5b,
    0xf9, 0xa, 0xcb, 0xc3, 0xc2, 0x15, 0xb9, 0x42,
    0x70, 0x77, 0x9e, 0xdb, 0xd2, 0x77, 0x60, 0xe9,
    0xba, 0x13, 0x7a, 0xb9, 0x41, 0xd5, 0xf8, 0x3e,
    0xaf, 0xc1, 0xf5, 0x7e, 0xf, 0xab, 0xf0, 0x79,
    0xba, 0xdc, 0x87, 0x60, 0xac, 0xc, 0x2b, 0xf0,
    0x6e, 0xf2, 0x5c, 0x87, 0xd6, 0x80,

    /* U+8D25 "败" */
    0xf, 0xf2, 0x1e, 0xff, 0x2, 0xf, 0xdf, 0x82,
    0x50, 0x7e, 0x43, 0xdf, 0xc1, 0xb4, 0x29, 0xf4,
    0xe1, 0xfc, 0xc1, 0x61, 0xfd, 0x8, 0x30, 0xff,
    0x74, 0x2, 0x83, 0xc8, 0x14, 0x1f, 0xe4, 0x3a,
    0xe8, 0x19, 0xc, 0x81, 0x70, 0x69, 0x74, 0x1f,
    0xf5, 0x18, 0x28, 0xb0, 0xda, 0xb, 0x26, 0x6d,
    0x1a, 0x1, 0xd3, 0x3, 0xe0,

    /* U+8D77 "起" */
    0xd, 0x84, 0xff, 0x40, 0xbc, 0x7a, 0x7f, 0x41,
    0x5e, 0x3d, 0x7, 0xff, 0x35, 0x61, 0x60, 0xfe,
    0xf8, 0xf8, 0xfd, 0x5, 0x73, 0x50, 0x3f, 0x40,
    0x70, 0xff, 0xe3, 0x7c, 0x1f, 0xe4, 0x1f, 0x7,
    0x98, 0xc3, 0xff, 0x81, 0xe0, 0x3a, 0x19, 0xfc,
    0xa1, 0x92, 0xa, 0xfe, 0x10, 0x59, 0xff, 0xd3,
    0x85, 0x7f, 0xf4,

    /* U+8D85 "超" */
    0xd, 0x85, 0xff, 0x6, 0x43, 0x78, 0xf8, 0x2a,
    0x8a, 0x21, 0xfd, 0x4c, 0xa2, 0x28, 0x3f, 0x21,
    0xd4, 0x2, 0x17, 0xa3, 0xf4, 0x3f, 0x3, 0xe3,
    0xe8, 0x4b, 0x40, 0xc1, 0xde, 0xb, 0x83, 0xde,
    0x8d, 0x6c, 0x3e, 0xf4, 0x1f, 0xda, 0x1e, 0xae,
    0xd, 0x61, 0xae, 0xaf, 0x1, 0x51, 0x21, 0xfc,
    0x81, 0xcb, 0xff, 0x4e, 0x15, 0xff, 0xd0,

    /* U+8DB3 "足" */
    0xb, 0xff, 0xe0, 0xf7, 0xff, 0x7, 0xff, 0xaf,
    0xff, 0x83, 0xdf, 0xc7, 0xf0, 0x7b, 0xf, 0xfe,
    0x12, 0x83, 0x7f, 0x21, 0xb4, 0x37, 0xf2, 0x19,
    0x10, 0xff, 0xe0, 0x4f, 0x21, 0xff, 0x31, 0xd8,
    0x7f, 0x70, 0x5c, 0xff, 0x93, 0x43, 0x37, 0xf9,

    /* U+8DEF "路" */
    0xf, 0xe4, 0x3e, 0xfe, 0x81, 0x7, 0xef, 0xa0,
    0x27, 0xd0, 0x7f, 0xa7, 0xce, 0x1f, 0xd2, 0x80,
    0xa0, 0xdf, 0x4a, 0xab, 0x83, 0x7a, 0x7e, 0x14,
    0x21, 0x90, 0xfa, 0x54, 0x1b, 0x3, 0x2b, 0xd4,
    0x34, 0x3d, 0x71, 0xd0, 0x10, 0x72, 0x59, 0x58,
    0xc3, 0xff, 0x92, 0xd8, 0x7f, 0x2b, 0x9f, 0x7,
    0xfa, 0xf4, 0x85, 0xf8, 0x20,

    /* U+8F09 "載" */
    0xf, 0xfe, 0x43, 0x5, 0x42, 0xc, 0xfa, 0x7c,
    0x85, 0xe0, 0x9f, 0x4f, 0x9c, 0xe, 0x17, 0xd3,
    0xf4, 0xfe, 0x7, 0xd4, 0xfa, 0x7f, 0x1, 0xaf,
    0x94, 0x8, 0x26, 0xa6, 0xa0, 0xc8, 0x4f, 0x46,
    0xd0, 0xa4, 0x33, 0xab, 0x42, 0x54, 0x1c, 0x81,
    0x9, 0x90, 0xe6, 0x54, 0x1d, 0x6, 0x7a, 0x34,
    0x44, 0x29, 0x3e, 0x9f, 0xd3, 0x8a, 0x3e, 0x9f,
    0x3b, 0x3a, 0x0,

    /* U+8F2F "輯" */
    0xd, 0x84, 0xff, 0x81, 0xf1, 0xe8, 0x7f, 0x5,
    0xf1, 0xe8, 0x6b, 0x4, 0xd0, 0xa0, 0xdf, 0xa0,
    0x7a, 0x22, 0x9f, 0xe8, 0x3e, 0xf3, 0xf9, 0xc1,
    0x66, 0x88, 0xb8, 0x41, 0x66, 0x85, 0x58, 0x35,
    0x9a, 0x15, 0x60, 0xaf, 0x1e, 0x41, 0x56, 0x17,
    0xc7, 0xa0, 0x55, 0x85, 0xe8, 0xfa, 0x2a, 0xc8,
    0x24, 0x3a, 0xf5, 0x8, 0x3e, 0x65, 0x84, 0x3d,
    0x87, 0xf6, 0x0,

    /* U+8F38 "輸" */
    0xf, 0xfe, 0x3a, 0x83, 0x9c, 0x3b, 0xd4, 0xf0,
    0x1e, 0x81, 0xbc, 0xde, 0x2e, 0x7c, 0x87, 0x60,
    0xc8, 0xd, 0x12, 0x89, 0x4f, 0x56, 0xf2, 0xa,
    0x78, 0x70, 0x56, 0xb, 0xa8, 0xcd, 0x31, 0xb,
    0xa8, 0x1a, 0x83, 0xeb, 0xe0, 0x72, 0x1e, 0xb0,
    0x71, 0xc8, 0x79, 0xc, 0x96, 0x87, 0xbc, 0xaf,
    0x16, 0x88, 0x6a, 0xf0, 0x74, 0x1f, 0xfc, 0x9,
    0x1c, 0x39, 0x40, 0x9b, 0x1f, 0x0,

    /* U+8F6C "转" */
    0x9, 0xf, 0x90, 0xfb, 0x43, 0x9c, 0x3a, 0x8d,
    0x4d, 0x4d, 0x40, 0xf1, 0x73, 0xe2, 0xf4, 0x7,
    0x94, 0x5, 0xb, 0x6, 0x56, 0x5, 0x42, 0xe0,
    0xfd, 0xe4, 0xfc, 0x8, 0x89, 0xa1, 0xd6, 0x5,
    0xc6, 0x89, 0x59, 0xf, 0x20, 0x6f, 0xa, 0xc,
    0x96, 0x5, 0xd0, 0x5e, 0x8f, 0x3, 0x25, 0x5,
    0xf0, 0x85, 0x6c, 0x1f, 0xfc, 0x7, 0x70, 0xff,
    0xe1, 0x4a, 0xf, 0x61, 0xf4, 0x80,

    /* U+8F7D "载" */
    0xf, 0xfe, 0x4e, 0x1b, 0x20, 0xcf, 0xc7, 0xa0,
    0xbc, 0x13, 0xf1, 0xe8, 0x27, 0xb, 0xf1, 0xf8,
    0xfc, 0xf, 0x9f, 0xe3, 0xf0, 0x64, 0x3f, 0xa0,
    0xbd, 0x3f, 0x90, 0x90, 0xb8, 0xdb, 0xcb, 0xc1,
    0xa8, 0xc, 0x3a, 0xc3, 0xb9, 0x54, 0x39, 0x41,
    0xba, 0x35, 0x9, 0x6, 0x6a, 0x6f, 0x30, 0x92,
    0xf, 0x4d, 0xf1, 0x41, 0x42, 0xc1, 0xa2, 0x6d,
    0xf, 0x49, 0x40, 0x3c, 0x0,

    /* U+8F91 "辑" */
    0x9, 0xf, 0xfe, 0x1c, 0x1b, 0xfc, 0x12, 0x85,
    0x5, 0xf8, 0x37, 0x1e, 0x83, 0xfd, 0x5e, 0x25,
    0xd0, 0x69, 0xc1, 0x7f, 0xa0, 0xfd, 0x35, 0x98,
    0x11, 0x12, 0x1f, 0xed, 0xf, 0x7e, 0xc, 0xd0,
    0x90, 0x7e, 0xf, 0xd4, 0x7, 0xe0, 0xdf, 0x2,
    0x7, 0xe0, 0xd7, 0x88, 0x45, 0x50, 0xc0, 0x86,
    0x74, 0x1c, 0x61, 0xf3, 0x45, 0x83, 0xf6, 0x1f,
    0xb0, 0x0,

    /* U+8F93 "输" */
    0xf, 0xfe, 0x33, 0x7, 0xb8, 0x3d, 0x87, 0xa5,
    0x83, 0x4a, 0xa0, 0xe5, 0xc8, 0x51, 0xd6, 0x60,
    0x53, 0x42, 0x60, 0x65, 0x5b, 0xa3, 0x5, 0x3f,
    0x56, 0x5, 0xe5, 0x17, 0xa3, 0x10, 0x21, 0x60,
    0xa0, 0x7d, 0x4d, 0x81, 0x40, 0xff, 0x30, 0x28,
    0x1f, 0x5c, 0x60, 0xf0, 0x7d, 0xe9, 0x40, 0xf0,
    0x10, 0xc8, 0x7f, 0xa0, 0xff, 0xe0, 0x60, 0xb4,
    0x33, 0x3, 0x3c, 0x5c, 0x0,

    /* U+8FBC "込" */
    0xf, 0xfe, 0x2b, 0x6, 0x60, 0xfc, 0x90, 0x4b,
    0x7, 0xe8, 0x42, 0xe0, 0xfe, 0x90, 0xe8, 0x3f,
    0xf8, 0x68, 0x7f, 0xf0, 0x57, 0x7, 0x7c, 0x1a,
    0xe8, 0x1d, 0xe0, 0xc8, 0x81, 0xf, 0xf5, 0x1,
    0x40, 0xfe, 0x94, 0x5, 0x41, 0xf6, 0x41, 0xa3,
    0xa, 0x2e, 0xf, 0x58, 0x23, 0xe8, 0x3c, 0xa0,
    0xa1, 0xf5, 0xff, 0x0,

    /* U+8FC7 "过" */
    0x2, 0x1f, 0x98, 0x3a, 0x43, 0xff, 0x85, 0xc8,
    0xbd, 0xac, 0x1b, 0x57, 0xf2, 0x78, 0x3c, 0xd7,
    0x9a, 0x7, 0xca, 0xf, 0xef, 0x80, 0xc1, 0xfd,
    0xe0, 0xd6, 0x1f, 0xfc, 0x26, 0xf, 0xfe, 0x1a,
    0x1f, 0xfc, 0x37, 0xd6, 0x1d, 0x98, 0x4d, 0x34,
    0x36, 0xef, 0x22, 0x85, 0x80, 0xc5, 0x9f, 0xd4,
    0xc1, 0x6, 0xa7, 0xfa, 0x0,

    /* U+8FD1 "近" */
    0xf, 0xf2, 0xad, 0xb, 0xd, 0xfe, 0x90, 0xac,
    0x37, 0xa8, 0xa0, 0xcb, 0x7, 0xff, 0xa, 0x43,
    0xff, 0x8f, 0xff, 0x27, 0xc0, 0x4f, 0x8f, 0x93,
    0xc1, 0xff, 0xc8, 0x43, 0xff, 0x85, 0xe0, 0xff,
    0xe1, 0x28, 0x3f, 0xf8, 0x32, 0x1f, 0xf6, 0x5c,
    0x19, 0xe, 0xdf, 0x50, 0x34, 0x4, 0x28, 0x7f,
    0xfa, 0x4c, 0x33, 0xff, 0x90,

    /* U+8FD8 "还" */
    0x18, 0x3f, 0xf8, 0x49, 0x1f, 0xfd, 0x5, 0x2b,
    0xf4, 0x7d, 0x6, 0xd0, 0xd4, 0xf, 0xfe, 0xc,
    0x4, 0x33, 0xf0, 0x4a, 0x5, 0x2, 0x7c, 0x13,
    0x60, 0xd8, 0x3e, 0xa6, 0x1b, 0x50, 0x7d, 0x87,
    0xbc, 0x1e, 0x83, 0xf4, 0x1f, 0xfc, 0x78, 0x43,
    0xff, 0x81, 0x95, 0x20, 0xd0, 0xe4, 0x9f, 0x5f,
    0xf8, 0x70, 0x9f, 0xfe, 0x0,

    /* U+8FD9 "这" */
    0xf, 0xe4, 0x3e, 0x83, 0xe8, 0x3e, 0xf0, 0x79,
    0x41, 0xe6, 0xdf, 0xcd, 0xf8, 0x27, 0x7f, 0xd1,
    0xe0, 0xf2, 0x83, 0x68, 0x7e, 0x68, 0x13, 0x6,
    0xf8, 0x19, 0x92, 0x1d, 0xe0, 0xd4, 0xd8, 0x3f,
    0xf8, 0x70, 0x7f, 0xd4, 0xf3, 0x87, 0xeb, 0x30,
    0x6e, 0x1f, 0xb8, 0x35, 0x2, 0x77, 0x10, 0xf2,
    0x15, 0xd9, 0x7f, 0xe0, 0x61, 0x5f, 0xfc, 0x0,

    /* U+8FDB "进" */
    0xf, 0xfe, 0x2b, 0x6, 0x70, 0x30, 0x65, 0x41,
    0xff, 0xc2, 0xd4, 0x20, 0x56, 0x21, 0xda, 0xa8,
    0x51, 0x54, 0xf, 0x3c, 0x7a, 0x78, 0xb, 0x7,
    0xff, 0x7, 0xd0, 0x7d, 0x87, 0x50, 0x17, 0x1e,
    0x57, 0x83, 0xd6, 0xde, 0x9f, 0x7, 0xe5, 0x7,
    0xff, 0x6, 0x43, 0xfc, 0x88, 0x20, 0xfe, 0xbf,
    0x83, 0x30, 0x66, 0x2f, 0xff, 0x3, 0xd, 0x7f,
    0xe0,

    /* U+8FFD "追" */
    0xf, 0xe5, 0x7, 0x98, 0x3d, 0x7, 0xc9, 0x3,
    0xe2, 0xf8, 0x34, 0x1b, 0xfc, 0x1e, 0x83, 0xff,
    0x8f, 0xd6, 0xc2, 0x7e, 0xa, 0xbb, 0xc0, 0x7c,
    0x19, 0xf, 0xfe, 0x1f, 0xfc, 0x87, 0xef, 0xf2,
    0x1f, 0xfd, 0xdf, 0xf2, 0x13, 0xb3, 0xff, 0x90,
    0x5d, 0xf, 0xfe, 0x4c, 0x27, 0xff, 0x90,

    /* U+9006 "逆" */
    0xf, 0x90, 0xc8, 0x69, 0xd, 0x4, 0xc1, 0xa8,
    0x85, 0x40, 0x50, 0x3a, 0x87, 0xa7, 0xc5, 0xe0,
    0x9c, 0xfc, 0x5f, 0x83, 0xe4, 0x3d, 0x5, 0xf0,
    0x20, 0xf2, 0x17, 0x83, 0xff, 0xb1, 0xe2, 0xf0,
    0x7f, 0x7c, 0x7e, 0xf, 0xf7, 0x7, 0xe4, 0x47,
    0x50, 0x7c, 0xde, 0xbd, 0x7, 0xeb, 0x2c, 0xff,
    0xc0, 0xc2, 0x6f, 0xfc, 0x0,

    /* U+9009 "选" */
    0x10, 0xe8, 0x60, 0xfb, 0x9, 0x41, 0xfc, 0xd8,
    0x33, 0x9f, 0x90, 0x98, 0x57, 0xa7, 0xe4, 0x32,
    0x38, 0x7f, 0xf0, 0xab, 0x6d, 0x60, 0x7c, 0x7c,
    0xf3, 0xf0, 0x3c, 0x5, 0x85, 0xb, 0x7, 0xe9,
    0xf, 0xfe, 0xa, 0xa0, 0xec, 0x3d, 0xd8, 0x6b,
    0xf, 0x36, 0x1b, 0xd6, 0x7, 0x28, 0x87, 0x28,
    0x2a, 0x7a, 0x9f, 0xf8, 0x1a, 0x7, 0xff, 0x80,

    /* U+900F "透" */
    0xf, 0xf2, 0xa8, 0x15, 0x0, 0xf4, 0xe3, 0x82,
    0x88, 0x7a, 0x96, 0xe, 0x92, 0xb9, 0xac, 0x1b,
    0x2a, 0xd, 0x50, 0x7e, 0x85, 0x10, 0x7f, 0x45,
    0x91, 0x5, 0xf1, 0xe8, 0x19, 0x78, 0x1e, 0x6,
    0x5f, 0x87, 0xf, 0x98, 0xa1, 0xe8, 0x3f, 0x48,
    0x3c, 0xe1, 0xf4, 0xc1, 0x90, 0xf3, 0x98, 0x5e,
    0x50, 0x1c, 0x9c, 0x37, 0xa0, 0xa9, 0xf5, 0xff,
    0x81, 0xa0, 0x7f, 0xf8,

    /* U+9019 "這" */
    0xf, 0xe8, 0x3e, 0x50, 0x7d, 0x7, 0xd4, 0x2b,
    0x2a, 0xb0, 0x1d, 0xae, 0xf5, 0x60, 0xdc, 0x1f,
    0xfc, 0x6a, 0xf2, 0x15, 0x41, 0x57, 0x90, 0xbc,
    0x81, 0xaf, 0x82, 0x50, 0x4d, 0x7c, 0x1f, 0xaf,
    0xf8, 0x3f, 0xaf, 0xe0, 0xff, 0xe6, 0xf7, 0xf2,
    0x13, 0xd4, 0xff, 0xa0, 0xad, 0xbb, 0xff, 0x3,
    0x9, 0xbf, 0xf0,

    /* U+901A "通" */
    0xf, 0xfe, 0x2c, 0x85, 0xff, 0xa0, 0x51, 0x7,
    0xaf, 0x86, 0xa, 0x81, 0xbd, 0x74, 0xc, 0xc1,
    0xa8, 0x87, 0xe4, 0x1d, 0x31, 0xec, 0xb, 0x5,
    0x51, 0x50, 0x5e, 0x82, 0xf8, 0xf8, 0x2a, 0x6,
    0xf8, 0xf8, 0x3f, 0xbe, 0x3e, 0xf, 0xef, 0x8f,
    0x83, 0xff, 0x90, 0x88, 0x72, 0x79, 0x5, 0xf5,
    0x2, 0x8f, 0x40, 0x62, 0x9f, 0xfc, 0x98, 0x6b,
    0xff, 0x20,

    /* U+901F "速" */
    0x10, 0xfb, 0xf, 0xd8, 0x3f, 0x1f, 0xc0, 0x56,
    0x7e, 0x3f, 0x82, 0x90, 0xf2, 0x1f, 0xa0, 0x74,
    0x2a, 0xc2, 0x58, 0x2a, 0x1d, 0x3, 0x7a, 0xf,
    0xfe, 0xd, 0x3, 0x78, 0xf8, 0x3f, 0xbc, 0x13,
    0xe0, 0xfe, 0xe3, 0x30, 0xfc, 0xf2, 0xa, 0x61,
    0xf7, 0x21, 0x98, 0x27, 0x71, 0x4, 0x12, 0x15,
    0xdf, 0xd7, 0xf0, 0x30, 0x9f, 0xfe, 0x0,

    /* U+9032 "進" */
    0xf, 0xfe, 0x2f, 0x6, 0xc7, 0xf, 0x6c, 0x9,
    0x11, 0xf, 0x68, 0x15, 0xe2, 0xf4, 0x1b, 0x23,
    0xe3, 0xe8, 0x39, 0x41, 0xff, 0xc2, 0xf1, 0xf1,
    0xf2, 0xa, 0x70, 0x3e, 0x3e, 0x41, 0x40, 0xdd,
    0xa, 0x83, 0xfa, 0xa2, 0xa0, 0xfe, 0x43, 0xff,
    0x87, 0xf1, 0xf8, 0x24, 0x4f, 0xfe, 0x5, 0x6d,
    0xf, 0xf3, 0xbd, 0xff, 0xc0, 0xc2, 0x6f, 0xfc,
    0x0,

    /* U+903E "逾" */
    0xf, 0xfe, 0x2a, 0x83, 0xda, 0x1e, 0x78, 0x37,
    0xd0, 0x7a, 0xa, 0x99, 0x10, 0x7a, 0x7c, 0xfc,
    0xfa, 0xf, 0x6f, 0xf3, 0xe0, 0x7c, 0xfe, 0x88,
    0xd0, 0x70, 0x5e, 0x80, 0x87, 0x90, 0xaa, 0xf,
    0xfe, 0xd, 0x41, 0xff, 0xc1, 0xa8, 0x3f, 0xf8,
    0x35, 0x3, 0xf, 0x22, 0x86, 0xc1, 0x86, 0xbe,
    0x15, 0xa0, 0xf0, 0x4c, 0x53, 0xff, 0x81, 0x86,
    0xbf, 0xf0,

    /* U+904E "過" */
    0xf, 0xfe, 0x2b, 0x84, 0xff, 0x90, 0x9b, 0xd,
    0xf9, 0xe, 0x64, 0x2f, 0x21, 0xf9, 0x41, 0x7c,
    0x1f, 0xfc, 0x97, 0xe2, 0x87, 0x9d, 0xa0, 0xf8,
    0x2f, 0xfc, 0x87, 0xf7, 0xe0, 0xff, 0xe0, 0xf8,
    0x3f, 0xf8, 0x4a, 0xf, 0xfe, 0x24, 0x1e, 0x83,
    0xb5, 0xbc, 0x83, 0x2c, 0x43, 0xbd, 0x9, 0x3e,
    0xbf, 0xf4, 0xe1, 0x3f, 0xfd, 0x0,

    /* U+9053 "道" */
    0xf, 0xfe, 0x2a, 0x1d, 0x86, 0xc3, 0xb0, 0xca,
    0x4, 0x86, 0x6c, 0xf3, 0x79, 0x5e, 0x40, 0xc7,
    0xe3, 0xf9, 0x9, 0x7, 0xc7, 0xe0, 0xaa, 0xb,
    0xfc, 0x1a, 0x88, 0x5f, 0xe0, 0xff, 0x7f, 0x83,
    0xfd, 0x5d, 0x87, 0xfa, 0xbb, 0xf, 0xfe, 0x6b,
    0xfe, 0x42, 0x7a, 0xdf, 0xe8, 0x2b, 0x6e, 0xff,
    0xc9, 0x84, 0xdf, 0xf9,

    /* U+905E "遞" */
    0xf, 0xfe, 0xa, 0x1b, 0x9, 0x6a, 0x7c, 0x85,
    0x60, 0xb2, 0x2e, 0x42, 0x6c, 0x12, 0xa, 0x83,
    0x9c, 0x2a, 0x28, 0x10, 0x7f, 0xa7, 0xb5, 0x1f,
    0x1, 0x4, 0xd0, 0xd3, 0xc0, 0x42, 0xa3, 0x98,
    0x7d, 0xa0, 0x70, 0x61, 0xec, 0x19, 0xe9, 0xf,
    0x95, 0xa3, 0x7, 0xe9, 0x12, 0xc3, 0x40, 0x81,
    0x32, 0xc3, 0x78, 0x9c, 0x85, 0x60, 0xa6, 0x8e,
    0x5f, 0xfe, 0x8c, 0x26, 0xff, 0xd0,

    /* U+9069 "適" */
    0xf, 0xe4, 0x3e, 0x90, 0xf6, 0x87, 0xa8, 0x9f,
    0x9b, 0xf2, 0xe, 0x3c, 0x5e, 0x57, 0x90, 0xb0,
    0xac, 0xe, 0x1f, 0xaf, 0x1e, 0x7e, 0xf, 0xaf,
    0x2b, 0xe0, 0xbe, 0xf, 0xfe, 0xf, 0x83, 0x3a,
    0xb4, 0x3f, 0xe7, 0xc8, 0x7f, 0xf0, 0x68, 0x1f,
    0xfc, 0x2a, 0x84, 0x34, 0x22, 0x60, 0x7d, 0x2,
    0x3c, 0xa0, 0xee, 0x40, 0xc5, 0xff, 0xe4, 0xc3,
    0x5f, 0xf9,

    /* U+9078 "選" */
    0xf, 0xfe, 0x2c, 0x83, 0xa6, 0x7a, 0xf0, 0x28,
    0x82, 0x81, 0x76, 0x1b, 0x81, 0xe0, 0xbe, 0xe,
    0xc1, 0xf0, 0x3e, 0x83, 0xcf, 0xca, 0xfa, 0x2,
    0xc5, 0xdb, 0x3f, 0x5, 0xc5, 0xdf, 0x3e, 0x80,
    0xc0, 0xb6, 0xf1, 0xe8, 0x3f, 0xf9, 0x2f, 0x9b,
    0xc7, 0xc8, 0x67, 0xcd, 0xe2, 0xf2, 0x1c, 0xf9,
    0x6, 0x68, 0x1e, 0xb2, 0x19, 0xd0, 0x5b, 0x4f,
    0xfe, 0x4c, 0x26, 0xff, 0xc8,

    /* U+9084 "還" */
    0xf, 0xfe, 0x2b, 0x83, 0xa7, 0x4e, 0xd0, 0x34,
    0x5, 0xa, 0x32, 0x19, 0xa, 0x85, 0xb2, 0x1d,
    0x1d, 0x3b, 0xd6, 0x87, 0x35, 0xfe, 0x7, 0xcc,
    0x1f, 0xa0, 0x78, 0xa, 0xaf, 0x21, 0xff, 0xcb,
    0x55, 0xea, 0x90, 0xfd, 0xa6, 0x1f, 0xf6, 0x49,
    0x6e, 0x19, 0x6, 0xef, 0x9f, 0x40, 0xbb, 0x81,
    0x78, 0x14, 0x15, 0x3f, 0x37, 0xf9, 0x58, 0x4f,
    0xff, 0x20,

    /* U+90E8 "部" */
    0xd, 0x7, 0xff, 0x12, 0xd, 0xfc, 0x6, 0x8a,
    0xa8, 0x1e, 0x90, 0x27, 0x4c, 0x83, 0x78, 0x2f,
    0x28, 0x43, 0x94, 0x12, 0x81, 0xc1, 0x94, 0x1c,
    0x81, 0x41, 0xa8, 0x17, 0x9f, 0x1e, 0xa, 0x81,
    0x7f, 0xe0, 0x91, 0xb, 0xfc, 0x86, 0xf0, 0x6f,
    0xc8, 0x72, 0x83, 0xff, 0x82, 0xc8, 0x7f, 0xf0,
    0x72, 0xd, 0xf9, 0xd, 0x40, 0xef, 0xc8, 0x7e,

    /* U+90FD "都" */
    0xf, 0xfe, 0x46, 0x16, 0xff, 0x1, 0xa1, 0x58,
    0x1e, 0x82, 0x68, 0x5a, 0x83, 0x70, 0x7d, 0x61,
    0xca, 0x5, 0x33, 0x28, 0x14, 0x85, 0x4c, 0x7a,
    0x4, 0xc1, 0xd1, 0x7, 0xac, 0x36, 0x9f, 0x6,
    0x54, 0x39, 0x7c, 0x1e, 0x91, 0xdc, 0x3f, 0xf8,
    0x6d, 0x41, 0xff, 0xc0, 0xac, 0x19, 0xf4, 0x1a,
    0xf8, 0x33, 0xe4, 0x35, 0xf0, 0x7f, 0xd2, 0x16,
    0x38, 0x70,

    /* U+914D "配" */
    0xf, 0xfe, 0x2f, 0xfc, 0x7f, 0x81, 0xe7, 0x3c,
    0x7f, 0x7, 0xff, 0x1e, 0xdc, 0xe0, 0xff, 0x6e,
    0xe1, 0xff, 0xc6, 0xae, 0xf, 0xf9, 0xfc, 0x1a,
    0x3, 0x4, 0xbb, 0xd, 0x1c, 0x1f, 0xf6, 0x12,
    0x1f, 0xf7, 0x56, 0x1f, 0xf5, 0x70, 0x7d, 0x20,
    0xfe, 0xf, 0x90, 0xbf, 0x80, 0xfe, 0x12, 0xe,
    0x8b, 0xf8,

    /* U+91C7 "采" */
    0xf, 0xfe, 0x4a, 0xd5, 0x7a, 0x9, 0xff, 0x1f,
    0xa0, 0x9f, 0xa8, 0x4a, 0x18, 0x33, 0x84, 0xa0,
    0xac, 0x32, 0xc0, 0x70, 0x4a, 0xe, 0x82, 0xf0,
    0x18, 0x3e, 0x41, 0xe0, 0x61, 0xdf, 0xe5, 0x7f,
    0x81, 0xfc, 0x1b, 0xf8, 0x3d, 0x2e, 0x83, 0xfb,
    0x20, 0x46, 0x1e, 0x7a, 0x6, 0xa6, 0x85, 0xda,
    0x1e, 0x7b, 0x7, 0x83, 0xfd, 0xe0,

    /* U+91CD "重" */
    0xf, 0xf2, 0xa0, 0xeb, 0xfd, 0x66, 0x1d, 0x7e,
    0x6a, 0x50, 0x6f, 0xf3, 0x7f, 0x81, 0xfe, 0x57,
    0xf8, 0x27, 0xf2, 0xbf, 0x21, 0xcf, 0xcd, 0xf3,
    0x87, 0x35, 0x35, 0x90, 0xf3, 0x53, 0x59, 0xf,
    0x35, 0x35, 0x90, 0xe7, 0xa9, 0x55, 0x70, 0x6a,
    0xe5, 0x57, 0x6, 0xae, 0x55, 0x70, 0x7f, 0xb0,
    0xfd, 0xfe, 0x6f, 0xf0,

    /* U+91CF "量" */
    0xb, 0xaf, 0xd8, 0x7d, 0xff, 0x83, 0xff, 0x99,
    0xff, 0x83, 0x95, 0x7f, 0xe9, 0x40, 0xff, 0xfe,
    0x10, 0x2c, 0x3f, 0xdc, 0x1d, 0x51, 0xd5, 0xe0,
    0xe6, 0xa6, 0xb8, 0x3c, 0xfc, 0xaf, 0x90, 0xe7,
    0xf, 0xdc, 0x1a, 0xb9, 0x55, 0xb0, 0xd7, 0xe6,
    0xfe, 0xb, 0xfc, 0xdf, 0xe0,

    /* U+9215 "鈕" */
    0x9, 0x41, 0xff, 0xc2, 0xb0, 0x5f, 0xe0, 0xd4,
    0x32, 0xe7, 0xc1, 0x96, 0x98, 0x3f, 0x9a, 0x2,
    0xc1, 0xe0, 0xe5, 0x5f, 0x21, 0xfe, 0xb6, 0xc2,
    0x43, 0xef, 0x36, 0xd9, 0x78, 0x37, 0x9b, 0x6c,
    0xf4, 0x85, 0x5, 0x7, 0xfd, 0xa0, 0x40, 0xa0,
    0xfd, 0x81, 0xf, 0x78, 0x26, 0x31, 0x3c, 0x1f,
    0x5a, 0x7c, 0xde, 0x6d, 0x3e, 0x9b, 0xff, 0x20,

    /* U+9304 "錄" */
    0xf, 0xfe, 0x3c, 0x84, 0xc1, 0xf9, 0x52, 0xd,
    0xfa, 0x9, 0xbd, 0x23, 0xf5, 0x85, 0x40, 0x61,
    0x2d, 0x21, 0x37, 0xcb, 0x7c, 0x1d, 0x6f, 0x81,
    0xf0, 0x14, 0xf, 0x3e, 0x42, 0xb8, 0x37, 0x9b,
    0x71, 0x37, 0xa, 0x3, 0x14, 0x3, 0x68, 0x34,
    0x8, 0x34, 0x84, 0x36, 0x28, 0x16, 0x22, 0x13,
    0x19, 0x7a, 0x5, 0x40, 0xb4, 0xed, 0xd, 0x85,
    0xf4, 0x82, 0xd0, 0xa0,

    /* U+932F "錯" */
    0xf, 0xfe, 0x3c, 0x86, 0x81, 0x87, 0x2a, 0x42,
    0x43, 0xf5, 0xe9, 0xb3, 0xc7, 0x3, 0x81, 0x96,
    0xf8, 0xe0, 0x5f, 0x48, 0x10, 0xf9, 0x9a, 0x1e,
    0x3c, 0x78, 0x14, 0x79, 0xff, 0xc0, 0xa3, 0xc9,
    0xfe, 0xa, 0xa, 0xb, 0xf0, 0x6d, 0x2, 0x1f,
    0xfc, 0x34, 0x2f, 0xc1, 0x90, 0xb0, 0xbf, 0x7,
    0x9a, 0x21, 0xfe, 0x8b, 0xc8, 0x2b, 0x4,

    /* U+9375 "鍵" */
    0xf, 0xfe, 0x3e, 0x9e, 0x81, 0x7, 0xaa, 0x38,
    0xb7, 0xc8, 0x11, 0xb2, 0xed, 0xe0, 0xad, 0x20,
    0x3e, 0x7a, 0x25, 0xdb, 0x43, 0xcf, 0x44, 0x62,
    0x1a, 0xb7, 0x82, 0xa1, 0x3e, 0x2d, 0xf2, 0xa,
    0x12, 0x81, 0x6f, 0xa0, 0x40, 0x54, 0xf6, 0x7a,
    0x6, 0x84, 0xc8, 0x7f, 0xdb, 0x2, 0x85, 0x40,
    0x41, 0x88, 0xd1, 0xa8, 0x3a, 0xee, 0x88, 0x7a,
    0x3c, 0x47, 0xcf, 0xc9, 0x20, 0xd0, 0x37, 0xe4,

    /* U+9418 "鐘" */
    0x9, 0xf, 0x21, 0xfa, 0x43, 0xa4, 0x3d, 0x32,
    0x7c, 0x5f, 0x2, 0x2e, 0x76, 0xf3, 0x62, 0x85,
    0x42, 0x6b, 0x8, 0xfa, 0xb, 0x7, 0x9f, 0x4,
    0x8b, 0x7, 0xd8, 0x28, 0x70, 0x38, 0xef, 0x3,
    0xc5, 0x82, 0x8d, 0x41, 0x68, 0xe0, 0xe6, 0xa0,
    0xff, 0x79, 0xb8, 0x2d, 0x1c, 0xbc, 0xde, 0x80,
    0xa0, 0xd7, 0x9b, 0xd0, 0x18, 0xb2, 0xf3, 0x7a,
    0x7, 0xea, 0x7c, 0xdf, 0x20,

    /* U+949F "钟" */
    0xf, 0xfe, 0x2b, 0x7, 0x9c, 0x3a, 0x68, 0x87,
    0xf4, 0xf4, 0x43, 0xf9, 0x83, 0x7d, 0x1f, 0x17,
    0xe4, 0xb8, 0xf0, 0x1d, 0xb4, 0x3f, 0xf9, 0x8b,
    0x6a, 0xf, 0xef, 0x3, 0x5, 0xc7, 0x81, 0x47,
    0x92, 0xe3, 0xc1, 0xfb, 0x43, 0xb0, 0xe6, 0xf,
    0xf9, 0xb8, 0x3f, 0xe7, 0x83, 0xf8,

    /* U+94AE "钮" */
    0x2, 0x83, 0xff, 0x85, 0x86, 0xff, 0xc1, 0x35,
    0x3f, 0x1e, 0x82, 0x9b, 0xc8, 0x7c, 0x8a, 0x96,
    0x9, 0xf, 0x37, 0xe0, 0xc8, 0x79, 0xdb, 0xf,
    0xb0, 0xfe, 0xf4, 0xf9, 0xc3, 0xf7, 0x8b, 0xc8,
    0x54, 0x68, 0x87, 0xfa, 0x8d, 0x10, 0x90, 0x28,
    0x3f, 0xf9, 0x4a, 0xf, 0xfe, 0x3, 0x68, 0xa0,
    0xfc, 0x94, 0xf4, 0xfc, 0x70, 0x1d, 0x3f, 0xfa,

    /* U+952E "键" */
    0xf, 0xfe, 0x34, 0x8f, 0xa0, 0x41, 0xe6, 0xcd,
    0x2d, 0xf4, 0x9, 0xa2, 0x3d, 0xbe, 0x9, 0x94,
    0x13, 0xe7, 0xca, 0x1a, 0x9a, 0x1e, 0x7c, 0xa2,
    0xd8, 0x6a, 0xdf, 0x6, 0x50, 0xf1, 0x6f, 0xa0,
    0x2e, 0xc, 0xb4, 0xa0, 0x71, 0xb1, 0x87, 0xeb,
    0x65, 0x4b, 0xb5, 0x7, 0xd0, 0x28, 0xf4, 0xf,
    0x20, 0x68, 0xd4, 0x12, 0xa2, 0xe8, 0x87, 0xdd,
    0x63, 0xe7, 0xe4, 0x12, 0x68, 0x1b, 0xf2,

    /* U+957F "长" */
    0xd, 0x87, 0xd0, 0x7f, 0xf0, 0xb0, 0xff, 0xe0,
    0xbd, 0x3, 0xfc, 0xf6, 0x87, 0xf9, 0xa6, 0x1f,
    0xf2, 0xb4, 0x3f, 0x7c, 0x5f, 0xfc, 0xf, 0x8f,
    0x8f, 0xf0, 0x7f, 0x50, 0x3f, 0xf8, 0x4b, 0x7,
    0xff, 0xb, 0x90, 0xff, 0xe0, 0x27, 0x40, 0xfd,
    0x7c, 0xd, 0xe0, 0xc8, 0x2e, 0xb, 0xc1, 0xcf,
    0x21, 0xf4, 0x0,

    /* U+9583 "閃" */
    0x7f, 0x81, 0xfe, 0x7, 0xc1, 0xbf, 0x7, 0xff,
    0x5, 0xa, 0xa0, 0xd5, 0x61, 0x54, 0x1a, 0xb0,
    0x5f, 0x6, 0xfc, 0x17, 0xe9, 0xfe, 0xf, 0x90,
    0xff, 0xe1, 0x41, 0xff, 0x74, 0xd0, 0xfd, 0x2d,
    0xc8, 0x73, 0x90, 0x5c, 0x1c, 0xf0, 0x76, 0x21,
    0xff, 0x7a, 0x56, 0x1f, 0xbe, 0x80,

    /* U+9589 "閉" */
    0x7f, 0x93, 0xfc, 0xf, 0x90, 0xbf, 0x5, 0x52,
    0x15, 0x60, 0xaa, 0x42, 0xab, 0xf, 0xfe, 0xa,
    0x17, 0xc8, 0x5f, 0x82, 0xfc, 0x97, 0xe0, 0xfc,
    0xe1, 0xfa, 0xb9, 0xa0, 0x7a, 0xac, 0x68, 0x1f,
    0xae, 0xf, 0xf6, 0x41, 0xfe, 0xe8, 0x1e, 0x43,
    0x69, 0xd9, 0xe9, 0x58, 0x6f, 0x27, 0xd0,

    /* U+958B "開" */
    0xff, 0x17, 0xf0, 0x2f, 0x82, 0xbe, 0xa, 0xb0,
    0x55, 0x82, 0xac, 0x13, 0x50, 0x7f, 0xb0, 0xf5,
    0xf0, 0x3b, 0xe0, 0xaf, 0xc3, 0xf8, 0x3b, 0xfe,
    0x83, 0xdd, 0x3c, 0x70, 0x73, 0xd3, 0xc7, 0x83,
    0x9d, 0xbc, 0x78, 0x3e, 0x50, 0x7f, 0xca, 0xf,
    0xfe, 0x7, 0x7, 0x78, 0x1a, 0x41, 0xb3, 0xe0,

    /* U+9593 "間" */
    0x7f, 0x93, 0xfc, 0xf, 0x90, 0xbf, 0x5, 0x52,
    0x15, 0x60, 0xaa, 0x42, 0xab, 0xf, 0xfe, 0xa,
    0x17, 0xc8, 0x5f, 0x82, 0xfc, 0x9f, 0xc1, 0xdf,
    0xe0, 0xfe, 0xfc, 0x1f, 0xef, 0xc1, 0xfe, 0xfc,
    0x1f, 0xfc, 0xcf, 0xc1, 0x21, 0xcf, 0xf5, 0xca,
    0xc1, 0x7, 0x5e, 0x80,

    /* U+95DC "關" */
    0xff, 0x17, 0xf0, 0x3f, 0x5, 0x7c, 0x17, 0x50,
    0x55, 0x82, 0xea, 0xa, 0xb0, 0x5f, 0x82, 0xbe,
    0xb, 0xe7, 0x23, 0xe0, 0xea, 0x8a, 0x28, 0x39,
    0x3c, 0xb, 0x43, 0x95, 0x40, 0x3c, 0x1c, 0xc4,
    0x99, 0x87, 0x3b, 0xae, 0xc3, 0xcc, 0x82, 0x81,
    0xf7, 0x82, 0xa6, 0x1e, 0x7c, 0x19, 0xc0,

    /* U+95EA "闪" */
    0x10, 0xff, 0xe0, 0xc9, 0x7f, 0xe0, 0x73, 0x7f,
    0xc1, 0xac, 0x3f, 0xd8, 0xc0, 0x90, 0xff, 0xe0,
    0x28, 0x3f, 0xe4, 0x3f, 0xf8, 0x39, 0x7, 0xf9,
    0x5b, 0x7, 0xf5, 0xd, 0x83, 0xed, 0x40, 0xd4,
    0x1d, 0x50, 0x68, 0x3d, 0x21, 0xca, 0xf, 0xfe,
    0x75, 0xe4,

    /* U+95ED "闭" */
    0x10, 0xff, 0xe1, 0x63, 0xff, 0xa1, 0x77, 0xfd,
    0x5, 0x21, 0xa0, 0xe7, 0xf, 0x28, 0x3f, 0xf9,
    0x3f, 0xc5, 0xc1, 0xdf, 0x81, 0x70, 0x7e, 0x90,
    0xff, 0xa2, 0xf, 0xf6, 0x41, 0xfc, 0xf4, 0xf,
    0xf3, 0xa1, 0xff, 0xc3, 0xf2, 0x83, 0xfd, 0xe8,
    0x1d, 0xb8, 0x7f, 0x79,

    /* U+95F4 "间" */
    0x10, 0xff, 0xe1, 0x60, 0xff, 0xe1, 0x63, 0xff,
    0x5, 0x21, 0xfe, 0x70, 0xff, 0xe2, 0x7f, 0x83,
    0xfb, 0xf0, 0x7f, 0xf3, 0x3f, 0x7, 0xfb, 0xf0,
    0x7f, 0xf3, 0x2b, 0x7, 0xf7, 0x5b, 0xf, 0xfe,
    0x8f, 0x90,

    /* U+961F "队" */
    0xf, 0xfe, 0x27, 0xf0, 0x5a, 0x1e, 0xf2, 0x83,
    0xff, 0x82, 0xc1, 0x90, 0xf9, 0x41, 0xff, 0xc1,
    0xf0, 0x7f, 0xf0, 0x68, 0x1c, 0x87, 0xe5, 0x6,
    0xc3, 0xf7, 0x80, 0x88, 0x7f, 0x20, 0xe0, 0xfd,
    0x50, 0x15, 0x40, 0xf5, 0xa2, 0x85, 0x7, 0xfa,
    0x80, 0xb0, 0xf9, 0xe0, 0x95, 0x87, 0xa8, 0x86,
    0x94, 0x61, 0x68, 0x7a, 0x40,

    /* U+964D "降" */
    0xf, 0xd0, 0x7b, 0xf4, 0x8, 0x3f, 0x79, 0xc5,
    0xbe, 0x83, 0x96, 0x8f, 0x44, 0x1a, 0x4f, 0xd4,
    0xc3, 0x98, 0x82, 0x50, 0x7a, 0x83, 0xeb, 0xf4,
    0x12, 0xdd, 0xbb, 0xd8, 0x6b, 0x90, 0x91, 0x41,
    0xe6, 0xa3, 0xa2, 0x13, 0x89, 0x42, 0xa4, 0xe,
    0x48, 0x7f, 0x9a, 0x1b, 0xe3, 0xf0, 0x7a, 0xf8,
    0xfc, 0x1f, 0xfc, 0x40,

    /* U+9650 "限" */
    0xf, 0xfe, 0x1b, 0xf8, 0xbf, 0xc1, 0x3e, 0x3,
    0xfc, 0x1e, 0x90, 0xff, 0xe0, 0xb0, 0x3f, 0x83,
    0x90, 0xdf, 0xc1, 0xcb, 0x7, 0xff, 0x6, 0x80,
    0xfe, 0xf, 0xf5, 0x9f, 0x7, 0xf2, 0x28, 0xa0,
    0x4e, 0x1d, 0xde, 0x82, 0x7c, 0x19, 0x24, 0x3f,
    0xf8, 0x1c, 0x87, 0xf5, 0xe2, 0xa0, 0xfe, 0xf0,
    0xe0, 0x60, 0xdc, 0x1d, 0x0,

    /* U+9664 "除" */
    0xf, 0xe8, 0x3b, 0xf0, 0x69, 0xf, 0x78, 0x32,
    0x58, 0x79, 0x40, 0x68, 0xda, 0x1b, 0x8b, 0xc0,
    0x6a, 0x9, 0x1c, 0xad, 0xd8, 0x52, 0xd4, 0xda,
    0x28, 0x26, 0xc, 0x87, 0xf9, 0xac, 0x56, 0xf,
    0x7e, 0x3f, 0x1, 0xc5, 0x6a, 0x1d, 0x40, 0x7c,
    0x21, 0xde, 0xf, 0xa8, 0x19, 0x60, 0xea, 0x7,
    0xac, 0x3a, 0x57, 0x90, 0xa3, 0xe, 0x7d, 0x7,
    0x0,

    /* U+9690 "隐" */
    0xf, 0x90, 0xfb, 0xf4, 0x8, 0x3f, 0x79, 0xcc,
    0xfa, 0xf, 0x2a, 0x7e, 0x60, 0xe9, 0xa, 0x9b,
    0x40, 0xcc, 0x56, 0xf4, 0x86, 0x60, 0xff, 0xe0,
    0xc8, 0x3f, 0xc1, 0xea, 0x1f, 0xe0, 0xfc, 0xd7,
    0x83, 0x9c, 0x60, 0x55, 0x84, 0xe4, 0xd0, 0x86,
    0x9, 0xa1, 0x25, 0xae, 0xe, 0xa0, 0x4a, 0xe8,
    0x1d, 0xb7, 0xe5, 0x46, 0x12, 0x3f, 0xa1, 0x0,

    /* U+96A0 "隠" */
    0xf, 0xe5, 0x50, 0x1f, 0xaf, 0x53, 0x3c, 0x17,
    0x9e, 0xa3, 0x54, 0x1c, 0xb4, 0x78, 0x90, 0xca,
    0x2, 0x38, 0xc1, 0xac, 0x9f, 0x59, 0x86, 0xa1,
    0x7f, 0x83, 0x97, 0x7f, 0x83, 0xde, 0x7f, 0xc1,
    0xfa, 0xbe, 0xe, 0x72, 0xf3, 0xf4, 0x1b, 0x21,
    0xe8, 0x1f, 0x50, 0xc5, 0x6a, 0x83, 0xd4, 0xe,
    0xa6, 0x1d, 0xa0, 0xfc, 0xc6, 0x12, 0xf, 0xc8,
    0x80,

    /* U+96B1 "隱" */
    0xf, 0xf2, 0xa3, 0xf3, 0x75, 0x3, 0x7, 0x87,
    0x63, 0x4c, 0x32, 0x20, 0xc1, 0x40, 0xac, 0x9e,
    0x99, 0x86, 0x4e, 0x8a, 0xa8, 0x32, 0x1b, 0xc1,
    0x20, 0xa0, 0x3f, 0xe4, 0x39, 0xaf, 0x21, 0xe5,
    0xf8, 0x36, 0x17, 0xf8, 0x37, 0x86, 0x8d, 0x58,
    0x7b, 0x9f, 0xc, 0x1d, 0x40, 0xb0, 0x90, 0xe7,
    0xbe, 0x23, 0xa, 0x1f, 0xc8, 0x80,

    /* U+96FB "電" */
    0x3f, 0xfe, 0x82, 0xfe, 0x3f, 0xa0, 0x5f, 0xc7,
    0xf9, 0x1f, 0xe3, 0xfa, 0xc2, 0xa9, 0x5, 0x48,
    0x51, 0xf2, 0xf, 0x86, 0x11, 0x62, 0x17, 0x6,
    0x7f, 0x5f, 0xc1, 0xbb, 0xe3, 0xf0, 0x86, 0xbe,
    0x3f, 0x7, 0xaf, 0x8f, 0xc1, 0xeb, 0xe3, 0xf0,
    0x10, 0x77, 0xc7, 0xf3, 0x1, 0x41, 0x3f, 0xe4,

    /* U+9700 "需" */
    0x2f, 0xff, 0x40, 0xbf, 0x37, 0xe8, 0xbf, 0x9b,
    0xfa, 0x2f, 0xcd, 0xfa, 0xa, 0xa4, 0xd, 0x40,
    0x9f, 0x83, 0x7c, 0xc0, 0x5d, 0x8b, 0x81, 0xfe,
    0xa7, 0xff, 0xf0, 0xf, 0xf8, 0xbf, 0x1f, 0xe0,
    0xaf, 0x1e, 0x6f, 0x7, 0xff, 0x71, 0xc2, 0x90,
    0x60, 0x95, 0xe0,

    /* U+975E "非" */
    0xf, 0xfe, 0x46, 0xd, 0xf, 0xfe, 0x45, 0xf8,
    0x35, 0xf8, 0xbf, 0x6, 0xbf, 0x7, 0xff, 0x21,
    0xf, 0xf3, 0xf4, 0x1a, 0xfa, 0x1f, 0xc1, 0xaf,
    0xa0, 0xff, 0xe2, 0x7f, 0x6, 0xbf, 0x1f, 0xa0,
    0xd7, 0xe0, 0xe4, 0x3f, 0xfb, 0x80,

    /* U+9762 "面" */
    0xf, 0xfe, 0x2f, 0xff, 0xf0, 0x81, 0xfe, 0x2f,
    0xf0, 0x7f, 0x21, 0xf9, 0xfe, 0x3f, 0xc8, 0x4f,
    0x8f, 0xa7, 0xc1, 0xff, 0xcd, 0xfa, 0xf, 0xfe,
    0x7, 0xd0, 0x7f, 0xf0, 0x2b, 0x7, 0xff, 0x3,
    0xa8, 0x3f, 0xf8, 0x8, 0x7f, 0xcf, 0x8f, 0xa7,
    0xc1, 0xef, 0xff, 0x4,

    /* U+97CC "韌" */
    0xf, 0xfe, 0x3e, 0x1f, 0xfc, 0x14, 0x33, 0xfe,
    0x1e, 0x3c, 0xaf, 0x1e, 0x3, 0xb7, 0x7, 0xf7,
    0x9b, 0xa8, 0x3e, 0xff, 0xa8, 0x1f, 0x7f, 0x42,
    0x1f, 0xbe, 0x83, 0x21, 0xef, 0xa2, 0x88, 0x7b,
    0xe3, 0xb7, 0xc0, 0x4f, 0xc7, 0x91, 0x42, 0x9,
    0xf1, 0xe1, 0x41, 0xe7, 0xc7, 0x9b, 0xe, 0x7e,
    0x3e, 0x50, 0x2c, 0x3f, 0xa2, 0xd4,

    /* U+97D3 "韓" */
    0xf, 0xfe, 0x3c, 0x86, 0x60, 0xe7, 0xcd, 0xe2,
    0x8d, 0x30, 0x3e, 0x6f, 0x13, 0x50, 0x7f, 0xad,
    0xbc, 0x60, 0xf3, 0x74, 0xff, 0x82, 0xfa, 0x7,
    0xaa, 0xd0, 0xbe, 0x82, 0xea, 0x43, 0x7d, 0x5,
    0x59, 0xd, 0xf4, 0xe, 0x8d, 0xa0, 0xf3, 0x73,
    0xf1, 0xf0, 0xd1, 0xe8, 0xaf, 0x1f, 0xf, 0x81,
    0xe1, 0xf, 0xcb, 0x6a, 0x7, 0x8f, 0x83, 0xfb,
    0xe3, 0xe0,

    /* U+97E9 "韩" */
    0xf, 0xfe, 0x3c, 0x87, 0x61, 0xe5, 0xb5, 0x6,
    0x43, 0xfe, 0xbc, 0x5f, 0x1, 0x6d, 0x57, 0x8f,
    0xc0, 0xf3, 0x70, 0x64, 0x3d, 0xf4, 0x3e, 0x2f,
    0x21, 0x7d, 0xf, 0x8f, 0x90, 0xbe, 0x80, 0xa1,
    0x70, 0x1f, 0xa2, 0xf1, 0x7a, 0x5, 0xb7, 0x58,
    0xe8, 0x6, 0x8d, 0x41, 0xfc, 0xf8, 0x7c, 0x1e,
    0x42, 0x5b, 0x50, 0x75, 0x41, 0xff, 0xc1, 0xb4,
    0x34, 0x87, 0x61, 0xc0,

    /* U+97F3 "音" */
    0xf, 0x90, 0xff, 0xe1, 0xf0, 0x7f, 0x7f, 0x2b,
    0xf9, 0xb, 0xcf, 0xf8, 0xf2, 0x1d, 0xc1, 0xa4,
    0x3f, 0x28, 0x33, 0x7, 0x7e, 0x3f, 0x1f, 0x81,
    0xff, 0xfc, 0x20, 0xdf, 0xfe, 0xf, 0xbf, 0xf0,
    0x7f, 0xf3, 0x3f, 0xf0, 0x7e, 0xff, 0xc1, 0xff,
    0xcc, 0xff, 0xc1, 0x80,

    /* U+9805 "項" */
    0xf, 0x5f, 0xfa, 0x3f, 0xaf, 0x8b, 0xe8, 0xa1,
    0x40, 0xe4, 0x39, 0x42, 0x8f, 0x8f, 0xc1, 0xfd,
    0xfe, 0xf, 0xf7, 0x5b, 0xf, 0xf5, 0x76, 0x1f,
    0xe4, 0x3f, 0xf8, 0xa, 0x3f, 0xc1, 0xa3, 0xc9,
    0xfe, 0xb, 0xf4, 0xf, 0xf0, 0x5a, 0x1b, 0xa7,
    0xaf, 0x7, 0xcd, 0x10, 0xb4, 0x3d, 0x7c, 0x13,
    0xe4, 0x3a, 0x88, 0x7a, 0x40,

    /* U+9806 "順" */
    0x20, 0xdd, 0xfe, 0x83, 0x41, 0x5e, 0x57, 0xa0,
    0xc8, 0x65, 0x85, 0x7, 0xfa, 0x2c, 0x90, 0xff,
    0x2f, 0x7, 0xfd, 0xf9, 0xf, 0xfb, 0xf0, 0x64,
    0x3f, 0xf9, 0x75, 0x83, 0xff, 0x81, 0x59, 0xf,
    0xfa, 0xb2, 0x1c, 0x86, 0xf5, 0x3c, 0x8a, 0x20,
    0xcc, 0xe, 0x7, 0x6, 0xbe, 0x5, 0xe2, 0xe,
    0x78, 0x33, 0x80,

    /* U+9810 "預" */
    0xf, 0xfe, 0x2f, 0xf5, 0xff, 0x81, 0xf8, 0xbe,
    0x2f, 0x80, 0xa3, 0x83, 0x90, 0xe7, 0xca, 0x1f,
    0x1f, 0x21, 0x51, 0x9, 0xfc, 0x81, 0xf4, 0x7c,
    0xfe, 0x40, 0xf8, 0xa1, 0xbf, 0x90, 0xf2, 0x21,
    0xff, 0xc2, 0xa0, 0xfe, 0x43, 0xec, 0xf, 0xe4,
    0x3f, 0xcf, 0xe4, 0x3f, 0x9e, 0xf5, 0xa1, 0xf9,
    0xc2, 0xf0, 0x5e, 0xb, 0xe4, 0x14, 0xc1, 0xf0,
    0x38, 0x39, 0xc0,

    /* U+984C "題" */
    0x1f, 0xe3, 0xfe, 0x9, 0xf8, 0x1e, 0x9f, 0x82,
    0x7e, 0x3, 0x42, 0x81, 0x9f, 0x81, 0x9d, 0x10,
    0xcf, 0xc1, 0x35, 0x6, 0x7f, 0x80, 0xd4, 0x19,
    0x7e, 0x30, 0xfb, 0xeb, 0xe2, 0xb0, 0x68, 0x8a,
    0x86, 0xa0, 0xe4, 0x1e, 0xb2, 0xa4, 0x24, 0x2f,
    0x4a, 0xe3, 0xc, 0xc1, 0x3c, 0x97, 0x2, 0x98,
    0x83, 0x42, 0xb0, 0xcf, 0xa9, 0xfe, 0x81, 0x85,
    0x4f, 0xfc, 0x0,

    /* U+985E "類" */
    0xf, 0xfe, 0x2a, 0x8c, 0xdf, 0xf9, 0x18, 0x25,
    0x7c, 0x7c, 0x8d, 0x7, 0x40, 0xa0, 0xef, 0x27,
    0x8b, 0x9f, 0x81, 0x4, 0xe9, 0x7e, 0xa, 0x73,
    0x92, 0xfc, 0x1b, 0xb, 0x4b, 0xf0, 0x50, 0x15,
    0x7, 0xff, 0x1, 0x61, 0x2f, 0xc1, 0x53, 0x20,
    0xaf, 0xc1, 0x50, 0x1c, 0x97, 0xe0, 0xe7, 0xa1,
    0x4f, 0xac, 0xf, 0x18, 0xd0, 0x2a, 0x3, 0xc8,
    0x29, 0xe0, 0xb1, 0x20, 0xed, 0xe, 0x90,

    /* U+986F "顯" */
    0xf, 0xfe, 0x2f, 0xab, 0x6f, 0xf8, 0x2e, 0xb0,
    0xf8, 0xf8, 0x2e, 0xb0, 0x7f, 0xd5, 0xc0, 0xf1,
    0xf0, 0x1e, 0xb0, 0x5f, 0x82, 0x8a, 0x8c, 0x1f,
    0x82, 0xa8, 0xa6, 0xf, 0xc0, 0x56, 0x2b, 0x43,
    0xf3, 0x3b, 0x38, 0x3f, 0x5, 0x13, 0x14, 0x3f,
    0x5, 0x4c, 0xa7, 0x8f, 0xc1, 0x64, 0xe6, 0xf7,
    0xac, 0x8, 0x89, 0x36, 0xa, 0xc, 0x26, 0x37,
    0x3, 0x45, 0x10, 0x6d, 0xd, 0x80,

    /* U+9879 "项" */
    0xf, 0x7f, 0xf0, 0x3f, 0x5f, 0x8f, 0xc0, 0xa1,
    0x61, 0x28, 0x3c, 0xa1, 0x47, 0xa7, 0xe0, 0xff,
    0x7f, 0x7, 0xff, 0x7, 0xf, 0xfe, 0xf2, 0x1f,
    0xfc, 0x4, 0xf0, 0x7f, 0x9f, 0x5c, 0x42, 0x81,
    0x1, 0xe4, 0x24, 0xac, 0x87, 0xf5, 0xc4, 0x61,
    0xf3, 0x9a, 0xa, 0x61, 0xe7, 0x83, 0x9c,

    /* U+987A "顺" */
    0x20, 0xdb, 0xff, 0x4, 0x84, 0xfa, 0x3e, 0xb,
    0xf, 0x68, 0x7f, 0xde, 0x57, 0x83, 0xfd, 0xf8,
    0x3f, 0xf8, 0x38, 0x7f, 0xf5, 0x90, 0xff, 0xec,
    0x22, 0x88, 0x3f, 0xa2, 0x34, 0x51, 0x7, 0x4d,
    0x33, 0xc1, 0xcf, 0xa1, 0x54, 0x43, 0x6e, 0x85,
    0x40,

    /* U+9884 "预" */
    0xf, 0xfe, 0x23, 0xfc, 0xdf, 0xf0, 0xfe, 0x1b,
    0xd3, 0xf0, 0x77, 0x6, 0xf0, 0x73, 0xe9, 0x7,
    0x9b, 0xc8, 0x1d, 0xc3, 0x7e, 0x40, 0xd0, 0x79,
    0x3, 0x6, 0x68, 0xd1, 0x41, 0xff, 0xc0, 0x48,
    0x3f, 0xf8, 0x52, 0x1f, 0xfc, 0x2c, 0x37, 0x83,
    0xff, 0x81, 0xa, 0x34, 0x3f, 0x9d, 0x5a, 0x1f,
    0xce, 0xcd, 0xa0, 0xf0, 0x4f, 0x40, 0x36, 0x0,

    /* U+9891 "频" */
    0xd, 0x20, 0xbf, 0xc8, 0x20, 0xeb, 0xcd, 0xe4,
    0x8, 0x28, 0x84, 0xa0, 0xfd, 0x44, 0xa1, 0x44,
    0x8, 0x10, 0x95, 0xde, 0x86, 0x32, 0xf0, 0xad,
    0x40, 0x7e, 0x3e, 0x9, 0xf, 0x61, 0x30, 0x7f,
    0x28, 0x2f, 0x7, 0xf5, 0x2, 0x50, 0x7f, 0x40,
    0x78, 0x43, 0x90, 0x21, 0x28, 0x14, 0x72, 0xd,
    0x90, 0x53, 0x4d, 0x7, 0xa8, 0x7, 0x31, 0xe4,
    0xf2, 0x13, 0xc1, 0xb4,

    /* U+9898 "题" */
    0x7, 0xf1, 0xff, 0x4, 0xfc, 0xf, 0x8f, 0x82,
    0x7e, 0x9, 0x96, 0xc, 0xfc, 0x6, 0xf1, 0x6,
    0x7e, 0x9, 0x5a, 0x83, 0x7f, 0x6, 0x43, 0xab,
    0xe0, 0xfe, 0xa9, 0xa8, 0x3f, 0xd8, 0x7c, 0xa0,
    0xfe, 0xf4, 0xfc, 0xe1, 0xf7, 0xa0, 0x9f, 0x4,
    0x98, 0x6a, 0x88, 0x81, 0x50, 0x8f, 0x82, 0xb0,
    0x95, 0x95, 0x7f, 0x40, 0xc2, 0x6f, 0xfc, 0x0,

    /* U+989C "颜" */
    0xf, 0xfe, 0x44, 0x1f, 0xfc, 0x34, 0x2b, 0xfc,
    0x9f, 0x1f, 0x5e, 0x3e, 0x4d, 0xf9, 0xc2, 0x43,
    0xdc, 0x20, 0x7c, 0xfc, 0x6, 0x79, 0x8b, 0xbc,
    0x16, 0xfc, 0xc1, 0x41, 0xec, 0x7c, 0x1f, 0xf7,
    0xe4, 0x3f, 0xef, 0x4e, 0x1f, 0xfc, 0x7, 0xe0,
    0xff, 0xba, 0xe0, 0x28, 0x8, 0x1b, 0x66, 0x55,
    0xc4, 0x1a, 0xcc, 0x12, 0xad, 0x15, 0x7a, 0x2f,
    0x40, 0xe5, 0x51, 0xa, 0xd0, 0xda,

    /* U+9918 "餘" */
    0xf, 0xf9, 0xf, 0xb8, 0x3a, 0x81, 0xe9, 0x20,
    0xa1, 0x83, 0x4f, 0x11, 0x94, 0x30, 0xd9, 0x57,
    0x40, 0x53, 0x4b, 0x9c, 0xff, 0x5a, 0x17, 0x82,
    0xb9, 0xf0, 0x77, 0x83, 0xff, 0x85, 0xe0, 0x7d,
    0x3f, 0x7, 0xee, 0x8a, 0xa8, 0x35, 0x10, 0x6e,
    0x22, 0x1a, 0xf0, 0x87, 0x68, 0x7a, 0x28, 0x1a,
    0x80, 0x8c, 0x54, 0x1e, 0x81, 0xdb, 0x28, 0xec,
    0x8,

    /* U+9996 "首" */
    0xf, 0xfe, 0x46, 0x87, 0x61, 0xfa, 0x81, 0xb8,
    0x3b, 0xe8, 0xfc, 0x5f, 0x3, 0xfc, 0x5f, 0xe0,
    0xdf, 0x8b, 0xf0, 0x7d, 0xff, 0x84, 0x3f, 0xf9,
    0x5f, 0xf8, 0x3f, 0x7f, 0xe0, 0xff, 0xe6, 0x7f,
    0xe0, 0xfd, 0xff, 0x83, 0xf7, 0xfe, 0xf, 0xdf,
    0xf8, 0x30,

    /* U+9A57 "驗" */
    0xf, 0xf4, 0x1e, 0xfe, 0x80, 0xa8, 0x3d, 0xe7,
    0x86, 0xc8, 0x39, 0x70, 0xd9, 0x18, 0x6f, 0x1d,
    0xf, 0x95, 0x85, 0x46, 0x9f, 0xeb, 0xb, 0xce,
    0x5e, 0x2f, 0x6, 0xf3, 0x83, 0x47, 0x50, 0x54,
    0x58, 0x3f, 0xd7, 0xaf, 0x1a, 0xd, 0xf, 0x71,
    0x4c, 0xed, 0x7, 0xe8, 0x10, 0x50, 0x4e, 0x66,
    0x24, 0x21, 0xb7, 0x50, 0x2c, 0xab, 0x48, 0x4e,
    0x22, 0x27, 0xf, 0x7a, 0x41, 0x20, 0x40,

    /* U+9A8C "验" */
    0xf, 0xfe, 0x2f, 0xf0, 0x69, 0xe, 0xfc, 0x19,
    0xe0, 0xf2, 0x1e, 0xda, 0x6, 0x70, 0xea, 0x9,
    0x7, 0xf5, 0x85, 0x10, 0x58, 0xb6, 0x57, 0x5,
    0x86, 0x5a, 0xb1, 0x5, 0x73, 0xa8, 0x80, 0xc0,
    0xbf, 0x2b, 0x34, 0xa0, 0x72, 0x80, 0x83, 0xe,
    0xb8, 0x32, 0x3d, 0x2, 0xb9, 0xf1, 0x1, 0x60,
    0xf9, 0x55, 0xb2, 0x81, 0x3e, 0x4a, 0xde, 0xa0,
    0x4f, 0xa0, 0xff, 0x0,

    /* U+9AD4 "體" */
    0x3f, 0x6, 0x8c, 0x3b, 0xc9, 0x79, 0xcf, 0x5,
    0x21, 0x5b, 0xb8, 0x6b, 0xa, 0xdd, 0x80, 0x8a,
    0x12, 0xdd, 0x81, 0x42, 0xe2, 0xdd, 0xc3, 0xe7,
    0xff, 0x1c, 0xa, 0xb, 0xf0, 0x5e, 0x3, 0x7e,
    0x83, 0x51, 0xa, 0xb8, 0x35, 0x10, 0xba, 0x70,
    0x6a, 0x20, 0xda, 0x94, 0x1f, 0xe4, 0xf0, 0x74,
    0x9e, 0x6d, 0xb4,

    /* U+9AD8 "高" */
    0xf, 0x90, 0xff, 0xe1, 0x68, 0x7d, 0x5e, 0x6b,
    0xe2, 0xbd, 0xea, 0xf0, 0x4f, 0xfe, 0x83, 0xbb,
    0xfd, 0x7, 0xd5, 0xf8, 0x3d, 0x75, 0xee, 0x9,
    0xff, 0xfe, 0x2, 0x7, 0xff, 0xc8, 0x73, 0xfe,
    0xf, 0xe7, 0xf2, 0x1f, 0xfc, 0xc6, 0xb0, 0x7f,
    0x3d, 0x73, 0xa8,

    /* U+9ED8 "默" */
    0x1f, 0xf0, 0x5a, 0x1c, 0xef, 0x7, 0x38, 0x72,
    0xc, 0x3d, 0x40, 0xbc, 0x50, 0x3c, 0xc1, 0xa3,
    0x5, 0x47, 0x44, 0x16, 0xdb, 0x78, 0xbc, 0x8f,
    0x8f, 0x42, 0x80, 0xa0, 0x3e, 0x3e, 0xd, 0x86,
    0x7c, 0x7c, 0x5, 0x83, 0x5e, 0x3e, 0x5, 0x10,
    0xd4, 0xfe, 0xd, 0xc1, 0x24, 0x44, 0x50, 0x58,
    0x12, 0x1c, 0xb0, 0x28, 0x8, 0xcc, 0xa6, 0x13,
    0x41, 0x11, 0x6, 0x1c, 0xc0,

    /* U+9EDE "點" */
    0x3f, 0xc8, 0x58, 0x7a, 0xdd, 0xf, 0xfb, 0x48,
    0x3f, 0xf8, 0x18, 0x58, 0x77, 0xc8, 0x14, 0x41,
    0xef, 0x91, 0xf3, 0xc1, 0xfe, 0xb8, 0xf2, 0x1f,
    0xd4, 0xca, 0x2b, 0xc7, 0xc0, 0xa8, 0xa3, 0xbf,
    0x82, 0xf8, 0xf4, 0x61, 0xf7, 0xf5, 0x3, 0xfa,
    0x66, 0x20, 0xfe, 0x5f, 0x2, 0xb6, 0x5, 0x11,
    0x90, 0xd6, 0x3, 0x8, 0x6a, 0x4, 0xe0
};


/*---------------------
 *  GLYPH DESCRIPTION
 *--------------------*/

static const lv_font_fmt_txt_glyph_dsc_t glyph_dsc[] = {
    {.bitmap_index = 0, .adv_w = 0, .box_w = 0, .box_h = 0, .ofs_x = 0, .ofs_y = 0} /* id = 0 reserved */,
    {.bitmap_index = 0, .adv_w = 256, .box_w = 16, .box_h = 2, .ofs_x = 0, .ofs_y = 5},
    {.bitmap_index = 7, .adv_w = 256, .box_w = 16, .box_h = 14, .ofs_x = 0, .ofs_y = -1},
    {.bitmap_index = 27, .adv_w = 256, .box_w = 16, .box_h = 14, .ofs_x = 0, .ofs_y = -1},
    {.bitmap_index = 58, .adv_w = 256, .box_w = 16, .box_h = 14, .ofs_x = 0, .ofs_y = -1},
    {.bitmap_index = 98, .adv_w = 256, .box_w = 15, .box_h = 16, .ofs_x = 0, .ofs_y = -2},
    {.bitmap_index = 147, .adv_w = 256, .box_w = 16, .box_h = 15, .ofs_x = 0, .ofs_y = -1},
    {.bitmap_index = 197, .adv_w = 256, .box_w = 16, .box_h = 15, .ofs_x = 0, .ofs_y = -1},
    {.bitmap_index = 233, .adv_w = 256, .box_w = 14, .box_h = 14, .ofs_x = 1, .ofs_y = -1},
    {.bitmap_index = 262, .adv_w = 256, .box_w = 14, .box_h = 15, .ofs_x = 1, .ofs_y = -2},
    {.bitmap_index = 308, .adv_w = 256, .box_w = 16, .box_h = 16, .ofs_x = 0, .ofs_y = -2},
    {.bitmap_index = 364, .adv_w = 256, .box_w = 16, .box_h = 15, .ofs_x = 0, .ofs_y = -1},
    {.bitmap_index = 414, .adv_w = 256, .box_w = 14, .box_h = 14, .ofs_x = 1, .ofs_y = -1},
    {.bitmap_index = 438, .adv_w = 256, .box_w = 16, .box_h = 14, .ofs_x = 0, .ofs_y = -1},
    {.bitmap_index = 464, .adv_w = 256, .box_w = 16, .box_h = 16, .ofs_x = 0, .ofs_y = -2},
    {.bitmap_index = 521, .adv_w = 256, .box_w = 15, .box_h = 16, .ofs_x = 0, .ofs_y = -2},
    {.bitmap_index = 565, .adv_w = 256, .box_w = 15, .box_h = 16, .ofs_x = 0, .ofs_y = -2},
    {.bitmap_index = 615, .adv_w = 256, .box_w = 16, .box_h = 15, .ofs_x = 0, .ofs_y = -2},
    {.bitmap_index = 659, .adv_w = 256, .box_w = 16, .box_h = 15, .ofs_x = 0, .ofs_y = -1},
    {.bitmap_index = 706, .adv_w = 256, .box_w = 15, .box_h = 16, .ofs_x = 0, .ofs_y = -2},
    {.bitmap_index = 759, .adv_w = 256, .box_w = 16, .box_h = 16, .ofs_x = 0, .ofs_y = -2},
    {.bitmap_index = 810, .adv_w = 256, .box_w = 16, .box_h = 15, .ofs_x = 0, .ofs_y = -1},
    {.bitmap_index = 852, .adv_w = 256, .box_w = 16, .box_h = 16, .ofs_x = 0, .ofs_y = -2},
    {.bitmap_index = 906, .adv_w = 256, .box_w = 15, .box_h = 16, .ofs_x = 1, .ofs_y = -2},
    {.bitmap_index = 958, .adv_w = 256, .box_w = 16, .box_h = 16, .ofs_x = 0, .ofs_y = -2},
    {.bitmap_index = 1015, .adv_w = 256, .box_w = 16, .box_h = 15, .ofs_x = 0, .ofs_y = -1},
    {.bitmap_index = 1054, .adv_w = 256, .box_w = 16, .box_h = 15, .ofs_x = 0, .ofs_y = -1},
    {.bitmap_index = 1097, .adv_w = 256, .box_w = 16, .box_h = 16, .ofs_x = 0, .ofs_y = -2},
    {.bitmap_index = 1155, .adv_w = 256, .box_w = 16, .box_h = 16, .ofs_x = 0, .ofs_y = -2},
    {.bitmap_index = 1209, .adv_w = 256, .box_w = 16, .box_h = 16, .ofs_x = 0, .ofs_y = -2},
    {.bitmap_index = 1249, .adv_w = 256, .box_w = 16, .box_h = 15, .ofs_x = 0, .ofs_y = -1},
    {.bitmap_index = 1298, .adv_w = 256, .box_w = 16, .box_h = 16, .ofs_x = 0, .ofs_y = -2},
    {.bitmap_index = 1351, .adv_w = 256, .box_w = 16, .box_h = 15, .ofs_x = 0, .ofs_y = -1},
    {.bitmap_index = 1400, .adv_w = 256, .box_w = 16, .box_h = 16, .ofs_x = 0, .ofs_y = -2},
    {.bitmap_index = 1457, .adv_w = 256, .box_w = 16, .box_h = 15, .ofs_x = 0, .ofs_y = -1},
    {.bitmap_index = 1497, .adv_w = 256, .box_w = 16, .box_h = 15, .ofs_x = 0, .ofs_y = -1},
    {.bitmap_index = 1550, .adv_w = 256, .box_w = 16, .box_h = 16, .ofs_x = 0, .ofs_y = -2},
    {.bitmap_index = 1609, .adv_w = 256, .box_w = 16, .box_h = 15, .ofs_x = 0, .ofs_y = -1},
    {.bitmap_index = 1661, .adv_w = 256, .box_w = 16, .box_h = 16, .ofs_x = 0, .ofs_y = -2},
    {.bitmap_index = 1707, .adv_w = 256, .box_w = 16, .box_h = 15, .ofs_x = 0, .ofs_y = -1},
    {.bitmap_index = 1763, .adv_w = 256, .box_w = 15, .box_h = 16, .ofs_x = 0, .ofs_y = -2},
    {.bitmap_index = 1811, .adv_w = 256, .box_w = 16, .box_h = 15, .ofs_x = 0, .ofs_y = -1},
    {.bitmap_index = 1857, .adv_w = 256, .box_w = 16, .box_h = 16, .ofs_x = 0, .ofs_y = -2},
    {.bitmap_index = 1904, .adv_w = 256, .box_w = 16, .box_h = 16, .ofs_x = 0, .ofs_y = -2},
    {.bitmap_index = 1957, .adv_w = 256, .box_w = 16, .box_h = 15, .ofs_x = 0, .ofs_y = -1},
    {.bitmap_index = 2011, .adv_w = 256, .box_w = 16, .box_h = 16, .ofs_x = 0, .ofs_y = -2},
    {.bitmap_index = 2069, .adv_w = 256, .box_w = 16, .box_h = 16, .ofs_x = 0, .ofs_y = -2},
    {.bitmap_index = 2125, .adv_w = 256, .box_w = 16, .box_h = 15, .ofs_x = 0, .ofs_y = -1},
    {.bitmap_index = 2183, .adv_w = 256, .box_w = 16, .box_h = 15, .ofs_x = 0, .ofs_y = -1},
    {.bitmap_index = 2238, .adv_w = 256, .box_w = 16, .box_h = 16, .ofs_x = 0, .ofs_y = -2},
    {.bitmap_index = 2289, .adv_w = 256, .box_w = 16, .box_h = 15, .ofs_x = 0, .ofs_y = -2},
    {.bitmap_index = 2331, .adv_w = 256, .box_w = 16, .box_h = 15, .ofs_x = 0, .ofs_y = -2},
    {.bitmap_index = 2382, .adv_w = 256, .box_w = 16, .box_h = 16, .ofs_x = 0, .ofs_y = -2},
    {.bitmap_index = 2433, .adv_w = 256, .box_w = 14, .box_h = 15, .ofs_x = 1, .ofs_y = -1},
    {.bitmap_index = 2472, .adv_w = 256, .box_w = 16, .box_h = 15, .ofs_x = 0, .ofs_y = -1},
    {.bitmap_index = 2520, .adv_w = 256, .box_w = 16, .box_h = 15, .ofs_x = 0, .ofs_y = -2},
    {.bitmap_index = 2575, .adv_w = 256, .box_w = 16, .box_h = 16, .ofs_x = 0, .ofs_y = -2},
    {.bitmap_index = 2624, .adv_w = 256, .box_w = 16, .box_h = 15, .ofs_x = 0, .ofs_y = -2},
    {.bitmap_index = 2672, .adv_w = 256, .box_w = 16, .box_h = 15, .ofs_x = 0, .ofs_y = -2},
    {.bitmap_index = 2724, .adv_w = 256, .box_w = 14, .box_h = 14, .ofs_x = 1, .ofs_y = -1},
    {.bitmap_index = 2763, .adv_w = 256, .box_w = 16, .box_h = 14, .ofs_x = 0, .ofs_y = -1},
    {.bitmap_index = 2807, .adv_w = 256, .box_w = 14, .box_h = 15, .ofs_x = 1, .ofs_y = -2},
    {.bitmap_index = 2851, .adv_w = 256, .box_w = 16, .box_h = 15, .ofs_x = 0, .ofs_y = -1},
    {.bitmap_index = 2907, .adv_w = 256, .box_w = 14, .box_h = 14, .ofs_x = 1, .ofs_y = -1},
    {.bitmap_index = 2938, .adv_w = 256, .box_w = 14, .box_h = 14, .ofs_x = 1, .ofs_y = -1},
    {.bitmap_index = 2969, .adv_w = 256, .box_w = 16, .box_h = 15, .ofs_x = 0, .ofs_y = -2},
    {.bitmap_index = 3021, .adv_w = 256, .box_w = 16, .box_h = 15, .ofs_x = 0, .ofs_y = -2},
    {.bitmap_index = 3071, .adv_w = 256, .box_w = 15, .box_h = 15, .ofs_x = 0, .ofs_y = -2},
    {.bitmap_index = 3117, .adv_w = 256, .box_w = 15, .box_h = 15, .ofs_x = 0, .ofs_y = -1},
    {.bitmap_index = 3162, .adv_w = 256, .box_w = 15, .box_h = 15, .ofs_x = 0, .ofs_y = -2},
    {.bitmap_index = 3204, .adv_w = 256, .box_w = 15, .box_h = 15, .ofs_x = 0, .ofs_y = -2},
    {.bitmap_index = 3249, .adv_w = 256, .box_w = 15, .box_h = 16, .ofs_x = 0, .ofs_y = -2},
    {.bitmap_index = 3298, .adv_w = 256, .box_w = 15, .box_h = 15, .ofs_x = 0, .ofs_y = -2},
    {.bitmap_index = 3332, .adv_w = 256, .box_w = 15, .box_h = 15, .ofs_x = 0, .ofs_y = -2},
    {.bitmap_index = 3381, .adv_w = 256, .box_w = 15, .box_h = 16, .ofs_x = 0, .ofs_y = -2},
    {.bitmap_index = 3430, .adv_w = 256, .box_w = 15, .box_h = 16, .ofs_x = 0, .ofs_y = -2},
    {.bitmap_index = 3482, .adv_w = 256, .box_w = 15, .box_h = 15, .ofs_x = 0, .ofs_y = -2},
    {.bitmap_index = 3527, .adv_w = 256, .box_w = 16, .box_h = 16, .ofs_x = 0, .ofs_y = -2},
    {.bitmap_index = 3584, .adv_w = 256, .box_w = 15, .box_h = 16, .ofs_x = 0, .ofs_y = -2},
    {.bitmap_index = 3638, .adv_w = 256, .box_w = 14, .box_h = 16, .ofs_x = 1, .ofs_y = -2},
    {.bitmap_index = 3688, .adv_w = 256, .box_w = 15, .box_h = 15, .ofs_x = 0, .ofs_y = -2},
    {.bitmap_index = 3730, .adv_w = 256, .box_w = 15, .box_h = 15, .ofs_x = 0, .ofs_y = -2},
    {.bitmap_index = 3769, .adv_w = 256, .box_w = 16, .box_h = 16, .ofs_x = 0, .ofs_y = -2},
    {.bitmap_index = 3826, .adv_w = 256, .box_w = 16, .box_h = 15, .ofs_x = 0, .ofs_y = -2},
    {.bitmap_index = 3879, .adv_w = 256, .box_w = 15, .box_h = 16, .ofs_x = 0, .ofs_y = -2},
    {.bitmap_index = 3937, .adv_w = 256, .box_w = 16, .box_h = 16, .ofs_x = 0, .ofs_y = -2},
    {.bitmap_index = 3999, .adv_w = 256, .box_w = 16, .box_h = 15, .ofs_x = 0, .ofs_y = -1},
    {.bitmap_index = 4046, .adv_w = 256, .box_w = 16, .box_h = 15, .ofs_x = 0, .ofs_y = -1},
    {.bitmap_index = 4092, .adv_w = 256, .box_w = 15, .box_h = 14, .ofs_x = 1, .ofs_y = -1},
    {.bitmap_index = 4127, .adv_w = 256, .box_w = 15, .box_h = 14, .ofs_x = 1, .ofs_y = -1},
    {.bitmap_index = 4172, .adv_w = 256, .box_w = 15, .box_h = 14, .ofs_x = 1, .ofs_y = -1},
    {.bitmap_index = 4212, .adv_w = 256, .box_w = 16, .box_h = 16, .ofs_x = 0, .ofs_y = -2},
    {.bitmap_index = 4259, .adv_w = 256, .box_w = 16, .box_h = 15, .ofs_x = 0, .ofs_y = -1},
    {.bitmap_index = 4304, .adv_w = 256, .box_w = 16, .box_h = 14, .ofs_x = 0, .ofs_y = -1},
    {.bitmap_index = 4344, .adv_w = 256, .box_w = 14, .box_h = 14, .ofs_x = 1, .ofs_y = -1},
    {.bitmap_index = 4375, .adv_w = 256, .box_w = 14, .box_h = 14, .ofs_x = 1, .ofs_y = -1},
    {.bitmap_index = 4415, .adv_w = 256, .box_w = 15, .box_h = 16, .ofs_x = 0, .ofs_y = -1},
    {.bitmap_index = 4467, .adv_w = 256, .box_w = 15, .box_h = 15, .ofs_x = 0, .ofs_y = -2},
    {.bitmap_index = 4497, .adv_w = 256, .box_w = 16, .box_h = 14, .ofs_x = 0, .ofs_y = -1},
    {.bitmap_index = 4543, .adv_w = 256, .box_w = 16, .box_h = 14, .ofs_x = 0, .ofs_y = -1},
    {.bitmap_index = 4584, .adv_w = 256, .box_w = 16, .box_h = 16, .ofs_x = 0, .ofs_y = -2},
    {.bitmap_index = 4642, .adv_w = 256, .box_w = 16, .box_h = 14, .ofs_x = 0, .ofs_y = -2},
    {.bitmap_index = 4692, .adv_w = 256, .box_w = 16, .box_h = 16, .ofs_x = 0, .ofs_y = -2},
    {.bitmap_index = 4750, .adv_w = 256, .box_w = 16, .box_h = 15, .ofs_x = 0, .ofs_y = -2},
    {.bitmap_index = 4804, .adv_w = 256, .box_w = 16, .box_h = 14, .ofs_x = 0, .ofs_y = -1},
    {.bitmap_index = 4835, .adv_w = 256, .box_w = 16, .box_h = 14, .ofs_x = 0, .ofs_y = -1},
    {.bitmap_index = 4864, .adv_w = 256, .box_w = 14, .box_h = 15, .ofs_x = 1, .ofs_y = -2},
    {.bitmap_index = 4903, .adv_w = 256, .box_w = 16, .box_h = 15, .ofs_x = 0, .ofs_y = -1},
    {.bitmap_index = 4944, .adv_w = 256, .box_w = 14, .box_h = 14, .ofs_x = 1, .ofs_y = -1},
    {.bitmap_index = 4975, .adv_w = 256, .box_w = 14, .box_h = 15, .ofs_x = 0, .ofs_y = -1},
    {.bitmap_index = 5018, .adv_w = 256, .box_w = 16, .box_h = 16, .ofs_x = 0, .ofs_y = -2},
    {.bitmap_index = 5066, .adv_w = 256, .box_w = 14, .box_h = 16, .ofs_x = 1, .ofs_y = -2},
    {.bitmap_index = 5105, .adv_w = 256, .box_w = 16, .box_h = 15, .ofs_x = 0, .ofs_y = -1},
    {.bitmap_index = 5153, .adv_w = 256, .box_w = 15, .box_h = 16, .ofs_x = 0, .ofs_y = -2},
    {.bitmap_index = 5198, .adv_w = 256, .box_w = 15, .box_h = 15, .ofs_x = 0, .ofs_y = -1},
    {.bitmap_index = 5244, .adv_w = 256, .box_w = 14, .box_h = 14, .ofs_x = 1, .ofs_y = -1},
    {.bitmap_index = 5275, .adv_w = 256, .box_w = 14, .box_h = 14, .ofs_x = 1, .ofs_y = -1},
    {.bitmap_index = 5314, .adv_w = 256, .box_w = 16, .box_h = 16, .ofs_x = 0, .ofs_y = -2},
    {.bitmap_index = 5372, .adv_w = 256, .box_w = 16, .box_h = 14, .ofs_x = 0, .ofs_y = -1},
    {.bitmap_index = 5423, .adv_w = 256, .box_w = 14, .box_h = 15, .ofs_x = 1, .ofs_y = -2},
    {.bitmap_index = 5469, .adv_w = 256, .box_w = 16, .box_h = 14, .ofs_x = 0, .ofs_y = -1},
    {.bitmap_index = 5513, .adv_w = 256, .box_w = 14, .box_h = 14, .ofs_x = 1, .ofs_y = -1},
    {.bitmap_index = 5549, .adv_w = 256, .box_w = 14, .box_h = 14, .ofs_x = 1, .ofs_y = -1},
    {.bitmap_index = 5588, .adv_w = 256, .box_w = 14, .box_h = 14, .ofs_x = 1, .ofs_y = -1},
    {.bitmap_index = 5633, .adv_w = 256, .box_w = 14, .box_h = 14, .ofs_x = 1, .ofs_y = -1},
    {.bitmap_index = 5675, .adv_w = 256, .box_w = 16, .box_h = 15, .ofs_x = 0, .ofs_y = -2},
    {.bitmap_index = 5715, .adv_w = 256, .box_w = 15, .box_h = 15, .ofs_x = 0, .ofs_y = -1},
    {.bitmap_index = 5752, .adv_w = 256, .box_w = 16, .box_h = 14, .ofs_x = 0, .ofs_y = -1},
    {.bitmap_index = 5800, .adv_w = 256, .box_w = 16, .box_h = 14, .ofs_x = 0, .ofs_y = -1},
    {.bitmap_index = 5840, .adv_w = 256, .box_w = 15, .box_h = 16, .ofs_x = 0, .ofs_y = -2},
    {.bitmap_index = 5892, .adv_w = 256, .box_w = 16, .box_h = 14, .ofs_x = 0, .ofs_y = -1},
    {.bitmap_index = 5937, .adv_w = 256, .box_w = 16, .box_h = 15, .ofs_x = 0, .ofs_y = -2},
    {.bitmap_index = 5992, .adv_w = 256, .box_w = 16, .box_h = 15, .ofs_x = 0, .ofs_y = -2},
    {.bitmap_index = 6045, .adv_w = 256, .box_w = 15, .box_h = 15, .ofs_x = 0, .ofs_y = -1},
    {.bitmap_index = 6096, .adv_w = 256, .box_w = 16, .box_h = 14, .ofs_x = 0, .ofs_y = -1},
    {.bitmap_index = 6118, .adv_w = 256, .box_w = 15, .box_h = 15, .ofs_x = 0, .ofs_y = -2},
    {.bitmap_index = 6164, .adv_w = 256, .box_w = 16, .box_h = 15, .ofs_x = 0, .ofs_y = -2},
    {.bitmap_index = 6212, .adv_w = 256, .box_w = 17, .box_h = 15, .ofs_x = 0, .ofs_y = -1},
    {.bitmap_index = 6264, .adv_w = 256, .box_w = 16, .box_h = 16, .ofs_x = 0, .ofs_y = -2},
    {.bitmap_index = 6318, .adv_w = 256, .box_w = 15, .box_h = 16, .ofs_x = 1, .ofs_y = -2},
    {.bitmap_index = 6374, .adv_w = 256, .box_w = 16, .box_h = 16, .ofs_x = 0, .ofs_y = -2},
    {.bitmap_index = 6432, .adv_w = 256, .box_w = 16, .box_h = 16, .ofs_x = 0, .ofs_y = -2},
    {.bitmap_index = 6491, .adv_w = 256, .box_w = 16, .box_h = 15, .ofs_x = 0, .ofs_y = -2},
    {.bitmap_index = 6537, .adv_w = 256, .box_w = 16, .box_h = 15, .ofs_x = 0, .ofs_y = -2},
    {.bitmap_index = 6586, .adv_w = 256, .box_w = 16, .box_h = 15, .ofs_x = 0, .ofs_y = -2},
    {.bitmap_index = 6639, .adv_w = 256, .box_w = 16, .box_h = 15, .ofs_x = 0, .ofs_y = -2},
    {.bitmap_index = 6691, .adv_w = 256, .box_w = 16, .box_h = 15, .ofs_x = 0, .ofs_y = -2},
    {.bitmap_index = 6744, .adv_w = 256, .box_w = 16, .box_h = 16, .ofs_x = 0, .ofs_y = -2},
    {.bitmap_index = 6801, .adv_w = 256, .box_w = 16, .box_h = 15, .ofs_x = 0, .ofs_y = -1},
    {.bitmap_index = 6855, .adv_w = 256, .box_w = 16, .box_h = 15, .ofs_x = 0, .ofs_y = -1},
    {.bitmap_index = 6911, .adv_w = 256, .box_w = 14, .box_h = 15, .ofs_x = 1, .ofs_y = -1},
    {.bitmap_index = 6948, .adv_w = 256, .box_w = 16, .box_h = 15, .ofs_x = 0, .ofs_y = -1},
    {.bitmap_index = 6992, .adv_w = 256, .box_w = 14, .box_h = 16, .ofs_x = 1, .ofs_y = -2},
    {.bitmap_index = 7042, .adv_w = 256, .box_w = 16, .box_h = 16, .ofs_x = 0, .ofs_y = -2},
    {.bitmap_index = 7091, .adv_w = 256, .box_w = 15, .box_h = 16, .ofs_x = 0, .ofs_y = -2},
    {.bitmap_index = 7142, .adv_w = 256, .box_w = 15, .box_h = 16, .ofs_x = 0, .ofs_y = -2},
    {.bitmap_index = 7198, .adv_w = 256, .box_w = 15, .box_h = 15, .ofs_x = 0, .ofs_y = -1},
    {.bitmap_index = 7246, .adv_w = 256, .box_w = 15, .box_h = 16, .ofs_x = 0, .ofs_y = -2},
    {.bitmap_index = 7301, .adv_w = 256, .box_w = 15, .box_h = 14, .ofs_x = 1, .ofs_y = -1},
    {.bitmap_index = 7344, .adv_w = 256, .box_w = 16, .box_h = 16, .ofs_x = 0, .ofs_y = -2},
    {.bitmap_index = 7397, .adv_w = 256, .box_w = 16, .box_h = 15, .ofs_x = 0, .ofs_y = -1},
    {.bitmap_index = 7450, .adv_w = 256, .box_w = 16, .box_h = 16, .ofs_x = 0, .ofs_y = -2},
    {.bitmap_index = 7508, .adv_w = 256, .box_w = 16, .box_h = 14, .ofs_x = 0, .ofs_y = -1},
    {.bitmap_index = 7559, .adv_w = 256, .box_w = 16, .box_h = 14, .ofs_x = 0, .ofs_y = -1},
    {.bitmap_index = 7607, .adv_w = 256, .box_w = 16, .box_h = 15, .ofs_x = 0, .ofs_y = -1},
    {.bitmap_index = 7663, .adv_w = 256, .box_w = 16, .box_h = 15, .ofs_x = 0, .ofs_y = -2},
    {.bitmap_index = 7704, .adv_w = 256, .box_w = 14, .box_h = 14, .ofs_x = 1, .ofs_y = -1},
    {.bitmap_index = 7742, .adv_w = 256, .box_w = 16, .box_h = 15, .ofs_x = 0, .ofs_y = -2},
    {.bitmap_index = 7792, .adv_w = 256, .box_w = 16, .box_h = 15, .ofs_x = 0, .ofs_y = -2},
    {.bitmap_index = 7843, .adv_w = 256, .box_w = 14, .box_h = 14, .ofs_x = 0, .ofs_y = -1},
    {.bitmap_index = 7889, .adv_w = 256, .box_w = 16, .box_h = 12, .ofs_x = 0, .ofs_y = 0},
    {.bitmap_index = 7908, .adv_w = 256, .box_w = 14, .box_h = 14, .ofs_x = 1, .ofs_y = -1},
    {.bitmap_index = 7943, .adv_w = 256, .box_w = 16, .box_h = 14, .ofs_x = 0, .ofs_y = -1},
    {.bitmap_index = 7993, .adv_w = 256, .box_w = 16, .box_h = 14, .ofs_x = 0, .ofs_y = -1},
    {.bitmap_index = 8030, .adv_w = 256, .box_w = 16, .box_h = 15, .ofs_x = 0, .ofs_y = -1},
    {.bitmap_index = 8074, .adv_w = 256, .box_w = 16, .box_h = 16, .ofs_x = 0, .ofs_y = -2},
    {.bitmap_index = 8125, .adv_w = 256, .box_w = 16, .box_h = 16, .ofs_x = 0, .ofs_y = -2},
    {.bitmap_index = 8177, .adv_w = 256, .box_w = 16, .box_h = 16, .ofs_x = 0, .ofs_y = -2},
    {.bitmap_index = 8230, .adv_w = 256, .box_w = 16, .box_h = 16, .ofs_x = 0, .ofs_y = -2},
    {.bitmap_index = 8284, .adv_w = 256, .box_w = 16, .box_h = 16, .ofs_x = 0, .ofs_y = -2},
    {.bitmap_index = 8338, .adv_w = 256, .box_w = 16, .box_h = 16, .ofs_x = 0, .ofs_y = -2},
    {.bitmap_index = 8392, .adv_w = 256, .box_w = 16, .box_h = 16, .ofs_x = 0, .ofs_y = -2},
    {.bitmap_index = 8446, .adv_w = 256, .box_w = 16, .box_h = 16, .ofs_x = 0, .ofs_y = -2},
    {.bitmap_index = 8506, .adv_w = 256, .box_w = 16, .box_h = 15, .ofs_x = 0, .ofs_y = -2},
    {.bitmap_index = 8566, .adv_w = 256, .box_w = 16, .box_h = 15, .ofs_x = 0, .ofs_y = -2},
    {.bitmap_index = 8608, .adv_w = 256, .box_w = 16, .box_h = 14, .ofs_x = 0, .ofs_y = -1},
    {.bitmap_index = 8656, .adv_w = 256, .box_w = 13, .box_h = 15, .ofs_x = 1, .ofs_y = -2},
    {.bitmap_index = 8689, .adv_w = 256, .box_w = 16, .box_h = 16, .ofs_x = 0, .ofs_y = -2},
    {.bitmap_index = 8749, .adv_w = 256, .box_w = 16, .box_h = 15, .ofs_x = 0, .ofs_y = -2},
    {.bitmap_index = 8803, .adv_w = 256, .box_w = 14, .box_h = 14, .ofs_x = 1, .ofs_y = -1},
    {.bitmap_index = 8839, .adv_w = 256, .box_w = 15, .box_h = 15, .ofs_x = 1, .ofs_y = -1},
    {.bitmap_index = 8887, .adv_w = 256, .box_w = 16, .box_h = 16, .ofs_x = 0, .ofs_y = -2},
    {.bitmap_index = 8945, .adv_w = 256, .box_w = 16, .box_h = 16, .ofs_x = 0, .ofs_y = -2},
    {.bitmap_index = 9007, .adv_w = 256, .box_w = 16, .box_h = 15, .ofs_x = 0, .ofs_y = -1},
    {.bitmap_index = 9054, .adv_w = 256, .box_w = 16, .box_h = 15, .ofs_x = 0, .ofs_y = -1},
    {.bitmap_index = 9110, .adv_w = 256, .box_w = 16, .box_h = 15, .ofs_x = 0, .ofs_y = -1},
    {.bitmap_index = 9161, .adv_w = 256, .box_w = 16, .box_h = 15, .ofs_x = 0, .ofs_y = -1},
    {.bitmap_index = 9217, .adv_w = 256, .box_w = 16, .box_h = 15, .ofs_x = 0, .ofs_y = -1},
    {.bitmap_index = 9270, .adv_w = 256, .box_w = 16, .box_h = 15, .ofs_x = 0, .ofs_y = -1},
    {.bitmap_index = 9326, .adv_w = 256, .box_w = 16, .box_h = 14, .ofs_x = 0, .ofs_y = -1},
    {.bitmap_index = 9369, .adv_w = 256, .box_w = 16, .box_h = 15, .ofs_x = 0, .ofs_y = -1},
    {.bitmap_index = 9423, .adv_w = 256, .box_w = 16, .box_h = 14, .ofs_x = 0, .ofs_y = -1},
    {.bitmap_index = 9456, .adv_w = 256, .box_w = 16, .box_h = 16, .ofs_x = 0, .ofs_y = -2},
    {.bitmap_index = 9510, .adv_w = 256, .box_w = 16, .box_h = 15, .ofs_x = 0, .ofs_y = -2},
    {.bitmap_index = 9561, .adv_w = 256, .box_w = 16, .box_h = 14, .ofs_x = 0, .ofs_y = -1},
    {.bitmap_index = 9612, .adv_w = 256, .box_w = 16, .box_h = 14, .ofs_x = 0, .ofs_y = -1},
    {.bitmap_index = 9653, .adv_w = 256, .box_w = 16, .box_h = 15, .ofs_x = 0, .ofs_y = -1},
    {.bitmap_index = 9700, .adv_w = 256, .box_w = 16, .box_h = 16, .ofs_x = 0, .ofs_y = -2},
    {.bitmap_index = 9755, .adv_w = 256, .box_w = 16, .box_h = 15, .ofs_x = 0, .ofs_y = -1},
    {.bitmap_index = 9805, .adv_w = 256, .box_w = 16, .box_h = 14, .ofs_x = 0, .ofs_y = -1},
    {.bitmap_index = 9852, .adv_w = 256, .box_w = 15, .box_h = 14, .ofs_x = 0, .ofs_y = -1},
    {.bitmap_index = 9902, .adv_w = 256, .box_w = 14, .box_h = 15, .ofs_x = 1, .ofs_y = -1},
    {.bitmap_index = 9949, .adv_w = 256, .box_w = 15, .box_h = 16, .ofs_x = 0, .ofs_y = -2},
    {.bitmap_index = 10008, .adv_w = 256, .box_w = 16, .box_h = 15, .ofs_x = 0, .ofs_y = -1},
    {.bitmap_index = 10066, .adv_w = 256, .box_w = 16, .box_h = 15, .ofs_x = 0, .ofs_y = -1},
    {.bitmap_index = 10119, .adv_w = 256, .box_w = 16, .box_h = 15, .ofs_x = 0, .ofs_y = -2},
    {.bitmap_index = 10173, .adv_w = 256, .box_w = 15, .box_h = 14, .ofs_x = 1, .ofs_y = -1},
    {.bitmap_index = 10222, .adv_w = 256, .box_w = 16, .box_h = 15, .ofs_x = 0, .ofs_y = -2},
    {.bitmap_index = 10282, .adv_w = 256, .box_w = 16, .box_h = 16, .ofs_x = 0, .ofs_y = -2},
    {.bitmap_index = 10336, .adv_w = 256, .box_w = 16, .box_h = 15, .ofs_x = 0, .ofs_y = -2},
    {.bitmap_index = 10373, .adv_w = 256, .box_w = 15, .box_h = 15, .ofs_x = 0, .ofs_y = -2},
    {.bitmap_index = 10413, .adv_w = 256, .box_w = 16, .box_h = 15, .ofs_x = 0, .ofs_y = -2},
    {.bitmap_index = 10471, .adv_w = 256, .box_w = 16, .box_h = 15, .ofs_x = 0, .ofs_y = -2},
    {.bitmap_index = 10529, .adv_w = 256, .box_w = 16, .box_h = 15, .ofs_x = 0, .ofs_y = -2},
    {.bitmap_index = 10577, .adv_w = 256, .box_w = 16, .box_h = 16, .ofs_x = 0, .ofs_y = -2},
    {.bitmap_index = 10634, .adv_w = 256, .box_w = 16, .box_h = 15, .ofs_x = 0, .ofs_y = -1},
    {.bitmap_index = 10688, .adv_w = 256, .box_w = 16, .box_h = 15, .ofs_x = 0, .ofs_y = -2},
    {.bitmap_index = 10733, .adv_w = 256, .box_w = 16, .box_h = 16, .ofs_x = 0, .ofs_y = -2},
    {.bitmap_index = 10792, .adv_w = 256, .box_w = 16, .box_h = 15, .ofs_x = 0, .ofs_y = -1},
    {.bitmap_index = 10845, .adv_w = 256, .box_w = 16, .box_h = 15, .ofs_x = 0, .ofs_y = -2},
    {.bitmap_index = 10898, .adv_w = 256, .box_w = 16, .box_h = 15, .ofs_x = 0, .ofs_y = -2},
    {.bitmap_index = 10949, .adv_w = 256, .box_w = 16, .box_h = 14, .ofs_x = 0, .ofs_y = -1},
    {.bitmap_index = 10995, .adv_w = 256, .box_w = 16, .box_h = 14, .ofs_x = 0, .ofs_y = -1},
    {.bitmap_index = 11038, .adv_w = 256, .box_w = 16, .box_h = 16, .ofs_x = 0, .ofs_y = -2},
    {.bitmap_index = 11098, .adv_w = 256, .box_w = 16, .box_h = 15, .ofs_x = 0, .ofs_y = -2},
    {.bitmap_index = 11149, .adv_w = 256, .box_w = 16, .box_h = 16, .ofs_x = 0, .ofs_y = -2},
    {.bitmap_index = 11204, .adv_w = 256, .box_w = 16, .box_h = 14, .ofs_x = 0, .ofs_y = -1},
    {.bitmap_index = 11257, .adv_w = 256, .box_w = 16, .box_h = 15, .ofs_x = 0, .ofs_y = -2},
    {.bitmap_index = 11305, .adv_w = 256, .box_w = 16, .box_h = 15, .ofs_x = 0, .ofs_y = -2},
    {.bitmap_index = 11357, .adv_w = 256, .box_w = 16, .box_h = 14, .ofs_x = 0, .ofs_y = -1},
    {.bitmap_index = 11404, .adv_w = 256, .box_w = 16, .box_h = 16, .ofs_x = 0, .ofs_y = -2},
    {.bitmap_index = 11460, .adv_w = 256, .box_w = 16, .box_h = 15, .ofs_x = 0, .ofs_y = -2},
    {.bitmap_index = 11515, .adv_w = 256, .box_w = 16, .box_h = 15, .ofs_x = 0, .ofs_y = -2},
    {.bitmap_index = 11569, .adv_w = 256, .box_w = 16, .box_h = 16, .ofs_x = 0, .ofs_y = -2},
    {.bitmap_index = 11627, .adv_w = 256, .box_w = 16, .box_h = 16, .ofs_x = 0, .ofs_y = -2},
    {.bitmap_index = 11683, .adv_w = 256, .box_w = 16, .box_h = 15, .ofs_x = 0, .ofs_y = -2},
    {.bitmap_index = 11737, .adv_w = 256, .box_w = 16, .box_h = 16, .ofs_x = 0, .ofs_y = -2},
    {.bitmap_index = 11796, .adv_w = 256, .box_w = 16, .box_h = 16, .ofs_x = 0, .ofs_y = -2},
    {.bitmap_index = 11856, .adv_w = 256, .box_w = 16, .box_h = 14, .ofs_x = 0, .ofs_y = -1},
    {.bitmap_index = 11908, .adv_w = 256, .box_w = 16, .box_h = 15, .ofs_x = 0, .ofs_y = -2},
    {.bitmap_index = 11965, .adv_w = 256, .box_w = 16, .box_h = 15, .ofs_x = 0, .ofs_y = -1},
    {.bitmap_index = 12020, .adv_w = 256, .box_w = 16, .box_h = 16, .ofs_x = 0, .ofs_y = -2},
    {.bitmap_index = 12082, .adv_w = 256, .box_w = 16, .box_h = 15, .ofs_x = 0, .ofs_y = -1},
    {.bitmap_index = 12139, .adv_w = 256, .box_w = 15, .box_h = 15, .ofs_x = 1, .ofs_y = -1},
    {.bitmap_index = 12188, .adv_w = 256, .box_w = 15, .box_h = 16, .ofs_x = 1, .ofs_y = -2},
    {.bitmap_index = 12240, .adv_w = 256, .box_w = 16, .box_h = 16, .ofs_x = 0, .ofs_y = -2},
    {.bitmap_index = 12299, .adv_w = 256, .box_w = 16, .box_h = 16, .ofs_x = 0, .ofs_y = -2},
    {.bitmap_index = 12361, .adv_w = 256, .box_w = 16, .box_h = 16, .ofs_x = 0, .ofs_y = -2},
    {.bitmap_index = 12421, .adv_w = 256, .box_w = 16, .box_h = 15, .ofs_x = 0, .ofs_y = -2},
    {.bitmap_index = 12481, .adv_w = 256, .box_w = 16, .box_h = 15, .ofs_x = 0, .ofs_y = -1},
    {.bitmap_index = 12539, .adv_w = 256, .box_w = 16, .box_h = 15, .ofs_x = 0, .ofs_y = -2},
    {.bitmap_index = 12600, .adv_w = 256, .box_w = 16, .box_h = 15, .ofs_x = 0, .ofs_y = -1},
    {.bitmap_index = 12651, .adv_w = 256, .box_w = 16, .box_h = 16, .ofs_x = 0, .ofs_y = -2},
    {.bitmap_index = 12705, .adv_w = 256, .box_w = 16, .box_h = 15, .ofs_x = 0, .ofs_y = -1},
    {.bitmap_index = 12759, .adv_w = 256, .box_w = 16, .box_h = 16, .ofs_x = 0, .ofs_y = -2},
    {.bitmap_index = 12819, .adv_w = 256, .box_w = 16, .box_h = 15, .ofs_x = 0, .ofs_y = -2},
    {.bitmap_index = 12865, .adv_w = 256, .box_w = 12, .box_h = 14, .ofs_x = 2, .ofs_y = -1},
    {.bitmap_index = 12885, .adv_w = 256, .box_w = 15, .box_h = 14, .ofs_x = 1, .ofs_y = -1},
    {.bitmap_index = 12928, .adv_w = 256, .box_w = 16, .box_h = 15, .ofs_x = 0, .ofs_y = -2},
    {.bitmap_index = 12978, .adv_w = 256, .box_w = 14, .box_h = 15, .ofs_x = 1, .ofs_y = -2},
    {.bitmap_index = 13019, .adv_w = 256, .box_w = 15, .box_h = 15, .ofs_x = 1, .ofs_y = -2},
    {.bitmap_index = 13070, .adv_w = 256, .box_w = 16, .box_h = 15, .ofs_x = 0, .ofs_y = -2},
    {.bitmap_index = 13118, .adv_w = 256, .box_w = 16, .box_h = 14, .ofs_x = 0, .ofs_y = -1},
    {.bitmap_index = 13162, .adv_w = 256, .box_w = 15, .box_h = 14, .ofs_x = 1, .ofs_y = -1},
    {.bitmap_index = 13208, .adv_w = 256, .box_w = 14, .box_h = 14, .ofs_x = 1, .ofs_y = -1},
    {.bitmap_index = 13246, .adv_w = 256, .box_w = 15, .box_h = 15, .ofs_x = 1, .ofs_y = -1},
    {.bitmap_index = 13296, .adv_w = 256, .box_w = 14, .box_h = 14, .ofs_x = 1, .ofs_y = -1},
    {.bitmap_index = 13330, .adv_w = 256, .box_w = 16, .box_h = 15, .ofs_x = 0, .ofs_y = -2},
    {.bitmap_index = 13380, .adv_w = 256, .box_w = 16, .box_h = 14, .ofs_x = 0, .ofs_y = -1},
    {.bitmap_index = 13427, .adv_w = 256, .box_w = 16, .box_h = 14, .ofs_x = 0, .ofs_y = -1},
    {.bitmap_index = 13479, .adv_w = 256, .box_w = 16, .box_h = 14, .ofs_x = 0, .ofs_y = -1},
    {.bitmap_index = 13527, .adv_w = 256, .box_w = 16, .box_h = 15, .ofs_x = 0, .ofs_y = -1},
    {.bitmap_index = 13578, .adv_w = 256, .box_w = 16, .box_h = 15, .ofs_x = 0, .ofs_y = -1},
    {.bitmap_index = 13622, .adv_w = 256, .box_w = 16, .box_h = 15, .ofs_x = 0, .ofs_y = -2},
    {.bitmap_index = 13679, .adv_w = 256, .box_w = 16, .box_h = 14, .ofs_x = 0, .ofs_y = -1},
    {.bitmap_index = 13720, .adv_w = 256, .box_w = 16, .box_h = 14, .ofs_x = 0, .ofs_y = -1},
    {.bitmap_index = 13762, .adv_w = 256, .box_w = 16, .box_h = 14, .ofs_x = 0, .ofs_y = -1},
    {.bitmap_index = 13806, .adv_w = 256, .box_w = 16, .box_h = 14, .ofs_x = 0, .ofs_y = -1},
    {.bitmap_index = 13853, .adv_w = 256, .box_w = 16, .box_h = 15, .ofs_x = 0, .ofs_y = -2},
    {.bitmap_index = 13901, .adv_w = 256, .box_w = 16, .box_h = 15, .ofs_x = 0, .ofs_y = -1},
    {.bitmap_index = 13956, .adv_w = 256, .box_w = 16, .box_h = 16, .ofs_x = 0, .ofs_y = -2},
    {.bitmap_index = 14016, .adv_w = 256, .box_w = 16, .box_h = 14, .ofs_x = 0, .ofs_y = -1},
    {.bitmap_index = 14063, .adv_w = 256, .box_w = 16, .box_h = 14, .ofs_x = 0, .ofs_y = -1},
    {.bitmap_index = 14112, .adv_w = 256, .box_w = 16, .box_h = 14, .ofs_x = 0, .ofs_y = -1},
    {.bitmap_index = 14160, .adv_w = 256, .box_w = 16, .box_h = 15, .ofs_x = 0, .ofs_y = -1},
    {.bitmap_index = 14206, .adv_w = 256, .box_w = 16, .box_h = 16, .ofs_x = 0, .ofs_y = -2},
    {.bitmap_index = 14265, .adv_w = 256, .box_w = 16, .box_h = 15, .ofs_x = 0, .ofs_y = -2},
    {.bitmap_index = 14319, .adv_w = 256, .box_w = 16, .box_h = 16, .ofs_x = 0, .ofs_y = -2},
    {.bitmap_index = 14375, .adv_w = 256, .box_w = 16, .box_h = 15, .ofs_x = 0, .ofs_y = -1},
    {.bitmap_index = 14429, .adv_w = 256, .box_w = 16, .box_h = 15, .ofs_x = 0, .ofs_y = -1},
    {.bitmap_index = 14484, .adv_w = 256, .box_w = 16, .box_h = 15, .ofs_x = 0, .ofs_y = -1},
    {.bitmap_index = 14539, .adv_w = 256, .box_w = 16, .box_h = 16, .ofs_x = 0, .ofs_y = -2},
    {.bitmap_index = 14599, .adv_w = 256, .box_w = 16, .box_h = 15, .ofs_x = 0, .ofs_y = -1},
    {.bitmap_index = 14656, .adv_w = 256, .box_w = 16, .box_h = 15, .ofs_x = 0, .ofs_y = -2},
    {.bitmap_index = 14714, .adv_w = 256, .box_w = 16, .box_h = 14, .ofs_x = 0, .ofs_y = -1},
    {.bitmap_index = 14766, .adv_w = 256, .box_w = 16, .box_h = 15, .ofs_x = 0, .ofs_y = -1},
    {.bitmap_index = 14825, .adv_w = 256, .box_w = 16, .box_h = 14, .ofs_x = 0, .ofs_y = -1},
    {.bitmap_index = 14878, .adv_w = 256, .box_w = 16, .box_h = 15, .ofs_x = 0, .ofs_y = -2},
    {.bitmap_index = 14936, .adv_w = 256, .box_w = 16, .box_h = 15, .ofs_x = 0, .ofs_y = -1},
    {.bitmap_index = 14993, .adv_w = 256, .box_w = 16, .box_h = 15, .ofs_x = 0, .ofs_y = -2},
    {.bitmap_index = 15054, .adv_w = 256, .box_w = 16, .box_h = 15, .ofs_x = 0, .ofs_y = -2},
    {.bitmap_index = 15110, .adv_w = 256, .box_w = 16, .box_h = 16, .ofs_x = 0, .ofs_y = -2},
    {.bitmap_index = 15171, .adv_w = 256, .box_w = 15, .box_h = 14, .ofs_x = 0, .ofs_y = -1},
    {.bitmap_index = 15225, .adv_w = 256, .box_w = 16, .box_h = 14, .ofs_x = 0, .ofs_y = -1},
    {.bitmap_index = 15281, .adv_w = 256, .box_w = 16, .box_h = 16, .ofs_x = 0, .ofs_y = -2},
    {.bitmap_index = 15338, .adv_w = 256, .box_w = 16, .box_h = 16, .ofs_x = 0, .ofs_y = -2},
    {.bitmap_index = 15398, .adv_w = 256, .box_w = 16, .box_h = 16, .ofs_x = 0, .ofs_y = -2},
    {.bitmap_index = 15459, .adv_w = 256, .box_w = 16, .box_h = 14, .ofs_x = 0, .ofs_y = -1},
    {.bitmap_index = 15481, .adv_w = 256, .box_w = 16, .box_h = 14, .ofs_x = 0, .ofs_y = -1},
    {.bitmap_index = 15513, .adv_w = 256, .box_w = 16, .box_h = 15, .ofs_x = 0, .ofs_y = -2},
    {.bitmap_index = 15552, .adv_w = 256, .box_w = 16, .box_h = 15, .ofs_x = 0, .ofs_y = -2},
    {.bitmap_index = 15613, .adv_w = 256, .box_w = 16, .box_h = 16, .ofs_x = 0, .ofs_y = -2},
    {.bitmap_index = 15671, .adv_w = 256, .box_w = 16, .box_h = 16, .ofs_x = 0, .ofs_y = -2},
    {.bitmap_index = 15728, .adv_w = 256, .box_w = 14, .box_h = 16, .ofs_x = 1, .ofs_y = -2},
    {.bitmap_index = 15766, .adv_w = 256, .box_w = 16, .box_h = 16, .ofs_x = 0, .ofs_y = -2},
    {.bitmap_index = 15820, .adv_w = 256, .box_w = 16, .box_h = 16, .ofs_x = 0, .ofs_y = -2},
    {.bitmap_index = 15880, .adv_w = 256, .box_w = 16, .box_h = 16, .ofs_x = 0, .ofs_y = -2},
    {.bitmap_index = 15939, .adv_w = 256, .box_w = 15, .box_h = 15, .ofs_x = 0, .ofs_y = -2},
    {.bitmap_index = 15994, .adv_w = 256, .box_w = 16, .box_h = 15, .ofs_x = 0, .ofs_y = -1},
    {.bitmap_index = 16045, .adv_w = 256, .box_w = 16, .box_h = 16, .ofs_x = 0, .ofs_y = -2},
    {.bitmap_index = 16106, .adv_w = 256, .box_w = 16, .box_h = 16, .ofs_x = 0, .ofs_y = -2},
    {.bitmap_index = 16164, .adv_w = 256, .box_w = 16, .box_h = 14, .ofs_x = 0, .ofs_y = -1},
    {.bitmap_index = 16219, .adv_w = 256, .box_w = 15, .box_h = 16, .ofs_x = 0, .ofs_y = -2},
    {.bitmap_index = 16268, .adv_w = 256, .box_w = 15, .box_h = 15, .ofs_x = 0, .ofs_y = -2},
    {.bitmap_index = 16320, .adv_w = 256, .box_w = 15, .box_h = 16, .ofs_x = 0, .ofs_y = -1},
    {.bitmap_index = 16377, .adv_w = 256, .box_w = 15, .box_h = 14, .ofs_x = 0, .ofs_y = -1},
    {.bitmap_index = 16425, .adv_w = 256, .box_w = 16, .box_h = 15, .ofs_x = 0, .ofs_y = -2},
    {.bitmap_index = 16485, .adv_w = 256, .box_w = 16, .box_h = 15, .ofs_x = 0, .ofs_y = -1},
    {.bitmap_index = 16543, .adv_w = 256, .box_w = 16, .box_h = 16, .ofs_x = 0, .ofs_y = -2},
    {.bitmap_index = 16606, .adv_w = 256, .box_w = 16, .box_h = 15, .ofs_x = 0, .ofs_y = -1},
    {.bitmap_index = 16664, .adv_w = 256, .box_w = 16, .box_h = 14, .ofs_x = 0, .ofs_y = -1},
    {.bitmap_index = 16715, .adv_w = 256, .box_w = 16, .box_h = 16, .ofs_x = 0, .ofs_y = -2},
    {.bitmap_index = 16774, .adv_w = 256, .box_w = 16, .box_h = 16, .ofs_x = 0, .ofs_y = -2},
    {.bitmap_index = 16833, .adv_w = 256, .box_w = 15, .box_h = 15, .ofs_x = 0, .ofs_y = -2},
    {.bitmap_index = 16883, .adv_w = 256, .box_w = 16, .box_h = 15, .ofs_x = 0, .ofs_y = -1},
    {.bitmap_index = 16937, .adv_w = 256, .box_w = 16, .box_h = 15, .ofs_x = 0, .ofs_y = -1},
    {.bitmap_index = 16990, .adv_w = 256, .box_w = 16, .box_h = 16, .ofs_x = 0, .ofs_y = -2},
    {.bitmap_index = 17054, .adv_w = 256, .box_w = 16, .box_h = 15, .ofs_x = 0, .ofs_y = -1},
    {.bitmap_index = 17112, .adv_w = 256, .box_w = 15, .box_h = 15, .ofs_x = 0, .ofs_y = -1},
    {.bitmap_index = 17166, .adv_w = 256, .box_w = 16, .box_h = 15, .ofs_x = 0, .ofs_y = -2},
    {.bitmap_index = 17215, .adv_w = 256, .box_w = 16, .box_h = 16, .ofs_x = 0, .ofs_y = -2},
    {.bitmap_index = 17272, .adv_w = 256, .box_w = 16, .box_h = 16, .ofs_x = 0, .ofs_y = -2},
    {.bitmap_index = 17335, .adv_w = 256, .box_w = 16, .box_h = 16, .ofs_x = 0, .ofs_y = -2},
    {.bitmap_index = 17393, .adv_w = 256, .box_w = 15, .box_h = 16, .ofs_x = 1, .ofs_y = -2},
    {.bitmap_index = 17453, .adv_w = 256, .box_w = 15, .box_h = 14, .ofs_x = 0, .ofs_y = -1},
    {.bitmap_index = 17488, .adv_w = 256, .box_w = 16, .box_h = 15, .ofs_x = 0, .ofs_y = -2},
    {.bitmap_index = 17543, .adv_w = 256, .box_w = 16, .box_h = 15, .ofs_x = 0, .ofs_y = -2},
    {.bitmap_index = 17590, .adv_w = 256, .box_w = 16, .box_h = 14, .ofs_x = 0, .ofs_y = -1},
    {.bitmap_index = 17641, .adv_w = 256, .box_w = 16, .box_h = 16, .ofs_x = 0, .ofs_y = -2},
    {.bitmap_index = 17695, .adv_w = 256, .box_w = 16, .box_h = 16, .ofs_x = 0, .ofs_y = -2},
    {.bitmap_index = 17751, .adv_w = 256, .box_w = 16, .box_h = 15, .ofs_x = 0, .ofs_y = -1},
    {.bitmap_index = 17801, .adv_w = 256, .box_w = 16, .box_h = 15, .ofs_x = 0, .ofs_y = -2},
    {.bitmap_index = 17849, .adv_w = 256, .box_w = 16, .box_h = 16, .ofs_x = 0, .ofs_y = -2},
    {.bitmap_index = 17901, .adv_w = 256, .box_w = 16, .box_h = 14, .ofs_x = 0, .ofs_y = -1},
    {.bitmap_index = 17951, .adv_w = 256, .box_w = 16, .box_h = 14, .ofs_x = 0, .ofs_y = -1},
    {.bitmap_index = 17988, .adv_w = 256, .box_w = 16, .box_h = 16, .ofs_x = 0, .ofs_y = -2},
    {.bitmap_index = 18045, .adv_w = 256, .box_w = 14, .box_h = 15, .ofs_x = 0, .ofs_y = -2},
    {.bitmap_index = 18088, .adv_w = 256, .box_w = 14, .box_h = 14, .ofs_x = 1, .ofs_y = -1},
    {.bitmap_index = 18125, .adv_w = 256, .box_w = 16, .box_h = 15, .ofs_x = 0, .ofs_y = -2},
    {.bitmap_index = 18176, .adv_w = 256, .box_w = 14, .box_h = 15, .ofs_x = 1, .ofs_y = -1},
    {.bitmap_index = 18224, .adv_w = 256, .box_w = 16, .box_h = 15, .ofs_x = 0, .ofs_y = -1},
    {.bitmap_index = 18279, .adv_w = 256, .box_w = 16, .box_h = 16, .ofs_x = 0, .ofs_y = -2},
    {.bitmap_index = 18339, .adv_w = 256, .box_w = 16, .box_h = 16, .ofs_x = 0, .ofs_y = -2},
    {.bitmap_index = 18400, .adv_w = 256, .box_w = 14, .box_h = 16, .ofs_x = 1, .ofs_y = -2},
    {.bitmap_index = 18451, .adv_w = 256, .box_w = 16, .box_h = 15, .ofs_x = 0, .ofs_y = -1},
    {.bitmap_index = 18496, .adv_w = 256, .box_w = 12, .box_h = 14, .ofs_x = 2, .ofs_y = -1},
    {.bitmap_index = 18520, .adv_w = 256, .box_w = 16, .box_h = 15, .ofs_x = 0, .ofs_y = -1},
    {.bitmap_index = 18563, .adv_w = 256, .box_w = 15, .box_h = 15, .ofs_x = 0, .ofs_y = -2},
    {.bitmap_index = 18610, .adv_w = 256, .box_w = 16, .box_h = 15, .ofs_x = 0, .ofs_y = -1},
    {.bitmap_index = 18661, .adv_w = 256, .box_w = 15, .box_h = 15, .ofs_x = 1, .ofs_y = -2},
    {.bitmap_index = 18707, .adv_w = 256, .box_w = 14, .box_h = 15, .ofs_x = 1, .ofs_y = -1},
    {.bitmap_index = 18757, .adv_w = 256, .box_w = 15, .box_h = 16, .ofs_x = 0, .ofs_y = -2},
    {.bitmap_index = 18808, .adv_w = 256, .box_w = 16, .box_h = 16, .ofs_x = 0, .ofs_y = -2},
    {.bitmap_index = 18864, .adv_w = 256, .box_w = 16, .box_h = 14, .ofs_x = 0, .ofs_y = -1},
    {.bitmap_index = 18917, .adv_w = 256, .box_w = 15, .box_h = 16, .ofs_x = 0, .ofs_y = -2},
    {.bitmap_index = 18975, .adv_w = 256, .box_w = 16, .box_h = 16, .ofs_x = 0, .ofs_y = -2},
    {.bitmap_index = 19032, .adv_w = 256, .box_w = 16, .box_h = 15, .ofs_x = 0, .ofs_y = -1},
    {.bitmap_index = 19089, .adv_w = 256, .box_w = 16, .box_h = 16, .ofs_x = 0, .ofs_y = -2},
    {.bitmap_index = 19149, .adv_w = 256, .box_w = 16, .box_h = 14, .ofs_x = 0, .ofs_y = -1},
    {.bitmap_index = 19190, .adv_w = 256, .box_w = 16, .box_h = 14, .ofs_x = 0, .ofs_y = -1},
    {.bitmap_index = 19245, .adv_w = 256, .box_w = 16, .box_h = 14, .ofs_x = 0, .ofs_y = -1},
    {.bitmap_index = 19296, .adv_w = 256, .box_w = 16, .box_h = 15, .ofs_x = 0, .ofs_y = -1},
    {.bitmap_index = 19351, .adv_w = 256, .box_w = 16, .box_h = 16, .ofs_x = 0, .ofs_y = -2},
    {.bitmap_index = 19411, .adv_w = 256, .box_w = 16, .box_h = 14, .ofs_x = 0, .ofs_y = -1},
    {.bitmap_index = 19460, .adv_w = 256, .box_w = 16, .box_h = 15, .ofs_x = 0, .ofs_y = -1},
    {.bitmap_index = 19519, .adv_w = 256, .box_w = 16, .box_h = 16, .ofs_x = 0, .ofs_y = -2},
    {.bitmap_index = 19578, .adv_w = 256, .box_w = 14, .box_h = 15, .ofs_x = 1, .ofs_y = -1},
    {.bitmap_index = 19618, .adv_w = 256, .box_w = 16, .box_h = 15, .ofs_x = 0, .ofs_y = -1},
    {.bitmap_index = 19665, .adv_w = 256, .box_w = 16, .box_h = 15, .ofs_x = 0, .ofs_y = -2},
    {.bitmap_index = 19718, .adv_w = 256, .box_w = 16, .box_h = 16, .ofs_x = 0, .ofs_y = -2},
    {.bitmap_index = 19776, .adv_w = 256, .box_w = 16, .box_h = 16, .ofs_x = 0, .ofs_y = -2},
    {.bitmap_index = 19835, .adv_w = 256, .box_w = 16, .box_h = 15, .ofs_x = 0, .ofs_y = -1},
    {.bitmap_index = 19887, .adv_w = 256, .box_w = 15, .box_h = 15, .ofs_x = 0, .ofs_y = -1},
    {.bitmap_index = 19934, .adv_w = 256, .box_w = 16, .box_h = 15, .ofs_x = 0, .ofs_y = -1},
    {.bitmap_index = 19982, .adv_w = 256, .box_w = 16, .box_h = 15, .ofs_x = 0, .ofs_y = -1},
    {.bitmap_index = 20035, .adv_w = 256, .box_w = 16, .box_h = 16, .ofs_x = 0, .ofs_y = -2},
    {.bitmap_index = 20100, .adv_w = 256, .box_w = 16, .box_h = 15, .ofs_x = 0, .ofs_y = -2},
    {.bitmap_index = 20157, .adv_w = 256, .box_w = 15, .box_h = 15, .ofs_x = 1, .ofs_y = -1},
    {.bitmap_index = 20210, .adv_w = 256, .box_w = 14, .box_h = 14, .ofs_x = 1, .ofs_y = -1},
    {.bitmap_index = 20257, .adv_w = 256, .box_w = 16, .box_h = 16, .ofs_x = 0, .ofs_y = -2},
    {.bitmap_index = 20319, .adv_w = 256, .box_w = 16, .box_h = 15, .ofs_x = 0, .ofs_y = -2},
    {.bitmap_index = 20379, .adv_w = 256, .box_w = 15, .box_h = 16, .ofs_x = 0, .ofs_y = -2},
    {.bitmap_index = 20435, .adv_w = 256, .box_w = 16, .box_h = 16, .ofs_x = 0, .ofs_y = -2},
    {.bitmap_index = 20499, .adv_w = 256, .box_w = 16, .box_h = 15, .ofs_x = 0, .ofs_y = -1},
    {.bitmap_index = 20555, .adv_w = 256, .box_w = 16, .box_h = 15, .ofs_x = 0, .ofs_y = -1},
    {.bitmap_index = 20615, .adv_w = 256, .box_w = 16, .box_h = 15, .ofs_x = 0, .ofs_y = -1},
    {.bitmap_index = 20676, .adv_w = 256, .box_w = 16, .box_h = 16, .ofs_x = 0, .ofs_y = -2},
    {.bitmap_index = 20737, .adv_w = 256, .box_w = 16, .box_h = 16, .ofs_x = 0, .ofs_y = -2},
    {.bitmap_index = 20803, .adv_w = 256, .box_w = 15, .box_h = 16, .ofs_x = 0, .ofs_y = -2},
    {.bitmap_index = 20860, .adv_w = 256, .box_w = 16, .box_h = 16, .ofs_x = 0, .ofs_y = -2},
    {.bitmap_index = 20923, .adv_w = 256, .box_w = 16, .box_h = 14, .ofs_x = 0, .ofs_y = -1},
    {.bitmap_index = 20971, .adv_w = 256, .box_w = 16, .box_h = 15, .ofs_x = 0, .ofs_y = -1},
    {.bitmap_index = 21031, .adv_w = 256, .box_w = 16, .box_h = 14, .ofs_x = 0, .ofs_y = -1},
    {.bitmap_index = 21078, .adv_w = 256, .box_w = 16, .box_h = 14, .ofs_x = 0, .ofs_y = -1},
    {.bitmap_index = 21130, .adv_w = 256, .box_w = 15, .box_h = 15, .ofs_x = 1, .ofs_y = -1},
    {.bitmap_index = 21183, .adv_w = 256, .box_w = 12, .box_h = 15, .ofs_x = 2, .ofs_y = -1},
    {.bitmap_index = 21216, .adv_w = 256, .box_w = 16, .box_h = 14, .ofs_x = 0, .ofs_y = -1},
    {.bitmap_index = 21260, .adv_w = 256, .box_w = 16, .box_h = 17, .ofs_x = 0, .ofs_y = -2},
    {.bitmap_index = 21319, .adv_w = 256, .box_w = 16, .box_h = 15, .ofs_x = 0, .ofs_y = -1},
    {.bitmap_index = 21374, .adv_w = 256, .box_w = 16, .box_h = 16, .ofs_x = 0, .ofs_y = -2},
    {.bitmap_index = 21430, .adv_w = 256, .box_w = 16, .box_h = 15, .ofs_x = 0, .ofs_y = -1},
    {.bitmap_index = 21474, .adv_w = 256, .box_w = 15, .box_h = 14, .ofs_x = 0, .ofs_y = -1},
    {.bitmap_index = 21518, .adv_w = 256, .box_w = 16, .box_h = 14, .ofs_x = 0, .ofs_y = -1},
    {.bitmap_index = 21568, .adv_w = 256, .box_w = 16, .box_h = 15, .ofs_x = 0, .ofs_y = -2},
    {.bitmap_index = 21625, .adv_w = 256, .box_w = 16, .box_h = 14, .ofs_x = 0, .ofs_y = -1},
    {.bitmap_index = 21679, .adv_w = 256, .box_w = 16, .box_h = 14, .ofs_x = 0, .ofs_y = -1},
    {.bitmap_index = 21731, .adv_w = 256, .box_w = 16, .box_h = 14, .ofs_x = 0, .ofs_y = -1},
    {.bitmap_index = 21786, .adv_w = 256, .box_w = 16, .box_h = 15, .ofs_x = 0, .ofs_y = -2},
    {.bitmap_index = 21845, .adv_w = 256, .box_w = 15, .box_h = 15, .ofs_x = 0, .ofs_y = -2},
    {.bitmap_index = 21896, .adv_w = 256, .box_w = 15, .box_h = 15, .ofs_x = 0, .ofs_y = -2},
    {.bitmap_index = 21947, .adv_w = 256, .box_w = 16, .box_h = 15, .ofs_x = 0, .ofs_y = -2},
    {.bitmap_index = 22006, .adv_w = 256, .box_w = 15, .box_h = 15, .ofs_x = 0, .ofs_y = -2},
    {.bitmap_index = 22060, .adv_w = 256, .box_w = 16, .box_h = 16, .ofs_x = 0, .ofs_y = -2},
    {.bitmap_index = 22106, .adv_w = 256, .box_w = 16, .box_h = 15, .ofs_x = 0, .ofs_y = -1},
    {.bitmap_index = 22162, .adv_w = 256, .box_w = 16, .box_h = 15, .ofs_x = 0, .ofs_y = -2},
    {.bitmap_index = 22216, .adv_w = 256, .box_w = 16, .box_h = 14, .ofs_x = 0, .ofs_y = -1},
    {.bitmap_index = 22269, .adv_w = 256, .box_w = 16, .box_h = 15, .ofs_x = 0, .ofs_y = -2},
    {.bitmap_index = 22328, .adv_w = 256, .box_w = 16, .box_h = 15, .ofs_x = 0, .ofs_y = -2},
    {.bitmap_index = 22384, .adv_w = 256, .box_w = 16, .box_h = 16, .ofs_x = 0, .ofs_y = -2},
    {.bitmap_index = 22444, .adv_w = 256, .box_w = 15, .box_h = 14, .ofs_x = 0, .ofs_y = -1},
    {.bitmap_index = 22483, .adv_w = 256, .box_w = 16, .box_h = 15, .ofs_x = 0, .ofs_y = -2},
    {.bitmap_index = 22537, .adv_w = 256, .box_w = 16, .box_h = 15, .ofs_x = 0, .ofs_y = -2},
    {.bitmap_index = 22595, .adv_w = 256, .box_w = 16, .box_h = 15, .ofs_x = 0, .ofs_y = -2},
    {.bitmap_index = 22639, .adv_w = 256, .box_w = 16, .box_h = 16, .ofs_x = 0, .ofs_y = -2},
    {.bitmap_index = 22695, .adv_w = 256, .box_w = 16, .box_h = 16, .ofs_x = 0, .ofs_y = -2},
    {.bitmap_index = 22754, .adv_w = 256, .box_w = 14, .box_h = 16, .ofs_x = 1, .ofs_y = -2},
    {.bitmap_index = 22801, .adv_w = 256, .box_w = 16, .box_h = 16, .ofs_x = 0, .ofs_y = -2},
    {.bitmap_index = 22864, .adv_w = 256, .box_w = 16, .box_h = 15, .ofs_x = 0, .ofs_y = -1},
    {.bitmap_index = 22906, .adv_w = 256, .box_w = 16, .box_h = 16, .ofs_x = 0, .ofs_y = -2},
    {.bitmap_index = 22953, .adv_w = 256, .box_w = 15, .box_h = 15, .ofs_x = 1, .ofs_y = -1},
    {.bitmap_index = 22993, .adv_w = 256, .box_w = 16, .box_h = 16, .ofs_x = 0, .ofs_y = -2},
    {.bitmap_index = 23045, .adv_w = 256, .box_w = 16, .box_h = 15, .ofs_x = 0, .ofs_y = -1},
    {.bitmap_index = 23095, .adv_w = 256, .box_w = 16, .box_h = 16, .ofs_x = 0, .ofs_y = -2},
    {.bitmap_index = 23153, .adv_w = 256, .box_w = 16, .box_h = 15, .ofs_x = 0, .ofs_y = -1},
    {.bitmap_index = 23202, .adv_w = 256, .box_w = 16, .box_h = 16, .ofs_x = 0, .ofs_y = -1},
    {.bitmap_index = 23251, .adv_w = 256, .box_w = 15, .box_h = 15, .ofs_x = 0, .ofs_y = -1},
    {.bitmap_index = 23301, .adv_w = 256, .box_w = 16, .box_h = 15, .ofs_x = 0, .ofs_y = -1},
    {.bitmap_index = 23355, .adv_w = 256, .box_w = 16, .box_h = 15, .ofs_x = 0, .ofs_y = -1},
    {.bitmap_index = 23413, .adv_w = 256, .box_w = 16, .box_h = 15, .ofs_x = 0, .ofs_y = -1},
    {.bitmap_index = 23466, .adv_w = 256, .box_w = 16, .box_h = 16, .ofs_x = 0, .ofs_y = -2},
    {.bitmap_index = 23527, .adv_w = 256, .box_w = 15, .box_h = 16, .ofs_x = 0, .ofs_y = -2},
    {.bitmap_index = 23584, .adv_w = 256, .box_w = 16, .box_h = 15, .ofs_x = 0, .ofs_y = -1},
    {.bitmap_index = 23635, .adv_w = 256, .box_w = 16, .box_h = 16, .ofs_x = 0, .ofs_y = -2},
    {.bitmap_index = 23695, .adv_w = 256, .box_w = 16, .box_h = 15, .ofs_x = 0, .ofs_y = -1},
    {.bitmap_index = 23752, .adv_w = 256, .box_w = 16, .box_h = 15, .ofs_x = 0, .ofs_y = -2},
    {.bitmap_index = 23809, .adv_w = 256, .box_w = 16, .box_h = 14, .ofs_x = 0, .ofs_y = -1},
    {.bitmap_index = 23848, .adv_w = 256, .box_w = 15, .box_h = 16, .ofs_x = 1, .ofs_y = -2},
    {.bitmap_index = 23888, .adv_w = 256, .box_w = 16, .box_h = 15, .ofs_x = 0, .ofs_y = -2},
    {.bitmap_index = 23938, .adv_w = 256, .box_w = 16, .box_h = 15, .ofs_x = 0, .ofs_y = -1},
    {.bitmap_index = 23987, .adv_w = 256, .box_w = 16, .box_h = 16, .ofs_x = 0, .ofs_y = -2},
    {.bitmap_index = 24044, .adv_w = 256, .box_w = 16, .box_h = 14, .ofs_x = 0, .ofs_y = -1},
    {.bitmap_index = 24088, .adv_w = 256, .box_w = 15, .box_h = 15, .ofs_x = 0, .ofs_y = -1},
    {.bitmap_index = 24131, .adv_w = 256, .box_w = 16, .box_h = 15, .ofs_x = 0, .ofs_y = -1},
    {.bitmap_index = 24184, .adv_w = 256, .box_w = 16, .box_h = 15, .ofs_x = 0, .ofs_y = -2},
    {.bitmap_index = 24237, .adv_w = 256, .box_w = 16, .box_h = 15, .ofs_x = 0, .ofs_y = -1},
    {.bitmap_index = 24286, .adv_w = 256, .box_w = 16, .box_h = 14, .ofs_x = 0, .ofs_y = -1},
    {.bitmap_index = 24336, .adv_w = 256, .box_w = 16, .box_h = 15, .ofs_x = 0, .ofs_y = -2},
    {.bitmap_index = 24393, .adv_w = 256, .box_w = 15, .box_h = 16, .ofs_x = 0, .ofs_y = -2},
    {.bitmap_index = 24446, .adv_w = 256, .box_w = 15, .box_h = 16, .ofs_x = 0, .ofs_y = -2},
    {.bitmap_index = 24500, .adv_w = 256, .box_w = 16, .box_h = 15, .ofs_x = 0, .ofs_y = -1},
    {.bitmap_index = 24553, .adv_w = 256, .box_w = 16, .box_h = 15, .ofs_x = 0, .ofs_y = -2},
    {.bitmap_index = 24604, .adv_w = 256, .box_w = 16, .box_h = 15, .ofs_x = 0, .ofs_y = -2},
    {.bitmap_index = 24659, .adv_w = 256, .box_w = 16, .box_h = 15, .ofs_x = 0, .ofs_y = -2},
    {.bitmap_index = 24699, .adv_w = 256, .box_w = 16, .box_h = 15, .ofs_x = 0, .ofs_y = -1},
    {.bitmap_index = 24752, .adv_w = 256, .box_w = 16, .box_h = 15, .ofs_x = 0, .ofs_y = -1},
    {.bitmap_index = 24811, .adv_w = 256, .box_w = 16, .box_h = 15, .ofs_x = 0, .ofs_y = -2},
    {.bitmap_index = 24870, .adv_w = 256, .box_w = 16, .box_h = 16, .ofs_x = 0, .ofs_y = -2},
    {.bitmap_index = 24932, .adv_w = 256, .box_w = 16, .box_h = 16, .ofs_x = 0, .ofs_y = -2},
    {.bitmap_index = 24994, .adv_w = 256, .box_w = 16, .box_h = 16, .ofs_x = 0, .ofs_y = -2},
    {.bitmap_index = 25055, .adv_w = 256, .box_w = 16, .box_h = 16, .ofs_x = 0, .ofs_y = -2},
    {.bitmap_index = 25113, .adv_w = 256, .box_w = 16, .box_h = 16, .ofs_x = 0, .ofs_y = -2},
    {.bitmap_index = 25174, .adv_w = 256, .box_w = 16, .box_h = 15, .ofs_x = 0, .ofs_y = -1},
    {.bitmap_index = 25226, .adv_w = 256, .box_w = 16, .box_h = 15, .ofs_x = 0, .ofs_y = -2},
    {.bitmap_index = 25279, .adv_w = 256, .box_w = 16, .box_h = 16, .ofs_x = 0, .ofs_y = -2},
    {.bitmap_index = 25332, .adv_w = 256, .box_w = 16, .box_h = 15, .ofs_x = 0, .ofs_y = -2},
    {.bitmap_index = 25385, .adv_w = 256, .box_w = 16, .box_h = 16, .ofs_x = 0, .ofs_y = -2},
    {.bitmap_index = 25441, .adv_w = 256, .box_w = 16, .box_h = 16, .ofs_x = 0, .ofs_y = -2},
    {.bitmap_index = 25498, .adv_w = 256, .box_w = 16, .box_h = 16, .ofs_x = 0, .ofs_y = -2},
    {.bitmap_index = 25545, .adv_w = 256, .box_w = 16, .box_h = 16, .ofs_x = 0, .ofs_y = -2},
    {.bitmap_index = 25598, .adv_w = 256, .box_w = 16, .box_h = 15, .ofs_x = 0, .ofs_y = -2},
    {.bitmap_index = 25654, .adv_w = 256, .box_w = 16, .box_h = 16, .ofs_x = 0, .ofs_y = -2},
    {.bitmap_index = 25714, .adv_w = 256, .box_w = 16, .box_h = 16, .ofs_x = 0, .ofs_y = -2},
    {.bitmap_index = 25765, .adv_w = 256, .box_w = 16, .box_h = 16, .ofs_x = 0, .ofs_y = -2},
    {.bitmap_index = 25823, .adv_w = 256, .box_w = 16, .box_h = 15, .ofs_x = 0, .ofs_y = -2},
    {.bitmap_index = 25878, .adv_w = 256, .box_w = 16, .box_h = 16, .ofs_x = 0, .ofs_y = -2},
    {.bitmap_index = 25935, .adv_w = 256, .box_w = 16, .box_h = 16, .ofs_x = 0, .ofs_y = -2},
    {.bitmap_index = 25993, .adv_w = 256, .box_w = 16, .box_h = 16, .ofs_x = 0, .ofs_y = -2},
    {.bitmap_index = 26047, .adv_w = 256, .box_w = 16, .box_h = 16, .ofs_x = 0, .ofs_y = -2},
    {.bitmap_index = 26099, .adv_w = 256, .box_w = 16, .box_h = 16, .ofs_x = 0, .ofs_y = -2},
    {.bitmap_index = 26161, .adv_w = 256, .box_w = 16, .box_h = 16, .ofs_x = 0, .ofs_y = -2},
    {.bitmap_index = 26219, .adv_w = 256, .box_w = 16, .box_h = 16, .ofs_x = 0, .ofs_y = -2},
    {.bitmap_index = 26280, .adv_w = 256, .box_w = 16, .box_h = 16, .ofs_x = 0, .ofs_y = -2},
    {.bitmap_index = 26338, .adv_w = 256, .box_w = 16, .box_h = 15, .ofs_x = 0, .ofs_y = -1},
    {.bitmap_index = 26394, .adv_w = 256, .box_w = 16, .box_h = 16, .ofs_x = 0, .ofs_y = -2},
    {.bitmap_index = 26452, .adv_w = 256, .box_w = 16, .box_h = 16, .ofs_x = 0, .ofs_y = -2},
    {.bitmap_index = 26502, .adv_w = 256, .box_w = 16, .box_h = 15, .ofs_x = 0, .ofs_y = -1},
    {.bitmap_index = 26556, .adv_w = 256, .box_w = 16, .box_h = 15, .ofs_x = 0, .ofs_y = -1},
    {.bitmap_index = 26608, .adv_w = 256, .box_w = 16, .box_h = 14, .ofs_x = 0, .ofs_y = -1},
    {.bitmap_index = 26653, .adv_w = 256, .box_w = 16, .box_h = 15, .ofs_x = 0, .ofs_y = -1},
    {.bitmap_index = 26709, .adv_w = 256, .box_w = 16, .box_h = 15, .ofs_x = 0, .ofs_y = -1},
    {.bitmap_index = 26769, .adv_w = 256, .box_w = 16, .box_h = 15, .ofs_x = 0, .ofs_y = -1},
    {.bitmap_index = 26824, .adv_w = 256, .box_w = 16, .box_h = 16, .ofs_x = 0, .ofs_y = -2},
    {.bitmap_index = 26888, .adv_w = 256, .box_w = 16, .box_h = 15, .ofs_x = 0, .ofs_y = -1},
    {.bitmap_index = 26949, .adv_w = 256, .box_w = 15, .box_h = 15, .ofs_x = 0, .ofs_y = -1},
    {.bitmap_index = 26995, .adv_w = 256, .box_w = 16, .box_h = 16, .ofs_x = 0, .ofs_y = -2},
    {.bitmap_index = 27051, .adv_w = 256, .box_w = 16, .box_h = 16, .ofs_x = 0, .ofs_y = -2},
    {.bitmap_index = 27114, .adv_w = 256, .box_w = 16, .box_h = 15, .ofs_x = 0, .ofs_y = -2},
    {.bitmap_index = 27165, .adv_w = 256, .box_w = 14, .box_h = 15, .ofs_x = 1, .ofs_y = -2},
    {.bitmap_index = 27211, .adv_w = 256, .box_w = 14, .box_h = 15, .ofs_x = 1, .ofs_y = -2},
    {.bitmap_index = 27258, .adv_w = 256, .box_w = 14, .box_h = 15, .ofs_x = 1, .ofs_y = -2},
    {.bitmap_index = 27306, .adv_w = 256, .box_w = 14, .box_h = 15, .ofs_x = 1, .ofs_y = -2},
    {.bitmap_index = 27350, .adv_w = 256, .box_w = 14, .box_h = 14, .ofs_x = 1, .ofs_y = -1},
    {.bitmap_index = 27397, .adv_w = 256, .box_w = 14, .box_h = 15, .ofs_x = 1, .ofs_y = -1},
    {.bitmap_index = 27439, .adv_w = 256, .box_w = 14, .box_h = 16, .ofs_x = 1, .ofs_y = -2},
    {.bitmap_index = 27483, .adv_w = 256, .box_w = 14, .box_h = 15, .ofs_x = 1, .ofs_y = -1},
    {.bitmap_index = 27517, .adv_w = 256, .box_w = 15, .box_h = 16, .ofs_x = 1, .ofs_y = -2},
    {.bitmap_index = 27570, .adv_w = 256, .box_w = 15, .box_h = 15, .ofs_x = 1, .ofs_y = -1},
    {.bitmap_index = 27622, .adv_w = 256, .box_w = 15, .box_h = 16, .ofs_x = 1, .ofs_y = -2},
    {.bitmap_index = 27675, .adv_w = 256, .box_w = 15, .box_h = 16, .ofs_x = 1, .ofs_y = -2},
    {.bitmap_index = 27732, .adv_w = 256, .box_w = 15, .box_h = 16, .ofs_x = 1, .ofs_y = -2},
    {.bitmap_index = 27788, .adv_w = 256, .box_w = 15, .box_h = 16, .ofs_x = 1, .ofs_y = -2},
    {.bitmap_index = 27845, .adv_w = 256, .box_w = 14, .box_h = 16, .ofs_x = 1, .ofs_y = -2},
    {.bitmap_index = 27899, .adv_w = 256, .box_w = 15, .box_h = 14, .ofs_x = 1, .ofs_y = -1},
    {.bitmap_index = 27947, .adv_w = 256, .box_w = 14, .box_h = 15, .ofs_x = 1, .ofs_y = -2},
    {.bitmap_index = 27990, .adv_w = 256, .box_w = 15, .box_h = 15, .ofs_x = 1, .ofs_y = -1},
    {.bitmap_index = 28028, .adv_w = 256, .box_w = 16, .box_h = 14, .ofs_x = 0, .ofs_y = -1},
    {.bitmap_index = 28072, .adv_w = 256, .box_w = 15, .box_h = 16, .ofs_x = 0, .ofs_y = -1},
    {.bitmap_index = 28126, .adv_w = 256, .box_w = 16, .box_h = 15, .ofs_x = 0, .ofs_y = -1},
    {.bitmap_index = 28184, .adv_w = 256, .box_w = 16, .box_h = 16, .ofs_x = 0, .ofs_y = -2},
    {.bitmap_index = 28244, .adv_w = 256, .box_w = 16, .box_h = 15, .ofs_x = 0, .ofs_y = -1},
    {.bitmap_index = 28288, .adv_w = 256, .box_w = 16, .box_h = 15, .ofs_x = 0, .ofs_y = -2},
    {.bitmap_index = 28341, .adv_w = 256, .box_w = 16, .box_h = 15, .ofs_x = 0, .ofs_y = -2},
    {.bitmap_index = 28392, .adv_w = 256, .box_w = 16, .box_h = 16, .ofs_x = 0, .ofs_y = -2},
    {.bitmap_index = 28451, .adv_w = 256, .box_w = 16, .box_h = 15, .ofs_x = 0, .ofs_y = -2},
    {.bitmap_index = 28510, .adv_w = 256, .box_w = 16, .box_h = 16, .ofs_x = 0, .ofs_y = -2},
    {.bitmap_index = 28573, .adv_w = 256, .box_w = 16, .box_h = 16, .ofs_x = 0, .ofs_y = -2},
    {.bitmap_index = 28635, .adv_w = 256, .box_w = 16, .box_h = 15, .ofs_x = 0, .ofs_y = -2},
    {.bitmap_index = 28682, .adv_w = 256, .box_w = 15, .box_h = 15, .ofs_x = 0, .ofs_y = -2},
    {.bitmap_index = 28723, .adv_w = 256, .box_w = 16, .box_h = 15, .ofs_x = 0, .ofs_y = -1},
    {.bitmap_index = 28779, .adv_w = 256, .box_w = 16, .box_h = 15, .ofs_x = 0, .ofs_y = -2},
    {.bitmap_index = 28839, .adv_w = 256, .box_w = 16, .box_h = 15, .ofs_x = 0, .ofs_y = -2},
    {.bitmap_index = 28895, .adv_w = 256, .box_w = 16, .box_h = 17, .ofs_x = 0, .ofs_y = -2},
    {.bitmap_index = 28957, .adv_w = 256, .box_w = 16, .box_h = 15, .ofs_x = 0, .ofs_y = -1},
    {.bitmap_index = 29014, .adv_w = 256, .box_w = 16, .box_h = 15, .ofs_x = 0, .ofs_y = -1},
    {.bitmap_index = 29056, .adv_w = 256, .box_w = 16, .box_h = 16, .ofs_x = 0, .ofs_y = -2},
    {.bitmap_index = 29119, .adv_w = 256, .box_w = 16, .box_h = 16, .ofs_x = 0, .ofs_y = -2},
    {.bitmap_index = 29179, .adv_w = 256, .box_w = 15, .box_h = 14, .ofs_x = 1, .ofs_y = -1},
    {.bitmap_index = 29230, .adv_w = 256, .box_w = 15, .box_h = 15, .ofs_x = 0, .ofs_y = -1},
    {.bitmap_index = 29273, .adv_w = 256, .box_w = 16, .box_h = 15, .ofs_x = 0, .ofs_y = -2},
    {.bitmap_index = 29334, .adv_w = 256, .box_w = 16, .box_h = 15, .ofs_x = 0, .ofs_y = -2}
};

/*---------------------
 *  CHARACTER MAPPING
 *--------------------*/

static const uint16_t unicode_list_0[] = {
    0x0, 0xa, 0xb, 0xd, 0x13, 0x26, 0x2a, 0x2d,
    0x3a, 0x49, 0x50, 0x86, 0x8e, 0xa4, 0xa7, 0xae,
    0xba, 0xcb, 0xcd, 0xce, 0xd8, 0xe3, 0xe5, 0xee,
    0xf6, 0xfb, 0xfd, 0x11a, 0x147, 0x14d, 0x14e, 0x153,
    0x159, 0x15c, 0x17f, 0x1c4, 0x1dd, 0x1e1, 0x1ee, 0x20b,
    0x23c, 0x25c, 0x275, 0x299, 0x2a8, 0x2be, 0x2cf, 0x332,
    0x341, 0x343, 0x348, 0x365, 0x367, 0x368, 0x36c, 0x373,
    0x376, 0x378, 0x385, 0x38d, 0x399, 0x3c6, 0x3fa, 0x3fb,
    0x406, 0x407, 0x417, 0x41b, 0x420, 0x425, 0x429, 0x42a,
    0x430, 0x436, 0x43b, 0x44a, 0x44d, 0x469, 0x472, 0x49b,
    0x4a0, 0x4a1, 0x4a8, 0x4b9, 0x4d5, 0x505, 0x516, 0x539,
    0x53a, 0x540, 0x547, 0x555, 0x561, 0x570, 0x573, 0x578,
    0x582, 0x59f, 0x5bb, 0x5c2, 0x5c9, 0x5d1, 0x5d6, 0x5e4,
    0x5ef, 0x5f7, 0x608, 0x60c, 0x60d, 0x60e, 0x617, 0x62b,
    0x62f, 0x68c, 0x6c1, 0x731, 0x75f, 0x7ae, 0x7ce, 0x868,
    0x8fa, 0x8fd, 0x8fe, 0x916, 0x927, 0x928, 0x930, 0x940,
    0x947, 0x98b, 0xa31, 0xa34, 0xa9e, 0xaeb, 0xaf0, 0xaf2,
    0xb07, 0xb0d, 0xb1a, 0xb1f, 0xb20, 0xb27, 0xb2a, 0xb31,
    0xb39, 0xb3e, 0xb57, 0xbcb, 0xc92, 0xd57, 0xd58, 0xd89,
    0xd8c, 0xd9a, 0xdb6, 0xdb9, 0xdeb, 0xdfc, 0xe01, 0xe06,
    0xe07, 0xe08, 0xe0b, 0xe0e, 0xe0f, 0xe1a, 0xe42, 0xe4f,
    0xe64, 0xfe5, 0xff2, 0x1055, 0x1073, 0x1074, 0x1076, 0x108f,
    0x1093, 0x1094, 0x1095, 0x10a6, 0x10ab, 0x10e0, 0x10fa, 0x1100,
    0x110f, 0x1115, 0x1137, 0x113a, 0x1153, 0x1155, 0x1162, 0x1169,
    0x1184, 0x118c, 0x1191, 0x119e, 0x11a9, 0x11b7, 0x11c3, 0x11c5,
    0x11d9, 0x11dc, 0x11eb, 0x1201, 0x1227, 0x123b, 0x1262, 0x126f,
    0x12c5, 0x12f3, 0x130f, 0x131b, 0x134b, 0x13b6, 0x1410, 0x1416,
    0x142a, 0x1440, 0x1453, 0x146b, 0x146c, 0x147e, 0x149e, 0x14df,
    0x14e9, 0x1502, 0x1509, 0x153f, 0x1555, 0x155f, 0x156e, 0x1583,
    0x1588, 0x1592, 0x159b, 0x15a2, 0x15a7, 0x15a8, 0x15cf, 0x15d2,
    0x15da, 0x160d, 0x1616, 0x161c, 0x1647, 0x1658, 0x16ad, 0x16c7,
    0x16cd, 0x16e6, 0x16ec, 0x16f7, 0x1736, 0x1739, 0x173e, 0x1748,
    0x1757, 0x1770, 0x1774, 0x1778, 0x1787, 0x1799, 0x17b0, 0x17bc,
    0x17e0, 0x17e5, 0x17f6, 0x1807, 0x180e, 0x1820, 0x182f, 0x183e,
    0x1842, 0x1876, 0x1897, 0x18f2, 0x18f4, 0x18f8, 0x18ff, 0x1900,
    0x1903, 0x1909, 0x191f, 0x192a, 0x192b, 0x192c, 0x192f, 0x193a,
    0x1961, 0x197f, 0x19e5, 0x1a07, 0x1a0f, 0x1a37, 0x1a38, 0x1a39,
    0x1a3c, 0x1a48, 0x1a9d, 0x1ac0, 0x1b1c, 0x1b7d, 0x1b82, 0x1bfd,
    0x1c02, 0x1c19, 0x1c21, 0x1c23, 0x1c5f, 0x1c94, 0x1ca2, 0x1d04,
    0x1d0a, 0x1d21, 0x1d3e, 0x1d4c, 0x1d62, 0x1d63, 0x1d64, 0x1d8b,
    0x1db5, 0x1dcf, 0x1dd4, 0x1e17, 0x1e92, 0x1ea1, 0x1ed5, 0x1f3b,
    0x1f3e, 0x1f41, 0x1f45, 0x1f4b, 0x1f4f, 0x1f6e, 0x1f88, 0x1fe1,
    0x1ff1, 0x1ffa, 0x1ffb, 0x2005, 0x2008, 0x201b, 0x202c, 0x2090,
    0x2096, 0x20da, 0x20fe, 0x220f, 0x22b9, 0x2321, 0x2336, 0x2367,
    0x2435, 0x2447, 0x2448, 0x2459, 0x2479, 0x24b6, 0x24c0, 0x2587,
    0x25ed, 0x25fe, 0x2606, 0x271f, 0x2722, 0x2728, 0x273b, 0x274c,
    0x2759, 0x276a, 0x287a, 0x287c, 0x2884, 0x28d6, 0x28ee, 0x28f4,
    0x28f8, 0x290b, 0x2920, 0x2961, 0x29e5, 0x2a01, 0x2a6c, 0x2a6e,
    0x2a8c, 0x2aba, 0x2abc, 0x2b3a, 0x2b81, 0x2bd2, 0x2bf0, 0x2bfb,
    0x2c0d, 0x2c2e, 0x2c31, 0x2c7a, 0x2ccb, 0x2cef, 0x2d26, 0x2d2c,
    0x2d49, 0x2d80, 0x2da1, 0x2e21, 0x2e64, 0x2e7b, 0x2efb, 0x2f22,
    0x2f71, 0x2f9a, 0x2fe8, 0x302b, 0x302e, 0x303d, 0x3041, 0x30df,
    0x3113, 0x3116, 0x311d, 0x316e, 0x31a9, 0x3205, 0x3272, 0x32fd,
    0x33ea, 0x33f3, 0x33f4, 0x3407, 0x342a, 0x3472, 0x347a, 0x34af,
    0x35b7, 0x35dc, 0x3735, 0x37cf, 0x37dd, 0x385a, 0x385b, 0x385f,
    0x39a2, 0x3a4c, 0x3a61, 0x3a68, 0x3aab, 0x3ac5, 0x3add, 0x3afd,
    0x3b7f, 0x3b81, 0x3b86, 0x3b8b, 0x3b96, 0x3bbd, 0x3bc8, 0x3be3,
    0x3c00, 0x3c02, 0x3c08, 0x3c0a, 0x3c18, 0x3c2d, 0x3c31, 0x3c3c,
    0x3c5e, 0x3c66, 0x3c8d, 0x3c9e, 0x3cad, 0x3cbf, 0x3ccb, 0x3d49,
    0x3d6f, 0x3d80, 0x3da1, 0x3da2, 0x3da4, 0x3db8, 0x3dbe, 0x3dc1,
    0x3dcd, 0x3dd1, 0x3dd5, 0x3ded, 0x3df7, 0x3dfb, 0x3e03, 0x3ec7,
    0x3f25, 0x3f77, 0x3f85, 0x3fb3, 0x3fef, 0x4109, 0x412f, 0x4138,
    0x416c, 0x417d, 0x4191, 0x4193, 0x41bc, 0x41c7, 0x41d1, 0x41d8,
    0x41d9, 0x41db, 0x41fd, 0x4206, 0x4209, 0x420f, 0x4219, 0x421a,
    0x421f, 0x4232, 0x423e, 0x424e, 0x4253, 0x425e, 0x4269, 0x4278,
    0x4284, 0x42e8, 0x42fd, 0x434d, 0x43c7, 0x43cd, 0x43cf, 0x4415,
    0x4504, 0x452f, 0x4575, 0x4618, 0x469f, 0x46ae, 0x472e, 0x477f,
    0x4783, 0x4789, 0x478b, 0x4793, 0x47dc, 0x47ea, 0x47ed, 0x47f4,
    0x481f, 0x484d, 0x4850, 0x4864, 0x4890, 0x48a0, 0x48b1, 0x48fb,
    0x4900, 0x495e, 0x4962, 0x49cc, 0x49d3, 0x49e9, 0x49f3, 0x4a05,
    0x4a06, 0x4a10, 0x4a4c, 0x4a5e, 0x4a6f, 0x4a79, 0x4a7a, 0x4a84,
    0x4a91, 0x4a98, 0x4a9c, 0x4b18, 0x4b96, 0x4c57, 0x4c8c, 0x4cd4,
    0x4cd8, 0x50d8, 0x50de
};

/*Collect the unicode lists and glyph_id offsets*/
static const lv_font_fmt_txt_cmap_t cmaps[] =
{
    {
        .range_start = 19968, .range_length = 20703, .glyph_id_start = 1,
        .unicode_list = unicode_list_0, .glyph_id_ofs_list = NULL, .list_length = 579, .type = LV_FONT_FMT_TXT_CMAP_SPARSE_TINY
    }
};



/*--------------------
 *  ALL CUSTOM DATA
 *--------------------*/

#if LVGL_VERSION_MAJOR == 8
/*Store all the custom data of the font*/
static  lv_font_fmt_txt_glyph_cache_t cache;
#endif

#if LVGL_VERSION_MAJOR >= 8
static const lv_font_fmt_txt_dsc_t font_dsc = {
#else
static lv_font_fmt_txt_dsc_t font_dsc = {
#endif
    .glyph_bitmap = glyph_bitmap,
    .glyph_dsc = glyph_dsc,
    .cmaps = cmaps,
    .kern_dsc = NULL,
    .kern_scale = 0,
    .cmap_num = 1,
    .bpp = 2,
    .kern_classes = 0,
    .bitmap_format = 1,
#if LVGL_VERSION_MAJOR == 8
    .cache = &cache
#endif
};

extern const lv_font_t lv_font_montserrat_16;


/*-----------------
 *  PUBLIC FONT
 *----------------*/

/*Initialize a public general font descriptor*/
#if LVGL_VERSION_MAJOR >= 8
const lv_font_t lyra_cjk_16 = {
#else
lv_font_t lyra_cjk_16 = {
#endif
    .get_glyph_dsc = lv_font_get_glyph_dsc_fmt_txt,    /*Function pointer to get glyph's data*/
    .get_glyph_bitmap = lv_font_get_bitmap_fmt_txt,    /*Function pointer to get glyph's bitmap*/
    .line_height = 20,          /*The maximum line height required by the font*/
    .base_line = 5,             /*Baseline measured from the bottom of the line*/
#if !(LVGL_VERSION_MAJOR == 6 && LVGL_VERSION_MINOR == 0)
    .subpx = LV_FONT_SUBPX_NONE,
#endif
#if LV_VERSION_CHECK(7, 4, 0) || LVGL_VERSION_MAJOR >= 8
    .underline_position = -2,
    .underline_thickness = 1,
#endif
    .dsc = &font_dsc,          /*The custom font data. Will be accessed by `get_glyph_bitmap/dsc` */
#if LV_VERSION_CHECK(8, 2, 0) || LVGL_VERSION_MAJOR >= 9
    .fallback = &lv_font_montserrat_16,
#endif
    .user_data = NULL,
};



#endif /*#if LYRA_CJK_16*/

